0,313,1236
0,621,911
0,622,587
0,777,230
0,1998,322
1,1226,663
1,1348,302
1,1829,1625
2,234,830
2,1000,1788
2,1328,711
2,1346,1780
2,1554,1346
3,242,49
3,1331,90
3,1973,1083
4,1511,1292
4,1764,1910
5,90,1758
5,315,537
5,836,922
5,1334,430
5,1355,535
5,1604,474
6,136,386
6,670,729
6,787,1954
6,887,949
6,935,1782
7,683,1579
7,1169,727
7,1308,456
8,1086,469
9,641,504
9,925,560
9,1142,482
9,1867,945
10,519,1033
10,881,721
10,1136,915
10,1172,1221
10,1395,1071
10,1625,1080
10,1913,1409
10,1931,631
10,1975,1127
11,793,1588
11,808,238
11,1200,635
11,1245,1807
12,780,7
12,1260,942
13,344,1671
13,501,1806
13,615,454
13,1943,810
14,401,1681
14,690,1941
14,1122,765
14,1183,1070
15,292,912
15,350,767
15,1215,1214
15,1780,1604
15,1985,645
16,325,863
16,755,410
16,1159,1771
16,1252,1045
16,1367,1673
16,1424,703
16,1735,220
17,21,1866
17,461,660
17,1884,1765
18,324,732
18,741,1486
18,970,1866
19,992,279
19,1023,1659
19,1216,721
19,1377,355
19,1406,1051
19,1480,27
19,1947,686
19,1961,1621
20,151,732
20,1850,365
21,0,1071
21,201,529
21,401,905
21,513,234
21,1687,728
21,1970,1942
22,207,298
22,351,669
22,960,929
22,1188,620
23,535,1338
23,543,429
23,1311,412
23,1317,1913
23,1393,1476
24,34,1084
24,582,706
24,1380,431
24,1720,1528
25,9,669
25,239,1578
25,254,628
25,1165,1702
25,1218,1460
25,1610,1434
26,207,1460
26,500,1409
26,1364,971
26,1373,442
26,1375,182
26,1959,630
27,73,1731
27,331,1064
27,351,1343
27,476,43
27,587,227
27,1181,1837
27,1398,1130
27,1563,1700
27,1622,1979
28,536,441
28,541,1098
28,969,1609
28,1508,690
29,292,1299
29,308,1836
29,690,1680
29,1495,876
29,1942,312
30,733,1617
30,823,1339
30,1010,444
31,92,1888
31,433,1919
32,228,388
32,441,891
32,863,57
32,1273,1824
32,1801,997
32,1948,1974
33,63,605
33,414,1070
33,731,1614
33,801,967
33,1027,1778
33,1389,1730
33,1412,156
34,681,1714
34,754,678
34,963,447
34,1202,138
35,900,18
35,982,713
35,1361,1912
35,1712,1676
35,1731,531
36,1262,408
36,1385,8
36,1950,1564
37,1452,664
38,246,1348
38,903,642
38,1766,783
39,641,1046
40,843,248
40,1102,667
40,1328,1687
40,1754,1803
40,1760,920
40,1946,1479
41,128,1161
41,691,1674
41,1272,312
41,1546,1925
41,1770,1598
42,225,1692
42,1025,1033
42,1566,1376
42,1702,1387
42,1941,47
42,1978,665
43,103,1611
43,822,1177
43,1021,1712
43,1321,1980
43,1366,563
43,1643,776
44,81,506
44,287,1581
44,360,1726
44,899,1657
44,1122,803
44,1580,1683
45,1785,1642
46,600,853
46,1182,1553
47,287,244
47,618,561
47,1142,968
47,1201,1173
47,1307,1186
47,1538,1993
48,634,25
48,897,1016
48,898,984
48,1002,652
48,1111,547
48,1202,1630
48,1268,188
49,331,176
49,1999,931
50,94,501
50,813,1579
50,1788,285
51,1520,1503
51,1784,902
52,756,416
52,909,1776
52,1902,638
53,183,724
53,583,671
53,1247,1902
53,1506,381
53,1561,1253
53,1578,813
53,1863,1246
53,1912,1260
53,1974,1236
54,149,1308
54,382,407
54,1149,407
54,1660,60
56,236,1796
56,698,1486
56,987,238
56,1265,1449
56,1560,106
57,580,936
57,982,884
57,1209,92
57,1823,1631
57,1915,1036
58,71,1358
58,244,1566
58,335,1048
58,975,1355
58,1524,1668
58,1604,52
59,94,664
59,1267,459
59,1334,1318
59,1704,359
60,203,1511
60,670,283
60,1199,480
60,1298,559
60,1329,1902
60,1567,652
60,1705,1964
60,1891,356
61,66,692
61,76,1018
61,133,973
61,191,447
61,234,368
61,767,284
61,1018,417
61,1136,235
62,171,660
62,495,762
62,683,1920
62,1274,79
62,1314,905
62,1767,1470
64,267,1785
64,881,1802
64,1172,1941
65,261,1019
65,969,1910
65,1648,646
66,31,53
66,562,460
66,734,1667
66,836,1565
66,1353,1745
66,1396,1386
67,367,1902
67,702,172
67,1567,23
67,1624,1351
68,571,893
68,603,41
68,871,1087
69,553,569
69,561,1774
69,745,320
69,1321,1332
69,1710,1627
69,1948,1239
70,1318,579
71,258,137
71,1091,358
71,1363,649
71,1481,157
72,1220,228
72,1915,948
72,1943,1299
73,67,362
73,190,1573
73,395,51
73,481,1430
73,963,532
73,1178,545
73,1423,1341
74,424,449
74,525,23
74,658,1411
74,781,746
74,927,385
74,1712,813
75,385,290
75,694,114
75,1352,1889
76,352,564
76,543,1489
76,943,1347
76,1592,413
77,1355,689
77,1361,799
78,222,1221
78,293,1846
78,300,1247
78,377,1401
78,560,393
78,587,1878
78,756,59
78,887,205
78,1066,223
78,1118,410
78,1619,1317
79,1193,168
79,1260,561
79,1672,469
80,263,1177
80,931,1974
80,993,1447
80,1258,0
80,1280,962
80,1309,303
80,1509,186
80,1824,1172
80,1981,786
81,248,1777
81,594,1231
81,756,568
81,1268,167
81,1328,663
81,1397,1813
81,1889,123
82,237,495
82,338,1828
82,440,1711
82,1562,1548
83,1,106
83,445,579
83,454,1949
83,638,1881
83,781,1716
83,877,571
83,1503,144
83,1683,799
84,653,1105
84,711,1091
84,1186,1065
85,2,1664
85,213,72
85,385,1939
85,631,746
85,646,1911
85,1038,215
85,1131,1462
86,137,772
86,321,579
86,448,1553
86,589,1956
86,643,777
86,893,38
86,1488,1781
86,1525,1919
86,1736,987
86,1810,287
86,1933,395
87,402,220
87,703,1037
87,830,242
87,867,160
87,941,840
87,960,1657
87,1271,1318
88,1489,1604
89,261,392
89,841,746
89,1301,792
89,1810,1477
89,1886,474
89,1997,60
90,82,963
90,123,261
90,620,24
90,851,1049
90,875,1004
90,1227,100
90,1344,129
91,564,1246
91,1659,1455
92,60,1744
92,79,280
92,820,104
92,1051,220
92,1500,367
92,1677,35
93,19,1744
93,330,1513
93,497,1436
93,631,916
93,1238,816
93,1435,1737
93,1642,30
93,1942,1313
93,1985,1653
93,1995,111
94,966,745
94,1063,1420
94,1953,821
95,1497,147
95,1577,1797
96,37,734
96,805,611
96,1638,1091
96,1763,224
96,1979,620
97,488,859
97,608,1174
97,1690,21
97,1713,1300
97,1773,1342
97,1963,155
98,644,190
98,790,897
98,1094,57
98,1242,1998
98,1355,221
98,1412,237
98,1557,468
99,94,203
99,103,576
99,951,576
99,1581,772
99,1641,1318
99,1918,1831
100,388,596
100,749,635
100,1122,817
100,1964,1984
101,821,1265
101,1643,1011
102,514,282
102,532,776
102,1141,510
102,1323,509
102,1755,22
102,1821,1227
103,594,1936
103,1494,754
103,1880,738
103,1897,1937
104,865,1014
104,1584,1909
105,4,965
105,563,169
105,623,225
105,859,630
105,1195,983
105,1641,1908
106,280,1047
106,811,1281
106,1674,880
107,240,1055
107,318,322
107,1225,9
107,1616,1292
107,1890,1772
108,386,304
108,484,925
108,717,952
108,832,425
108,942,1267
108,952,1340
108,1000,626
108,1700,139
108,1880,1485
108,1960,1167
109,209,1366
109,753,440
109,1546,1730
109,1774,1299
110,189,1832
110,624,1073
110,709,1844
110,1076,1636
110,1320,745
110,1436,217
111,84,1735
111,173,112
111,384,1061
111,470,375
111,620,870
111,738,7
112,15,418
112,617,1250
112,1080,1702
113,53,1584
113,1023,1759
113,1523,144
113,1702,254
113,1983,837
114,448,803
114,469,1683
114,908,1305
114,914,1160
114,1304,19
114,1309,701
114,1529,282
114,1564,1941
114,1860,1365
115,409,546
115,476,1232
115,720,1039
115,1320,1399
116,228,1402
116,259,898
116,1306,215
116,1517,1619
116,1922,1216
117,173,1522
117,754,1061
117,1281,1671
117,1834,711
118,487,475
118,1144,946
119,223,1170
119,1186,1506
120,106,681
120,468,138
120,1258,1968
120,1930,1729
121,285,418
121,1546,840
122,20,228
122,281,767
122,339,1623
122,571,1750
122,728,1320
122,1069,410
122,1723,763
122,1866,715
122,1991,291
123,1265,1306
123,1269,1547
123,1911,1887
124,980,1735
124,1877,68
124,1949,1463
125,133,395
125,544,1539
125,805,1554
126,128,1011
126,1379,1409
126,1700,1599
127,482,1010
127,870,1819
127,890,1356
127,1367,242
127,1445,282
127,1917,1655
128,112,239
129,451,1963
129,535,1341
129,763,707
129,1301,1687
129,1341,100
129,1466,1589
129,1497,1416
129,1601,748
129,1707,1845
130,461,376
130,548,1828
130,691,881
130,1094,791
130,1918,1799
131,126,1253
131,692,43
131,1688,817
132,404,1848
132,926,1460
132,1126,1110
133,175,43
133,315,1171
133,820,1007
133,839,1060
133,889,1937
133,946,1241
133,1687,93
134,385,1826
134,991,59
134,1779,624
135,100,64
135,334,1758
135,362,1898
135,635,1430
135,674,1311
135,789,580
135,1150,173
135,1347,1669
135,1911,1966
135,1985,305
136,89,1710
136,375,1099
136,717,1303
136,1226,1526
137,133,178
137,555,1133
137,920,797
137,1004,1142
137,1148,1452
137,1504,154
137,1582,207
137,1987,399
138,495,892
138,686,36
138,706,493
138,988,858
138,1141,1091
138,1214,1616
138,1553,875
138,1782,91
138,1952,1077
139,24,842
139,169,1123
139,202,1678
139,286,310
139,1382,1765
140,156,318
140,193,1943
140,470,774
140,480,1292
140,699,387
140,1699,1567
140,1800,500
141,1036,1326
141,1796,952
142,93,1354
142,1007,1901
142,1727,503
142,1843,396
142,1866,1972
142,1957,353
143,14,1533
143,568,220
143,1106,462
143,1584,1426
144,319,1193
144,1289,1500
144,1603,854
144,1802,1544
144,1945,852
145,26,1905
145,1407,478
145,1449,1292
145,1655,252
146,137,519
146,545,1590
146,1112,962
146,1247,1300
146,1327,32
147,697,379
147,1529,1405
148,19,938
148,732,1900
148,765,1442
149,92,867
149,144,1170
149,195,1140
149,314,850
149,402,979
149,1410,122
149,1649,1941
149,1756,1510
149,1891,1698
150,168,548
150,791,1032
150,964,1198
150,996,1964
150,1101,436
150,1228,752
150,1636,1732
151,635,945
151,919,1224
151,921,954
151,925,353
151,1033,1478
151,1181,1289
151,1447,1408
151,1512,1885
152,362,764
152,669,320
152,1932,415
153,28,1707
153,338,896
153,1212,1162
153,1374,1305
153,1962,312
154,288,1544
154,907,1654
154,1935,1808
155,385,383
155,406,191
155,1212,1414
155,1308,928
156,308,359
156,512,1921
156,637,1236
156,668,763
156,1260,683
156,1353,1539
156,1489,154
156,1547,215
156,1873,741
157,188,522
157,504,1573
157,739,515
157,1175,281
157,1320,1769
157,1962,1419
158,485,417
158,605,1729
159,38,1586
159,153,1990
159,1170,763
159,1225,602
159,1834,1986
159,1878,1155
160,416,1867
160,870,1414
160,872,1484
160,1025,1526
160,1234,334
160,1597,114
160,1609,566
160,1808,1239
160,1994,1889
161,175,1498
161,501,157
161,808,1848
161,810,1782
161,1130,600
161,1171,783
162,38,524
162,120,1203
162,331,703
162,360,1995
162,1231,1229
162,1409,1597
162,1987,1634
163,290,1495
163,431,341
163,1139,1586
163,1247,77
163,1751,476
163,1947,1991
164,681,1129
164,800,1838
164,1685,1596
164,1727,1537
165,13,14
165,595,448
165,1338,1757
166,169,1408
166,496,332
166,845,703
166,1368,395
166,1612,1795
166,1886,215
167,684,344
167,963,39
167,969,1728
167,1076,914
167,1686,858
167,1802,1171
168,168,1630
168,226,323
168,663,460
168,671,1011
168,761,1360
168,946,1788
168,1004,48
169,709,1405
169,722,1143
169,1978,1775
170,852,1795
170,1397,846
170,1870,921
171,311,1834
171,353,908
171,548,292
171,580,1225
171,595,958
171,694,1075
171,1102,1739
172,75,1100
172,580,710
172,604,910
172,848,752
173,255,1036
173,275,1539
173,581,1055
173,962,772
173,1652,1092
173,1864,1409
174,1072,1448
175,21,960
175,237,1702
175,369,1498
175,443,919
175,608,1160
175,773,255
176,134,633
176,616,1576
176,873,802
176,1132,935
176,1159,1905
176,1366,988
176,1460,554
176,1484,480
177,565,1596
177,843,1755
177,972,516
177,1136,1733
177,1770,280
178,383,882
178,794,1139
178,1768,154
179,150,111
179,228,182
179,990,1482
179,1151,525
179,1175,1889
179,1659,1396
180,381,407
180,391,1482
180,894,1729
181,13,838
181,502,967
181,740,1482
181,1547,287
181,1682,1451
181,1947,1057
182,145,366
182,396,1885
182,628,1827
182,683,720
182,743,1862
183,216,890
183,1060,302
183,1330,33
183,1667,424
184,193,1456
184,512,663
184,1448,1875
184,1598,1443
184,1619,808
185,32,982
185,322,1653
185,445,1673
185,583,56
185,1457,1224
185,1637,1038
186,233,1446
186,1314,1114
186,1456,508
186,1686,297
186,1770,104
186,1840,1045
187,468,1969
187,1292,1390
187,1404,1266
188,715,453
188,859,135
188,1068,773
188,1168,818
188,1205,20
188,1469,1728
188,1545,737
189,668,112
189,1096,1483
189,1299,867
189,1319,1457
190,82,1051
190,191,52
190,602,453
190,692,1216
190,695,786
190,825,1055
190,987,1350
191,338,1178
191,830,776
191,1015,371
191,1604,1127
192,931,642
192,931,777
193,77,942
193,125,1279
193,379,1030
193,465,1996
193,951,1353
194,2,437
194,240,1979
195,277,1971
195,886,1355
195,945,1967
195,1035,273
195,1219,1315
195,1267,741
195,1507,1204
195,1832,1081
196,238,1528
196,423,1130
196,728,1995
196,1264,1540
196,1704,752
197,978,1009
197,1071,1349
197,1362,217
198,52,423
198,432,1069
198,453,460
198,506,418
198,675,1314
198,735,1735
198,1547,80
198,1786,1399
198,1850,1285
199,1284,1170
199,1555,1349
199,1566,1908
199,1648,30
199,1683,595
199,1683,911
199,1756,1114
200,100,1328
200,103,1335
200,485,1510
200,772,1984
200,865,1410
200,871,274
200,895,475
200,926,1014
200,1075,212
200,1655,1000
201,124,824
201,404,1486
201,1376,1701
201,1428,1110
201,1991,1779
202,65,1169
202,556,1765
202,598,1885
202,1707,1002
203,711,583
203,1109,344
203,1404,752
203,1454,1640
203,1940,1562
204,181,1031
204,583,1268
204,623,1646
204,726,738
204,773,786
204,964,1126
204,1414,1382
204,1665,357
204,1951,359
205,362,602
205,846,676
205,908,340
205,1393,339
205,1483,1078
205,1790,1730
205,1894,216
206,241,1021
206,564,463
206,882,378
206,1216,68
206,1625,851
207,605,766
207,882,1007
207,1697,981
208,1387,114
208,1427,1582
208,1518,1894
208,1637,1785
208,1646,1625
208,1686,1151
209,15,1047
209,189,778
209,1070,334
209,1385,1516
209,1507,1699
210,59,458
210,163,671
210,602,43
210,724,1597
210,785,1030
210,1402,614
210,1456,1732
210,1787,25
210,1831,1175
211,181,1498
211,1066,1569
211,1157,1834
211,1441,1983
212,537,1265
212,970,50
212,1016,1535
212,1178,8
212,1291,1663
212,1401,478
212,1580,1191
212,1653,1049
212,1730,1958
213,159,742
213,1382,1132
214,151,700
214,930,1794
214,1653,1692
214,1756,329
215,1603,1895
216,336,920
216,498,892
216,785,110
216,887,1967
216,1569,1307
216,1872,266
217,462,1311
217,857,970
217,952,1651
217,1019,406
217,1110,1507
217,1247,433
217,1479,1527
217,1714,662
217,1893,474
218,51,780
218,112,1923
218,133,433
218,152,497
218,269,378
218,541,325
218,809,18
218,1144,148
218,1291,1410
218,1687,303
218,1825,976
219,6,489
219,10,716
219,277,623
219,520,1251
219,667,1138
219,682,1217
219,699,422
219,950,853
219,994,392
219,1525,225
219,1811,0
219,1901,686
220,39,599
220,547,1215
220,714,1398
220,862,872
220,919,258
220,1014,295
220,1479,92
220,1623,43
220,1670,669
221,250,513
221,975,895
221,986,130
221,1004,1458
221,1475,2
221,1878,1965
221,1977,560
222,294,1107
222,890,469
222,898,1344
222,1104,598
222,1403,1667
222,1558,244
223,158,1038
223,754,494
223,853,365
223,925,1031
223,1133,794
223,1778,1303
224,1610,332
225,667,466
225,922,1161
225,1941,1982
226,98,1939
226,1168,592
226,1304,932
226,1804,588
227,624,921
227,784,748
227,966,275
227,1589,590
227,1733,1077
227,1996,216
228,198,1370
228,601,890
228,1236,357
228,1474,1815
228,1549,1936
229,126,1697
229,766,1607
229,1169,1504
229,1671,32
230,85,793
230,493,1023
230,677,332
230,1375,847
230,1972,1804
230,1983,974
231,483,1296
231,719,980
231,1172,233
231,1183,875
232,194,1996
232,945,1939
232,986,1382
232,1329,979
232,1359,1936
232,1527,130
232,1622,1986
233,537,1373
233,820,819
233,854,943
233,1264,464
233,1404,682
234,236,325
234,400,1753
234,691,347
234,1212,1220
234,1369,708
234,1396,1812
235,46,1739
235,108,1833
235,959,1972
235,1627,1872
235,1736,1055
235,1840,444
236,631,1607
236,788,580
236,896,241
236,987,1357
236,1058,1348
236,1822,219
237,207,336
237,1146,81
237,1236,1652
238,169,249
238,286,92
238,905,170
238,1393,420
238,1625,392
238,1983,724
239,84,648
239,374,764
239,630,50
240,370,1765
240,493,1147
240,1326,1704
240,1529,1544
240,1865,893
240,1970,1424
240,1998,702
241,291,1847
241,488,625
241,699,954
241,936,1564
241,1064,14
241,1422,435
241,1510,1736
241,1525,572
242,146,737
242,455,263
242,738,1890
243,689,1837
243,1018,1526
243,1531,470
244,25,1449
244,293,808
244,1028,1378
244,1332,584
245,15,1018
245,910,1820
245,1586,145
245,1755,459
245,1776,1394
246,84,1201
246,270,821
246,515,1727
246,574,1316
246,611,1005
246,1127,1459
246,1155,797
246,1653,1913
246,1882,1303
246,1944,1550
247,106,414
247,424,380
247,507,460
247,560,289
247,756,1170
247,1097,733
247,1150,458
248,59,1993
248,411,1622
248,1516,1197
248,1885,51
249,115,1442
249,333,1549
249,614,828
249,807,765
249,1226,265
249,1422,1760
249,1995,1573
250,19,652
250,547,920
250,841,724
250,1121,714
250,1344,157
250,1943,1736
251,219,290
251,277,1746
251,762,1484
251,1737,413
251,1779,1086
252,359,1078
252,750,1456
252,885,299
252,1362,278
252,1486,1514
252,1779,755
252,1809,897
253,107,1777
253,715,191
253,931,754
253,1120,517
253,1439,1559
253,1884,1232
254,212,298
254,632,484
254,788,1909
254,1094,1518
254,1339,1363
254,1979,771
255,175,1995
255,190,1985
255,195,504
255,919,610
255,1088,225
255,1108,1521
255,1432,1022
256,429,266
256,880,1436
256,1490,480
256,1720,1283
257,132,124
257,262,1351
257,275,23
258,292,775
258,318,704
258,563,1278
258,1028,1977
258,1032,242
258,1064,1359
258,1065,1107
259,422,293
259,1035,157
259,1535,1599
259,1632,1069
260,465,1290
260,531,1911
260,981,1259
260,1106,713
260,1605,196
261,372,1571
262,661,1344
262,1062,318
262,1517,529
262,1527,133
262,1714,750
262,1798,1697
263,188,1853
263,197,1878
263,873,1598
263,1357,1412
263,1493,1274
263,1996,198
264,354,408
264,432,1767
264,778,1090
264,902,751
264,1098,856
264,1238,1105
264,1982,1442
265,554,1481
265,562,546
265,1253,1810
265,1258,888
265,1429,663
265,1906,1534
266,59,964
266,883,1753
266,975,439
266,1139,122
266,1358,682
266,1847,1235
267,929,1299
267,989,1884
267,1159,1745
267,1304,536
267,1557,758
267,1627,388
268,662,1540
268,694,595
268,735,1362
268,1179,1404
268,1223,771
268,1375,1321
269,169,859
269,184,1862
269,224,1961
270,183,649
270,495,1764
270,508,1577
270,688,169
270,792,1762
270,1325,354
270,1481,1915
270,1610,1104
270,1839,1616
270,1982,1827
271,600,132
271,1425,1487
271,1456,82
271,1560,283
271,1954,1907
272,1784,662
272,1886,788
273,35,1599
273,90,721
273,204,1620
273,811,440
273,836,1839
273,1886,225
274,701,1846
274,795,497
274,951,1026
274,1726,196
274,1814,118
275,64,241
275,405,996
275,513,1840
275,658,1761
275,829,1318
275,1289,1049
275,1391,1501
275,1754,1235
276,28,390
276,108,1060
276,342,99
276,880,1861
276,984,1145
276,1823,618
277,795,929
277,805,846
277,852,1135
277,1568,1313
277,1802,780
278,1,588
278,969,1012
278,986,318
278,1015,1561
278,1477,1921
278,1597,1577
278,1695,365
279,59,529
279,704,587
279,937,1474
279,1464,961
279,1529,800
280,473,841
280,654,1885
280,705,39
280,857,1701
280,1061,576
280,1200,770
280,1425,528
280,1723,1998
281,223,1260
281,658,1713
281,776,1341
281,1315,1650
281,1436,23
281,1488,1536
281,1725,1291
281,1797,1840
282,845,1233
282,1177,785
282,1240,533
282,1641,137
282,1751,1540
283,1248,1269
283,1358,1325
283,1735,703
284,52,1232
284,215,661
284,408,1880
284,484,1618
284,1673,905
284,1817,1189
285,270,1516
285,603,942
285,958,1807
285,983,1555
285,1388,1128
285,1549,834
285,1711,1202
286,248,24
286,303,1068
286,370,251
286,570,1607
286,724,1530
286,956,1201
286,1031,592
286,1181,1004
286,1484,1139
286,1486,825
286,1644,1617
286,1996,935
287,294,984
287,977,662
287,1423,962
287,1683,1468
287,1828,822
287,1829,10
288,580,572
288,1735,509
288,1769,810
289,252,85
289,481,1062
289,490,1966
289,825,1262
289,963,222
289,1650,209
290,141,560
290,533,239
290,538,935
290,1511,1537
290,1517,1296
290,1676,1524
290,1720,1393
291,329,376
291,595,901
291,845,1828
291,1153,1942
291,1376,564
292,542,285
292,550,1533
292,1272,431
292,1501,402
292,1569,1782
292,1627,1193
292,1720,895
292,1738,1244
293,50,668
293,85,1667
293,147,873
293,337,973
293,745,1736
293,1097,417
293,1352,1067
293,1781,1065
294,291,1560
294,1477,1812
294,1658,1290
295,218,358
295,587,1304
295,606,51
295,1035,260
295,1540,1680
295,1569,1105
295,1710,1747
295,1807,1892
296,117,486
296,185,661
296,785,390
296,1778,343
297,25,607
297,108,1372
297,1086,1782
297,1186,1508
297,1226,699
297,1596,643
297,1748,66
298,58,594
298,129,342
298,423,797
298,500,1087
298,902,91
298,1311,437
298,1466,696
298,1577,20
298,1582,1313
298,1638,1964
298,1732,1528
299,654,944
299,1366,260
299,1719,127
299,1779,1634
300,114,340
300,655,302
300,676,1157
300,748,289
300,1353,305
300,1434,827
300,1587,192
300,1862,911
301,520,506
301,723,1342
301,921,1771
301,944,1794
301,1572,931
302,130,1396
302,535,1239
302,771,1946
302,840,1753
302,1201,1443
302,1492,546
302,1615,1844
302,1779,1704
303,422,631
303,723,582
303,880,261
303,1179,1012
303,1196,24
303,1847,981
304,70,1257
304,261,1401
304,493,393
304,1592,1343
305,182,1962
305,600,290
305,614,770
305,1241,1829
305,1403,1728
305,1480,150
305,1661,1152
305,1860,544
305,1871,1174
305,1944,184
306,336,671
306,554,690
306,1240,197
307,393,56
307,829,773
307,1500,149
307,1513,1818
307,1829,1366
308,13,1909
308,473,784
308,583,637
308,706,50
308,842,648
308,1791,418
308,1961,126
309,18,447
309,364,877
309,1214,1937
309,1349,914
309,1540,1426
309,1747,1413
310,421,908
310,769,418
310,1519,1657
310,1542,1543
310,1883,843
311,101,1985
311,1107,1929
311,1595,384
312,210,1496
312,386,1583
312,568,171
312,620,1273
312,1158,1160
312,1406,1890
312,1493,1047
313,103,1379
313,241,760
313,441,133
313,891,360
313,930,1098
313,1285,327
313,1445,1507
314,48,940
314,59,166
314,330,487
314,1618,766
314,1910,1689
315,332,370
315,389,696
315,628,1950
315,778,1457
315,848,969
315,1020,1910
315,1325,744
315,1436,1098
315,1736,1033
316,153,961
316,872,1334
316,1344,987
316,1523,1649
317,81,314
317,564,386
317,815,1311
317,920,605
317,1122,1685
317,1255,1884
318,172,1341
318,1942,962
319,8,1986
319,122,1804
319,290,1226
319,1202,1746
319,1551,1491
319,1678,1953
320,1092,450
320,1240,1007
321,109,207
321,479,1510
321,491,355
321,556,1992
321,1035,1738
321,1216,909
321,1915,1725
322,116,1967
322,494,1226
322,522,1583
322,741,1232
323,151,904
323,205,30
323,345,448
323,560,1807
323,900,851
323,929,6
324,125,1600
324,895,473
324,1002,1608
324,1068,1518
324,1150,1131
324,1162,1298
324,1288,1491
325,189,1260
325,970,774
325,1523,1764
325,1790,1910
326,174,1117
326,176,805
326,212,852
326,366,1159
327,677,1146
327,998,1984
327,1171,446
327,1709,412
327,1951,63
328,22,811
328,80,1122
328,141,1087
328,186,1169
328,428,1143
328,558,920
328,666,1480
328,754,91
328,1069,1669
328,1364,407
328,1430,534
328,1751,1025
329,368,611
329,796,1975
329,1196,1732
329,1499,153
330,139,573
330,1308,188
330,1376,582
330,1518,904
331,1273,424
331,1672,408
332,119,1462
332,298,700
332,804,1262
332,1092,617
332,1154,492
332,1779,296
332,1999,1638
333,621,997
333,1191,119
333,1201,263
333,1423,968
333,1812,363
334,122,441
334,366,134
334,1445,956
335,395,463
335,764,1348
335,1016,1951
335,1650,1490
336,55,1513
336,406,715
336,979,1540
336,1388,208
336,1954,513
337,111,1645
337,331,660
337,517,424
337,565,229
337,776,4
337,898,498
337,1395,565
337,1551,1520
338,542,1080
338,1721,957
339,242,589
339,471,157
339,1448,50
339,1476,896
339,1826,355
339,1894,1377
340,163,600
340,832,994
340,1811,847
340,1848,312
340,1888,615
340,1936,1297
341,149,271
341,247,857
341,766,325
341,1066,136
341,1227,561
341,1622,369
342,1290,241
342,1346,1551
342,1626,565
342,1821,69
342,1843,204
342,1990,433
343,72,1423
343,483,35
343,950,816
343,964,903
343,1482,342
344,156,1045
344,1892,1175
344,1896,115
345,56,1225
345,1180,1565
346,286,1475
346,750,845
346,1173,105
346,1511,1960
346,1615,21
346,1783,1075
346,1854,1201
347,284,550
347,1380,73
347,1403,779
347,1912,605
348,1183,1986
348,1721,1346
348,1818,768
348,1874,382
349,87,1414
349,673,732
349,1068,1170
349,1073,1288
349,1282,1644
349,1307,597
349,1571,40
350,45,1146
350,145,637
350,458,93
350,1093,1493
350,1349,1278
351,1641,1940
351,1745,323
351,1846,1544
352,1295,102
352,1453,623
353,724,439
353,794,1132
353,1562,964
354,999,1691
354,1136,341
355,360,484
355,687,129
355,969,1535
355,972,284
355,1213,1124
356,63,1949
356,448,1813
356,1534,442
356,1847,925
357,29,230
357,225,1353
357,300,1784
357,1343,310
358,161,1248
358,833,1036
358,963,1062
358,1037,1870
358,1311,1012
358,1454,225
359,133,1204
359,1251,1753
359,1301,1559
360,630,1957
360,939,877
360,951,1958
360,1646,1961
360,1912,1883
361,673,1038
361,794,1651
362,276,1278
362,798,1692
362,872,1575
362,1113,1395
362,1116,1343
362,1783,1742
362,1948,1582
362,1992,944
363,65,1692
363,66,273
363,974,1846
363,1039,304
363,1121,1942
363,1156,18
363,1967,1782
363,1995,540
364,79,856
364,793,764
364,1031,1111
364,1572,481
364,1626,515
365,1041,759
365,1100,804
365,1321,1007
365,1771,325
366,232,1566
366,312,1092
366,590,1962
366,600,730
366,868,1088
366,908,947
366,929,1208
366,1093,254
366,1143,1534
366,1443,1220
366,1575,1458
366,1907,1966
366,1911,1531
367,26,1380
367,334,815
367,533,347
367,904,478
367,1007,1857
367,1610,373
367,1711,371
367,1896,182
368,53,653
368,1103,1793
368,1468,1023
369,190,158
369,458,1288
369,578,89
369,836,1622
369,852,1885
369,855,78
369,1179,1451
369,1208,1061
369,1709,344
371,206,53
371,393,1834
371,948,562
371,1374,1637
371,1391,870
372,805,1794
372,1029,1942
372,1233,651
372,1914,32
373,279,593
373,998,13
373,1661,276
373,1993,359
374,196,637
374,457,696
374,1180,434
374,1285,1017
374,1412,1917
374,1657,1554
374,1817,1326
374,1939,1528
375,570,947
375,1566,193
376,444,194
376,1021,868
376,1545,1101
376,1684,1527
376,1745,793
376,1749,47
377,518,603
377,650,1719
377,1351,882
377,1977,105
378,303,112
378,427,1680
378,483,1756
378,1039,12
378,1457,190
378,1617,1784
378,1718,1598
379,900,1379
379,1192,846
379,1328,1880
380,140,1218
380,187,1470
380,1392,1199
382,490,1336
382,510,575
382,601,392
382,912,91
382,1016,1417
382,1181,1022
383,644,1724
383,680,1842
383,1218,239
383,1870,733
384,140,569
384,656,39
384,904,432
384,998,214
385,337,1941
385,972,222
385,1137,787
385,1713,1659
385,1747,140
385,1961,1891
386,843,1806
386,1303,1271
387,824,361
387,1116,1935
387,1749,1096
388,8,26
388,1160,382
388,1279,424
388,1562,326
389,193,198
389,467,1202
389,521,90
389,838,1427
389,984,1951
389,996,1242
389,1021,1509
389,1271,513
389,1407,1404
389,1501,1701
389,1865,1702
389,1970,1518
390,656,705
390,1445,1237
390,1539,149
391,783,766
392,184,1671
392,389,1098
392,443,1512
392,531,1847
392,861,1361
392,1090,774
392,1974,577
393,240,1085
393,844,381
393,1051,573
393,1392,1370
393,1591,546
394,221,210
394,352,1684
394,586,566
394,646,244
394,974,1674
394,1241,60
394,1792,1705
394,1956,1267
395,43,1411
395,816,672
395,910,19
395,1443,912
396,230,1631
396,383,222
396,509,1708
396,1096,1721
396,1569,1286
397,676,1707
397,753,1389
397,774,1470
397,1294,734
398,68,1605
398,349,1669
398,552,222
398,812,77
398,1206,1650
398,1292,1199
398,1952,358
399,644,1539
399,1064,691
399,1435,1753
399,1669,786
400,316,1876
400,1505,1333
401,384,247
401,675,471
401,831,605
401,1011,1535
401,1104,1575
401,1694,428
401,1785,1192
401,1823,501
402,890,1576
402,913,1351
402,1300,1958
404,173,1083
404,271,604
404,539,294
404,896,1781
404,1450,1014
404,1804,617
405,44,1018
405,870,235
405,999,809
405,1008,443
405,1460,1553
405,1842,368
406,226,388
406,415,929
406,421,1578
406,493,1215
406,970,1446
406,1300,1793
406,1410,1035
406,1502,1524
406,1948,1991
407,405,581
407,787,1747
407,943,1505
407,1233,1042
407,1387,1989
407,1843,85
408,380,1704
408,444,691
408,480,1506
408,616,624
408,1403,765
408,1421,192
408,1952,188
409,378,1373
409,400,517
409,1161,722
409,1207,73
409,1555,1167
410,29,1403
410,701,838
410,1060,31
410,1249,804
410,1808,352
411,120,1535
411,234,137
411,1714,118
412,1756,1300
413,326,558
413,620,334
413,1807,931
414,158,1213
414,1172,1099
414,1766,282
415,7,1275
415,361,1135
415,1522,308
415,1551,418
415,1597,819
416,68,1658
416,711,1304
416,894,184
416,1014,423
416,1407,1298
416,1732,844
417,1543,1108
417,1778,581
418,257,187
418,483,1039
418,750,1284
418,812,1874
418,1644,1257
418,1942,800
419,948,267
419,1057,295
419,1396,512
419,1876,442
420,763,295
420,819,377
420,1085,487
420,1151,1448
420,1203,1845
420,1423,1404
420,1805,1378
421,350,1609
421,688,1017
421,1101,1697
421,1224,1617
421,1953,1478
422,459,307
422,1336,330
422,1596,1280
423,376,7
423,469,415
423,1228,441
423,1666,423
423,1705,860
424,1637,1260
425,621,972
425,1281,432
426,566,108
426,622,877
426,1182,1403
427,470,1193
427,779,100
427,1250,1242
427,1355,1467
427,1986,1566
428,1515,1101
428,1558,1584
429,246,1926
429,657,410
429,1660,1510
429,1904,1532
429,1950,391
430,880,1609
430,1094,237
430,1532,1518
431,858,1435
431,1183,1503
431,1250,1033
431,1469,702
431,1695,459
432,302,680
432,379,160
432,618,891
432,1503,44
432,1845,1777
432,1870,1931
433,307,382
433,349,1542
433,417,1119
433,456,1591
433,820,1267
433,845,1854
433,1013,549
433,1194,620
433,1652,1339
433,1777,46
434,343,389
434,584,966
435,939,450
435,1438,1518
435,1856,75
435,1869,967
436,1286,1532
436,1353,1970
436,1771,1403
437,475,205
437,802,753
437,1263,1146
438,6,889
438,131,849
438,213,634
438,413,1695
438,588,543
438,699,1940
438,1371,1829
438,1815,1214
438,1885,1032
438,1986,562
439,421,570
439,928,1272
439,1041,820
439,1752,644
440,775,1701
440,1194,722
440,1264,1030
440,1557,1915
440,1960,274
441,374,1677
441,936,1688
441,1242,1232
441,1490,1818
441,1710,306
442,905,1426
442,1665,1781
442,1775,747
443,30,1150
443,187,1903
443,573,365
443,852,1004
443,1211,969
443,1463,70
443,1698,370
444,981,427
444,1459,391
444,1946,1227
445,210,1148
445,411,429
445,1306,767
446,271,734
446,316,1030
446,873,513
446,916,152
446,955,618
446,1647,1532
447,626,870
447,759,198
447,1527,384
447,1998,707
448,40,1078
448,959,1874
448,1023,1392
448,1536,864
448,1559,998
448,1877,744
448,1960,273
449,283,1043
449,558,892
449,1054,265
449,1179,1733
449,1402,664
449,1485,580
449,1496,1976
450,170,1490
450,1959,376
451,606,1450
451,809,1227
451,897,1853
451,913,731
451,1305,573
451,1350,290
451,1431,1303
452,130,1252
452,846,615
452,1240,1470
452,1263,1709
452,1511,439
452,1703,385
453,682,1595
453,1325,461
453,1521,40
453,1936,1259
454,4,699
454,884,593
454,1045,1529
454,1589,34
454,1813,1246
455,267,405
455,727,457
455,775,1949
455,1520,1374
455,1980,832
456,48,1351
456,144,1305
456,795,1790
456,1127,1317
456,1709,7
456,1729,930
457,285,1508
457,1363,1206
457,1647,1056
458,2,13
458,516,1245
458,1183,1997
458,1682,1926
458,1813,346
459,54,1620
459,57,652
459,96,569
459,208,1958
459,421,776
459,659,508
459,1489,268
459,1735,221
460,358,153
460,1434,1506
460,1533,1858
460,1723,1869
461,333,924
461,615,1756
461,980,86
461,1350,168
461,1759,827
462,188,540
462,473,813
462,560,20
462,1412,867
462,1588,1070
463,281,317
463,513,378
463,963,809
463,1420,1796
463,1668,45
464,719,1325
464,874,789
465,739,367
465,845,1530
465,854,492
465,867,1907
465,1529,185
466,43,1907
466,57,1742
466,275,615
466,332,808
466,499,1199
466,648,1697
466,834,231
466,1583,592
467,282,1642
467,642,648
467,728,1132
467,761,1879
467,1412,1469
467,1517,1042
467,1518,414
468,77,1706
468,551,750
468,625,1301
468,1450,1214
468,1667,204
469,838,638
469,1436,172
471,919,1610
471,1243,1642
471,1347,427
472,105,1231
472,247,1477
472,511,1525
472,933,644
472,1890,645
473,139,1448
473,454,688
473,935,606
474,100,566
474,128,541
474,436,629
474,1462,124
474,1580,1655
474,1633,829
474,1636,258
474,1785,188
474,1791,1684
475,182,1919
475,414,301
475,437,216
475,608,1010
475,915,757
475,944,1306
475,1039,449
475,1709,1940
476,184,308
476,234,1340
476,1034,1232
476,1716,869
476,1843,809
476,1863,1759
476,1945,312
477,430,102
477,596,1350
477,672,1585
478,717,612
478,965,51
478,1321,766
478,1753,1588
479,1011,1981
479,1562,1914
479,1670,1876
480,59,595
480,428,1140
480,1306,714
480,1321,995
480,1817,1100
480,1895,796
481,161,940
481,586,498
481,826,245
481,884,1438
481,1723,1736
482,975,612
482,996,1800
482,1137,885
483,210,299
483,993,370
483,1026,564
483,1594,1321
483,1751,742
484,215,1842
484,310,47
484,1180,43
484,1932,149
485,618,1794
486,196,101
486,616,249
486,1008,1916
487,331,812
487,570,1370
487,1228,250
487,1353,901
487,1689,1051
488,134,1089
488,258,969
488,348,645
488,409,187
488,543,810
488,1271,499
488,1963,697
489,1171,784
489,1471,986
490,118,493
490,135,1594
490,1013,790
490,1130,658
490,1453,324
490,1540,1222
490,1813,1782
491,924,563
491,1050,1236
492,33,1831
492,170,1143
492,308,1528
492,422,137
492,472,451
492,840,1233
492,944,304
492,1203,1630
492,1350,1666
492,1414,975
492,1859,103
493,90,974
493,677,1986
493,812,1000
493,1086,14
494,1103,1131
494,1458,600
494,1474,832
494,1704,1585
494,1840,579
495,941,1248
495,1034,1167
495,1138,1993
495,1471,294
495,1787,543
496,103,1371
496,950,754
497,281,1632
497,1171,1067
497,1801,859
498,1269,162
498,1856,1900
499,88,261
499,114,1113
499,673,497
499,935,1128
499,1321,1428
499,1762,983
499,1840,1945
499,1881,1690
499,1975,42
500,176,1893
500,291,33
500,507,480
500,1078,1828
500,1182,1517
500,1886,94
501,69,243
501,334,946
501,1400,1235
501,1433,1681
501,1516,90
502,148,440
502,671,1172
502,931,1861
502,1483,1701
502,1487,1597
502,1632,1694
502,1709,1657
502,1940,298
503,365,401
503,784,857
503,802,991
503,1022,1127
503,1062,1101
503,1122,317
504,428,1934
504,571,1142
504,1185,1217
504,1273,1369
504,1562,1136
505,457,1296
505,1525,1149
506,69,557
506,158,553
506,220,969
506,408,1718
506,943,708
506,967,224
506,1393,1545
506,1510,68
507,215,671
507,288,198
507,670,889
507,1345,493
507,1449,896
508,159,1262
508,242,1142
508,615,94
508,757,1193
508,1133,1230
509,322,1023
509,358,172
509,566,913
509,620,584
509,698,563
509,1071,875
510,67,934
510,367,1843
510,1291,1642
511,193,946
511,299,1456
511,334,1464
511,403,336
511,767,1861
511,1057,1461
511,1419,138
511,1790,1890
511,1967,232
512,162,1075
512,234,76
512,354,405
512,1485,37
513,1039,1984
513,1602,1337
513,1719,1392
513,1887,359
514,684,1263
514,730,170
514,799,1440
514,1072,1918
514,1450,1138
515,395,69
515,770,1992
515,1964,194
516,271,1261
516,444,1046
516,662,237
516,797,382
516,1482,1744
516,1658,500
516,1940,1836
516,1942,1006
517,397,234
517,1825,1796
517,1927,1764
518,74,1542
518,88,135
518,727,521
518,985,1307
518,1199,240
518,1415,262
518,1812,281
519,628,1183
520,808,543
520,941,522
521,977,1568
521,1672,6
521,1897,249
521,1913,1127
522,11,676
522,364,491
522,416,676
522,533,781
522,766,1952
522,1579,1870
523,348,123
523,592,671
523,1434,969
523,1573,183
523,1579,1095
524,100,750
524,404,355
524,603,1705
524,1632,1514
524,1661,615
525,1530,981
526,29,1518
526,186,234
526,779,949
526,851,331
526,1471,381
526,1871,1688
527,387,11
527,1363,975
527,1799,792
528,138,783
528,404,1054
528,446,957
528,969,524
528,1163,563
528,1181,1143
528,1286,1404
528,1806,1888
528,1869,744
528,1882,1171
528,1889,368
528,1957,1664
529,834,794
529,1519,1298
530,211,71
530,236,595
530,341,761
530,621,1745
530,1997,527
531,376,1700
531,745,1476
531,1241,1543
531,1284,1039
531,1779,1013
532,318,621
532,332,1966
532,464,991
532,701,604
532,739,737
532,1241,438
533,355,1407
533,757,377
533,822,410
533,1140,1087
534,64,1888
534,465,490
534,680,1124
534,785,482
534,1133,1914
534,1343,1456
535,1131,395
535,1602,1435
535,1884,618
536,1197,780
536,1472,356
536,1587,533
536,1865,207
537,174,816
537,832,122
537,1659,1542
538,162,864
538,454,759
538,978,136
538,1117,900
538,1154,209
538,1574,1625
538,1702,1071
538,1797,1942
539,463,1714
539,900,952
539,1013,1210
539,1185,1114
539,1255,1698
539,1435,506
539,1567,1135
540,950,102
540,1196,1021
540,1224,868
540,1493,580
541,343,1483
541,1352,166
541,1489,749
541,1572,683
541,1776,1089
541,1985,1343
542,364,902
542,751,1821
542,829,1166
542,1745,245
542,1753,1448
543,107,259
543,242,1898
543,1273,657
543,1321,155
544,104,875
544,212,1599
544,762,1464
545,310,1433
545,1092,1671
545,1461,1065
545,1588,803
546,41,1425
546,326,1612
546,1124,268
546,1686,587
547,59,369
547,653,1429
547,1031,1393
547,1239,1320
548,496,317
548,560,986
548,1039,440
548,1477,759
548,1587,1112
548,1642,96
549,772,1379
549,1130,243
550,417,1191
550,1155,126
550,1837,762
551,124,651
551,174,1167
551,256,1464
551,399,1712
551,510,1262
551,744,574
551,965,1963
551,1047,466
551,1134,1973
551,1176,1713
551,1296,1427
551,1492,853
551,1673,1603
551,1808,61
552,122,50
552,209,271
552,328,983
552,1404,1063
552,1429,1937
552,1430,348
552,1657,995
552,1946,845
553,34,1834
553,1699,1330
554,627,514
554,1008,1292
555,1244,202
555,1403,1429
555,1791,591
556,847,177
557,577,1238
557,1024,1105
557,1051,1665
558,305,322
558,394,1656
558,739,859
558,1153,1824
558,1535,1555
558,1700,336
558,1959,655
559,503,1356
559,553,46
559,783,50
559,1439,1561
559,1527,1393
560,234,31
560,814,1973
560,996,898
560,1087,800
560,1148,718
560,1709,1519
560,1736,1446
561,175,511
561,249,1392
561,509,1464
561,1280,117
562,674,1079
562,707,1990
562,1005,374
562,1494,1325
563,124,1140
563,908,1358
564,679,1485
564,1393,813
564,1852,515
564,1950,876
565,388,1982
565,405,1446
565,633,390
565,1101,756
565,1882,1133
566,131,700
566,1027,1375
566,1720,736
567,582,880
567,1009,1987
567,1320,172
568,187,1521
568,1746,397
569,103,1038
569,318,440
569,371,1198
569,400,46
569,650,1318
569,928,1301
569,1246,1593
569,1466,1244
570,1175,463
570,1331,1277
570,1498,1369
570,1770,142
571,287,1157
571,654,1577
571,1651,1216
572,361,524
572,784,281
572,1690,1276
572,1798,884
572,1802,1220
572,1947,1432
573,461,310
573,814,454
573,913,1809
573,1242,1200
573,1767,595
573,1860,1242
574,279,227
574,451,1472
574,696,1740
574,1721,63
574,1726,1006
575,119,1656
575,563,1756
575,1413,1736
575,1453,576
576,544,1139
577,43,635
577,333,1109
577,1772,63
577,1928,1941
578,233,1607
578,508,1619
578,536,1832
578,611,1401
578,1404,1261
578,1414,1534
578,1426,1890
578,1572,713
578,1577,681
579,660,839
579,661,1634
579,1848,1795
580,298,1529
580,1175,501
580,1388,1389
580,1437,1270
581,65,805
581,411,1616
581,437,190
581,1139,1523
582,268,1723
582,656,125
582,930,1313
582,1365,1607
582,1395,1393
582,1487,1699
582,1680,1866
582,1858,1439
583,36,1318
583,82,273
583,171,1562
583,429,890
583,558,10
583,753,104
583,1325,1541
583,1540,1533
583,1595,1927
583,1695,6
584,294,374
584,866,1426
584,1322,121
585,461,412
585,480,556
585,944,340
585,1134,1903
586,745,181
586,1399,513
586,1588,1636
586,1691,1893
587,35,1028
587,462,1887
587,992,168
588,190,817
588,859,1985
589,153,1094
589,249,1174
589,1323,1804
589,1387,1119
589,1445,1221
589,1487,393
589,1491,1458
589,1502,6
590,6,1090
590,53,452
590,132,1637
590,1122,963
590,1447,579
590,1787,1372
590,1923,1879
591,424,700
591,633,1110
591,899,254
591,1443,424
592,235,829
592,417,846
592,585,1175
592,1172,547
593,82,1070
593,93,1957
593,1314,1959
593,1744,861
593,1888,1696
594,9,1852
594,330,310
594,612,989
594,1071,1402
594,1103,1547
594,1535,1972
594,1641,330
594,1825,614
595,75,998
595,737,1641
595,1840,472
595,1905,307
596,66,474
596,460,1070
596,879,3
596,879,190
596,1260,1713
596,1307,505
596,1442,1979
596,1505,1423
596,1727,751
597,387,128
597,534,1742
597,847,794
597,1084,1308
597,1154,1606
597,1327,266
597,1936,1293
598,265,1241
598,302,1667
598,1450,904
599,964,275
599,1662,815
599,1779,1338
600,79,1758
600,412,89
600,761,1264
600,1289,1242
600,1748,333
601,13,1277
601,199,964
601,447,1946
601,542,436
601,1338,1445
601,1355,1019
602,266,1064
602,919,363
602,995,57
602,1045,88
602,1273,63
602,1474,1888
602,1598,289
602,1617,304
603,31,929
603,260,363
603,1166,1698
603,1725,1027
604,44,1699
604,531,1428
604,669,1530
604,1236,321
605,197,448
605,258,1788
605,489,1326
605,858,823
605,1135,260
605,1164,97
605,1502,124
606,1570,1677
607,240,891
607,445,1983
607,628,541
607,872,1541
607,1231,844
609,205,1833
609,324,42
609,430,1760
609,1577,71
609,1791,66
610,534,418
610,1807,1240
610,1942,595
611,385,307
611,406,738
611,460,1928
611,744,1978
611,1163,1234
612,280,783
612,532,1679
612,661,754
612,1175,409
612,1308,1970
612,1669,1350
613,18,1568
613,962,842
613,972,1670
613,991,1602
613,1167,1626
613,1709,1406
613,1753,1705
614,0,153
614,513,1151
614,833,46
614,936,647
614,1037,1126
614,1361,1974
614,1387,806
614,1563,1001
614,1721,474
614,1957,1311
615,76,1496
615,183,809
615,272,1529
615,1021,1992
615,1852,1705
616,184,1917
616,549,1009
616,562,649
616,712,857
617,49,471
617,420,1060
617,629,164
617,1367,21
617,1571,1226
617,1741,1401
617,1936,432
618,660,279
618,989,501
618,1025,1981
618,1091,944
618,1329,836
618,1836,628
619,28,1450
619,179,256
619,779,408
619,1024,1556
619,1408,1220
620,124,425
620,495,517
620,1319,459
620,1959,1861
621,207,1643
621,759,296
621,1803,1661
622,597,1537
622,1487,865
622,1488,1607
622,1514,1275
622,1835,1135
623,153,540
623,190,351
623,193,1895
623,676,476
623,1163,833
623,1584,1694
624,64,1109
624,766,621
624,934,491
624,973,1460
624,1820,580
625,642,1179
625,832,1578
625,1486,1432
625,1931,1511
626,207,1872
626,826,1280
626,928,580
626,1420,1196
627,333,956
627,351,1616
627,538,919
627,683,1488
627,1359,1191
627,1433,1297
627,1574,1229
628,437,804
628,1503,1410
628,1934,1466
629,1218,1533
629,1717,1848
629,1948,1781
630,749,844
630,842,1622
630,1023,1093
630,1714,1394
631,1444,1756
632,369,1947
632,1281,901
632,1410,1444
632,1887,695
633,469,506
633,1120,1776
633,1150,1931
633,1364,1518
633,1365,836
633,1495,1574
634,161,1047
634,676,204
634,1144,771
634,1158,926
634,1166,1267
634,1861,711
635,109,776
635,950,994
635,1055,815
635,1203,415
635,1527,695
635,1528,826
636,126,1208
636,1128,28
636,1909,90
637,221,1185
637,975,961
637,1073,210
637,1453,1037
637,1723,1557
638,339,1626
638,817,1375
638,1197,892
638,1407,1999
638,1415,742
638,1436,384
638,1477,664
638,1914,596
639,680,1674
639,720,212
639,1308,1827
639,1607,662
639,1917,661
640,776,1376
640,847,93
640,1298,1875
640,1731,184
640,1764,1471
641,90,261
641,409,848
641,752,1804
641,1011,1254
641,1031,1914
641,1118,1525
641,1121,21
641,1299,118
641,1336,1314
641,1898,1855
641,1953,778
642,117,102
642,241,166
642,724,447
642,1232,610
642,1457,1509
643,25,1442
643,363,1975
643,716,1233
643,723,829
643,732,1464
643,1330,570
643,1952,131
644,435,1342
644,1453,64
644,1827,1893
645,921,630
645,924,1381
645,1126,664
645,1896,1640
646,847,462
646,1411,17
646,1608,996
647,24,797
647,296,1671
647,1693,1730
648,531,1076
648,773,1168
648,1117,867
648,1838,1452
649,503,639
649,982,714
650,686,349
650,995,922
650,1210,1283
651,89,1164
651,1457,783
651,1819,253
651,1938,1539
652,534,1949
652,555,289
652,836,59
652,1204,1579
652,1275,220
652,1761,1700
652,1764,1042
653,137,614
653,263,1176
653,495,955
653,1352,232
653,1503,1762
653,1617,1298
653,1765,303
653,1829,1995
654,719,63
654,924,979
654,1394,286
654,1865,1489
655,149,1462
655,405,403
655,555,1691
655,1057,1181
655,1106,731
655,1163,64
656,277,917
656,722,1838
656,1052,168
656,1235,1940
656,1280,1084
656,1505,1309
657,220,1430
657,781,1875
657,959,466
658,111,928
658,166,1083
658,375,905
658,699,431
658,756,1354
658,795,553
659,42,1022
659,944,1451
659,952,904
659,1315,755
659,1459,765
659,1600,1295
659,1696,506
660,23,1171
660,1151,1283
661,462,80
661,634,1131
661,762,1154
661,786,652
661,1696,580
661,1769,1988
661,1958,34
662,121,44
662,527,331
662,920,272
662,923,51
662,1441,599
663,32,356
663,320,393
663,528,769
663,1158,1549
663,1570,12
663,1857,490
664,247,1998
664,609,1302
664,1587,1500
664,1623,988
665,93,1756
665,841,775
665,928,998
665,1356,979
665,1378,1045
665,1764,567
665,1775,937
666,130,1461
666,371,55
666,740,1254
666,1769,975
666,1959,1057
667,403,937
667,471,1595
667,770,574
667,839,923
667,858,407
667,1142,1146
667,1168,760
667,1202,47
668,824,1427
668,995,1215
668,1131,977
668,1409,478
669,691,1558
669,800,1201
669,928,1423
669,1210,784
669,1215,771
669,1372,1533
670,342,1932
670,433,931
670,1191,5
671,177,820
671,506,109
672,32,1871
672,192,1865
672,611,724
672,1262,1350
672,1924,1042
673,132,649
673,437,953
673,1166,1970
673,1455,1994
674,512,619
674,636,128
674,901,685
674,1408,1254
674,1704,1196
674,1986,89
675,193,1142
675,843,1420
675,1852,801
675,1892,1551
676,145,1052
676,149,372
676,1651,205
677,480,5
677,731,262
678,396,635
678,420,1995
678,738,1518
678,761,533
678,873,224
678,1430,398
678,1770,124
678,1786,1884
678,1845,64
679,58,1820
679,182,192
679,250,87
679,559,254
679,678,738
679,980,316
679,1147,1571
679,1404,935
679,1637,1876
679,1797,982
680,1723,1270
681,36,834
681,1087,66
681,1292,362
681,1893,734
682,166,1193
682,283,1642
682,312,1695
682,657,1372
682,1009,466
682,1396,620
682,1868,722
683,16,210
683,402,1382
683,498,257
683,716,1147
683,1003,805
683,1064,1626
683,1593,559
683,1825,1060
684,1721,512
685,400,669
685,488,1105
685,798,1485
685,1677,282
685,1818,1566
686,191,1676
686,553,546
686,691,856
686,947,1605
686,1104,916
686,1158,1784
686,1997,835
687,57,490
687,232,1897
687,260,65
687,654,1828
687,1261,613
687,1340,182
688,58,1012
688,326,1224
688,566,1311
688,730,965
688,1369,1390
689,559,137
689,759,1396
689,1891,1536
690,5,214
690,186,1416
690,863,1292
690,1237,879
690,1661,1711
690,1920,931
691,527,1563
691,667,1362
691,865,1388
691,988,1389
691,1120,1183
691,1169,808
691,1278,1473
691,1346,323
691,1613,1476
691,1708,308
691,1725,1892
691,1732,1506
691,1899,1304
692,220,1550
692,504,748
692,644,822
692,1063,1071
692,1390,1224
692,1888,1377
693,410,1218
693,468,1172
693,1276,1418
693,1906,1985
693,1917,430
694,768,1283
694,1107,93
694,1142,1922
694,1797,958
694,1887,1233
695,461,858
695,1303,1676
695,1735,1135
695,1968,1588
696,76,593
696,895,369
696,1113,1399
696,1242,294
696,1516,1212
696,1747,797
697,426,1666
697,427,1667
697,654,709
697,1182,1625
697,1891,484
698,2,985
698,25,1739
698,98,1155
698,322,757
698,1652,1785
699,299,521
699,621,1712
699,811,1483
699,916,1608
699,1760,1946
699,1837,804
699,1979,1880
699,1993,949
700,155,1135
700,860,638
701,460,633
701,496,421
701,611,486
701,1237,995
701,1300,535
702,596,755
702,617,1485
702,772,1864
702,794,767
702,894,1880
702,1327,223
702,1987,602
703,450,1815
703,1095,1594
703,1420,1647
704,302,763
704,384,1287
704,1236,541
704,1848,1501
705,182,1193
705,278,828
705,639,264
705,833,1290
705,1434,130
705,1585,1444
706,680,1130
706,731,843
706,880,227
706,1287,28
706,1303,931
706,1875,1968
706,1955,1583
707,170,425
707,1303,699
707,1997,816
708,1359,1385
708,1491,868
708,1940,1926
710,590,225
710,654,343
710,833,356
710,860,909
710,918,1428
710,991,1257
710,1071,1059
710,1273,668
710,1401,720
711,628,926
711,806,1762
711,1427,815
711,1629,157
711,1832,749
712,711,1972
712,720,1731
712,1197,1264
712,1801,1673
713,364,51
713,638,702
713,876,1923
713,1450,1129
713,1469,1437
714,940,516
714,954,959
714,1434,1171
714,1657,1519
714,1837,456
715,671,1380
715,1905,54
716,625,1680
716,635,1981
716,705,334
716,1262,1682
717,144,463
717,525,1611
717,946,410
717,1206,1647
717,1731,1139
717,1799,580
718,12,371
718,1090,575
718,1943,1989
718,1981,1625
719,59,185
719,115,1354
719,630,912
719,1118,768
719,1313,1043
719,1776,1391
720,611,1543
720,1147,1035
720,1343,1472
720,1439,929
720,1538,445
721,448,1303
721,730,1266
721,1151,983
721,1993,1977
722,426,1928
722,616,1454
722,839,952
722,1990,1664
723,385,1781
724,1076,1230
724,1322,1649
724,1610,1240
724,1698,1526
724,1958,1729
725,133,1955
725,253,97
726,509,1662
726,1681,1049
726,1829,1802
726,1945,919
727,363,1448
727,462,380
727,638,1717
727,1280,619
727,1699,1297
728,319,283
729,99,593
729,974,1365
730,662,355
730,1539,578
730,1762,1874
731,334,108
731,1019,63
731,1112,985
731,1498,74
731,1765,1599
731,1838,1874
732,139,1786
733,120,1877
733,149,1605
733,792,362
733,1520,1660
733,1535,648
734,124,815
734,767,882
734,983,1306
734,1780,1845
735,224,1763
735,631,535
735,982,1115
735,996,173
735,1846,168
736,422,1524
736,489,1341
736,815,773
736,978,522
736,1050,1807
736,1418,483
736,1585,835
737,1276,1752
737,1630,967
738,218,187
738,1456,702
738,1547,799
738,1896,880
739,814,302
739,831,1109
739,1077,399
739,1142,1522
739,1362,816
739,1443,590
739,1738,1739
739,1912,648
740,5,416
740,321,1491
740,550,1350
740,1041,459
740,1059,1554
740,1190,984
740,1275,1549
740,1459,1111
740,1545,326
740,1556,1641
740,1617,880
741,37,742
741,1051,1215
741,1301,1825
742,1104,471
742,1133,591
742,1461,596
742,1906,903
743,75,574
743,973,1465
743,1290,216
743,1849,1663
744,684,623
744,714,1581
744,1360,67
744,1375,1346
744,1759,587
744,1997,407
745,1028,21
745,1818,105
746,947,302
746,1654,647
747,228,1608
747,233,1908
747,1743,517
747,1800,1894
748,750,358
748,1094,1747
748,1118,1398
748,1546,295
749,30,1591
749,803,457
750,741,784
750,1429,1207
750,1626,1431
751,68,77
751,929,1
751,1291,43
751,1597,1129
751,1719,273
752,23,245
752,235,1561
752,1258,452
753,260,1747
753,348,1939
753,720,396
753,1682,631
754,231,1188
754,925,1266
754,952,1588
754,1156,1189
754,1257,381
754,1300,1113
754,1479,1485
754,1686,950
755,89,137
755,106,1424
755,290,645
755,343,1240
755,664,170
755,741,696
755,969,1133
755,1703,587
755,1875,519
755,1910,543
756,479,87
756,583,323
756,1157,1987
756,1192,1131
756,1845,1124
757,790,763
757,1380,1329
757,1654,359
757,1657,762
758,46,1521
758,242,630
758,727,429
758,746,1843
758,924,1415
758,1283,950
759,1373,1944
760,221,1382
760,949,1427
760,1135,1913
760,1271,645
760,1324,868
760,1578,183
761,122,1044
761,909,1562
761,925,1698
761,1988,590
762,938,1995
762,1154,1346
762,1328,693
763,155,573
763,1562,1119
763,1594,993
763,1879,579
764,48,659
764,195,345
764,362,1132
764,519,1530
764,1106,344
764,1123,1918
764,1861,1723
764,1945,28
764,1964,831
765,48,644
765,800,921
765,1561,330
765,1838,1295
765,1920,1265
766,521,1127
766,612,746
766,774,1772
766,1046,795
766,1174,968
766,1175,362
767,381,1441
767,1601,458
768,121,207
768,687,751
768,1151,1241
768,1340,420
768,1795,1311
769,164,1398
769,260,1550
769,324,1167
769,1344,1564
769,1582,1096
769,1825,451
770,248,389
770,859,929
770,866,1434
770,906,941
770,1592,323
770,1694,1231
770,1738,1511
770,1789,145
771,89,619
771,120,1659
771,1193,1855
772,569,1725
772,641,1822
772,683,967
772,973,1708
772,1131,974
772,1153,990
772,1561,1225
772,1934,1709
773,344,1613
773,442,712
773,676,1352
773,733,1483
773,1064,1510
773,1348,1205
775,825,1673
775,1243,1943
775,1250,117
776,349,764
776,670,1012
776,1396,1400
776,1502,379
776,1686,470
777,552,1895
777,1166,1706
777,1189,206
777,1229,1797
777,1399,1445
777,1595,734
778,79,1971
778,719,1725
778,834,1075
778,966,1279
778,1292,1195
778,1645,860
778,1646,1765
778,1954,648
779,199,876
779,922,1860
779,1208,1668
779,1474,640
780,41,1005
780,957,1527
780,1256,586
780,1426,971
780,1490,1268
781,189,816
781,421,1843
781,592,1134
781,793,853
781,809,1683
781,1085,611
781,1171,735
781,1220,958
781,1492,1163
781,1696,25
782,976,1200
782,1389,646
783,35,1017
783,769,613
783,918,1780
783,1173,774
783,1200,630
783,1399,873
783,1499,1900
783,1601,1460
784,182,1496
784,416,1109
784,676,1178
784,1341,994
784,1884,307
785,9,77
785,1188,1337
785,1450,866
786,526,1304
786,950,1628
786,991,1320
786,1488,1620
786,1769,1260
787,171,1189
787,448,1942
787,627,56
787,909,90
787,1742,1259
788,385,720
788,722,653
788,1294,98
788,1829,1414
788,1842,1180
788,1944,235
789,270,222
789,318,1101
789,388,395
789,859,1944
789,1446,971
789,1897,868
789,1996,926
790,167,767
790,525,1106
790,581,421
790,1359,1622
790,1428,1638
791,101,333
791,315,1402
791,473,779
791,694,1994
792,641,244
792,920,1864
792,1382,1681
792,1676,1070
793,263,651
793,378,759
793,388,1073
793,837,1586
793,1346,1229
793,1461,1771
793,1548,1299
793,1574,1161
793,1648,834
794,377,171
794,867,654
794,961,1879
795,73,1423
795,681,123
795,856,1221
795,949,744
795,1352,555
795,1474,670
795,1508,72
795,1596,824
796,9,1443
796,486,1046
796,626,1019
796,974,1904
796,1386,1836
796,1395,1968
796,1685,20
796,1956,1850
797,370,706
797,1378,242
797,1853,1576
798,202,655
798,320,726
798,523,825
798,971,537
798,1260,1183
798,1747,1826
798,1793,965
798,1845,1068
799,543,1897
799,660,1172
799,814,1811
799,914,1477
799,1050,128
799,1788,962
800,113,1896
800,206,1005
800,321,226
800,344,158
800,392,706
800,1486,728
800,1687,1004
801,394,1262
801,778,313
801,800,147
801,1656,905
801,1742,1578
802,264,1218
802,375,1432
802,398,685
802,517,1709
802,1726,1560
803,324,621
803,1202,233
804,207,450
804,210,1195
804,257,825
804,1002,291
804,1170,1125
804,1435,1703
805,575,951
805,772,1584
806,764,1627
806,1138,1674
806,1212,1155
807,451,85
807,981,1658
807,1100,1121
807,1252,1923
807,1550,1118
808,56,394
808,862,1523
808,1016,60
808,1071,1345
808,1127,1108
808,1374,759
808,1685,1813
809,555,1817
809,830,1200
809,877,891
810,15,1924
810,59,1510
810,338,943
810,364,668
810,447,432
810,1505,80
811,897,1070
811,1205,438
811,1650,996
812,1028,882
813,4,880
813,210,195
813,435,311
813,1130,667
813,1764,1519
813,1918,1073
813,1980,1732
814,466,464
814,964,1001
814,980,1346
814,1330,164
814,1388,772
814,1620,993
814,1679,1927
815,202,1414
815,1266,1424
815,1431,630
815,1468,1472
815,1506,282
815,1873,158
815,1983,653
816,182,42
816,272,1481
816,1108,305
816,1282,202
817,955,1459
817,1748,149
818,499,302
818,723,1371
818,748,28
818,995,1051
818,1284,1178
818,1391,1727
818,1467,1899
818,1583,669
819,934,170
819,1888,395
819,1969,1756
820,45,376
820,113,1294
820,268,1675
820,409,1286
820,1116,127
820,1209,846
820,1243,556
820,1257,1343
820,1423,1209
821,222,956
821,548,135
821,614,82
821,837,1755
821,1038,1882
821,1126,836
821,1306,1886
821,1542,713
821,1848,120
822,79,810
822,865,1579
822,873,1405
822,1024,82
822,1264,1722
823,168,1311
823,514,1279
823,726,18
823,898,479
823,1371,1724
823,1427,1140
823,1647,462
824,1763,1921
825,294,1266
825,1548,1224
825,1615,469
826,39,467
826,277,1598
826,844,73
826,1540,1906
826,1562,1594
827,424,446
827,578,1816
827,891,772
827,1154,1146
827,1728,1490
827,1735,261
827,1937,830
828,1416,498
828,1745,539
828,1750,926
828,1895,851
828,1906,1022
829,167,610
829,1061,1597
829,1575,1208
829,1589,85
829,1694,779
829,1779,1347
830,28,1262
830,419,378
830,880,1739
830,1405,1029
831,142,1225
831,488,232
831,609,928
831,640,1273
831,722,1673
831,744,1050
831,781,891
831,862,1809
831,1122,1707
831,1669,885
832,1775,1064
832,1994,1271
833,424,38
834,94,434
834,95,1104
834,341,1030
834,677,1111
834,1297,478
834,1389,346
834,1817,1359
834,1836,1518
835,737,1968
835,1274,1432
835,1408,1539
835,1584,362
836,119,1186
836,767,1318
836,862,1034
837,124,1151
837,368,1574
837,741,218
838,354,1301
838,1413,20
838,1839,939
839,48,477
839,453,1172
839,741,163
840,194,21
840,386,1303
840,720,721
840,944,56
840,1623,1923
841,89,651
841,253,1870
841,477,1770
841,1444,1946
842,902,94
842,1284,294
843,152,1997
843,167,188
843,637,1516
843,696,1886
843,1159,1396
843,1185,702
843,1807,1127
843,1817,677
844,50,367
844,358,1992
844,1642,58
844,1781,409
845,305,1633
845,1435,1834
845,1577,784
846,110,1783
846,441,1132
846,1138,1833
846,1304,915
847,694,1694
847,1074,429
847,1495,330
847,1688,310
848,95,1897
848,306,303
848,358,1138
848,559,441
848,1814,1289
849,49,1760
849,109,811
849,696,1913
849,847,93
849,1686,322
850,41,30
850,242,1090
850,290,2
850,359,411
850,391,430
850,867,1437
850,935,1154
850,1877,6
851,146,1314
851,190,997
851,1437,1124
851,1535,1715
851,1686,847
851,1761,933
851,1885,1969
851,1965,105
852,367,307
852,1875,1475
853,909,778
853,1141,1085
853,1687,333
853,1706,1927
854,35,914
855,429,898
855,604,312
855,943,1502
855,985,1173
855,1075,853
855,1338,45
855,1637,1691
855,1806,1715
855,1991,1826
856,350,1557
856,505,655
856,508,1971
856,817,18
856,1113,75
856,1127,1457
856,1165,396
856,1844,1227
856,1995,856
857,310,845
857,470,1166
857,673,332
857,1247,1875
857,1977,1096
858,353,357
858,408,1316
858,800,1211
858,1346,1195
859,351,1172
859,1007,1968
859,1365,1712
860,222,173
860,766,1825
860,1426,1118
860,1684,1003
861,1233,1493
861,1355,206
861,1614,1816
862,244,254
862,722,1967
862,985,1484
862,1001,1126
863,516,1709
863,534,410
863,1023,275
863,1328,1814
863,1397,1548
864,44,238
864,152,1126
864,704,400
864,725,261
864,767,1354
864,1421,270
864,1476,1298
864,1935,732
865,397,602
865,602,1255
865,817,1980
865,1034,1248
865,1393,1168
865,1795,1881
866,336,1405
866,339,1699
866,380,996
866,419,81
866,552,516
866,567,111
866,979,1924
866,1519,1794
866,1616,772
867,748,713
867,841,956
868,361,1240
868,438,1053
868,555,477
868,1172,1472
868,1386,1041
868,1413,512
868,1711,212
869,161,881
869,1222,806
869,1238,15
870,816,533
870,1049,1522
870,1438,1094
871,691,1382
871,1153,805
871,1404,1541
871,1432,158
871,1925,1422
872,341,1412
872,923,957
872,981,125
872,1774,1692
873,1315,52
873,1701,1857
873,1793,579
873,1962,946
874,308,530
874,517,1416
874,640,1362
874,1125,282
874,1246,1736
874,1312,1378
874,1391,1723
874,1417,1850
874,1426,714
874,1808,213
875,179,603
875,1619,783
876,684,42
876,1802,1270
877,824,1394
877,1354,758
877,1827,373
878,507,1264
878,846,1880
878,1229,532
878,1976,977
879,163,673
879,1174,828
879,1999,1222
880,42,1450
880,432,1255
880,662,1402
880,1276,1247
880,1763,1853
881,203,1624
881,1634,599
881,1651,1924
881,1670,1686
881,1800,516
882,274,1807
882,275,639
882,349,361
882,1960,1151
883,49,1413
883,143,1943
883,434,308
883,564,583
883,850,1566
884,177,1233
884,197,1524
884,315,1408
884,851,1737
884,1198,1880
884,1250,1880
884,1504,660
885,837,752
885,1010,538
885,1675,1453
885,1700,953
885,1729,833
886,647,34
886,691,82
886,1358,1105
886,1621,1404
887,223,1395
887,408,822
887,1682,1483
887,1996,1472
888,11,735
888,201,1557
888,710,1323
888,989,557
888,1094,36
888,1818,1406
888,1986,304
889,237,928
889,664,30
889,699,61
889,707,1492
889,853,1905
889,1229,800
889,1291,872
889,1323,663
889,1353,544
889,1620,1674
890,24,591
890,562,1309
890,565,862
890,957,53
890,1470,1874
891,180,131
891,650,1665
891,839,251
891,1940,1744
892,296,442
892,463,348
892,592,1551
892,781,583
892,1300,1667
892,1691,1497
893,42,330
893,132,1952
893,237,1833
893,1035,1018
893,1049,1938
893,1133,1924
893,1171,222
893,1483,912
894,196,283
894,562,1529
895,23,1287
895,100,516
895,162,1857
895,522,713
895,1494,1952
896,478,1552
896,1018,1210
896,1144,603
896,1636,936
897,371,1251
897,611,1683
897,1489,16
897,1633,596
897,1707,1112
897,1891,582
898,361,1041
898,724,1635
898,875,1280
898,1293,649
898,1564,195
899,21,413
899,517,996
899,1073,1070
899,1772,240
899,1985,851
900,139,960
900,158,1461
900,541,189
900,815,1811
900,836,520
900,1378,603
900,1832,1958
901,204,1077
901,719,1479
901,877,1612
901,1331,1565
901,1753,561
902,368,528
902,733,364
903,187,731
903,558,757
903,934,1
903,1374,240
903,1471,277
904,730,1452
904,1563,766
905,451,664
905,1293,620
905,1383,437
905,1428,707
906,608,1761
906,795,16
906,1254,1669
906,1592,1316
906,1691,83
907,1355,868
907,1507,568
907,1527,1912
908,231,1046
908,495,1631
908,910,1946
909,478,1242
909,719,915
909,1030,1190
909,1518,851
909,1640,1173
910,87,1859
910,141,1028
910,737,1559
910,1213,1187
911,571,646
911,1066,258
911,1376,252
911,1599,1767
912,492,1852
912,766,801
912,1386,1375
912,1541,1218
912,1656,113
912,1813,794
913,38,1836
913,159,756
913,171,1733
913,474,1494
913,867,1221
913,1234,1469
913,1262,728
913,1318,420
914,972,693
914,1103,991
914,1224,1376
914,1543,546
914,1603,1432
915,295,301
915,400,421
915,666,506
915,757,854
915,898,817
915,1821,160
916,799,978
916,1597,397
916,1830,40
917,180,1754
917,1623,35
917,1933,238
918,287,864
918,325,236
918,826,684
918,1105,1997
918,1144,1331
918,1289,1469
918,1975,345
919,305,1774
919,354,1943
919,647,10
919,783,1046
919,870,352
919,1140,1136
919,1206,569
920,321,1892
920,411,1409
920,462,1266
920,542,614
920,773,272
920,1212,879
920,1298,743
920,1308,1985
920,1962,1794
920,1979,33
921,538,713
921,644,1746
921,1516,1709
921,1524,685
921,1734,759
921,1746,1143
921,1943,759
922,211,1660
922,843,489
922,847,342
922,1565,1126
922,1931,1704
923,368,1170
923,1268,109
923,1290,828
924,59,912
924,443,1256
924,691,248
924,935,1693
924,1308,1832
924,1818,467
924,1821,1803
925,77,116
925,154,1297
925,185,1479
925,562,779
925,631,948
925,1282,1117
925,1539,192
926,209,1261
926,909,1950
926,995,1026
926,1139,1425
926,1947,243
927,322,1697
927,350,1231
927,556,478
927,665,1940
927,1088,596
927,1648,273
928,88,213
928,270,1051
928,694,483
928,776,656
928,816,851
928,1221,1209
928,1291,1506
929,4,1920
929,839,904
929,1035,1239
929,1080,1599
929,1694,1379
929,1951,233
930,78,1116
930,200,300
931,23,995
931,180,644
931,1129,780
931,1805,95
931,1904,827
931,1946,999
932,290,1970
932,969,66
932,1046,737
932,1606,423
932,1781,1815
932,1910,659
932,1933,1394
933,148,656
933,301,1231
933,635,1401
933,1490,1065
933,1958,340
934,1,515
934,91,582
934,183,1820
934,273,1641
934,363,82
934,1358,197
935,33,14
935,1229,1507
935,1546,1216
935,1731,618
936,128,227
936,1699,227
936,1945,380
936,1979,493
936,1999,246
937,293,647
937,622,1161
937,755,1480
937,787,1865
937,800,1232
937,1264,353
937,1340,335
938,1411,1264
938,1431,1300
938,1878,1788
938,1900,655
939,27,1695
939,415,204
939,564,413
939,1019,1751
939,1395,943
939,1438,1362
939,1912,302
940,378,1670
940,1098,255
940,1157,498
940,1898,1220
941,33,254
941,1886,159
941,1964,1227
942,166,1796
942,947,1179
942,1265,727
942,1701,1449
943,125,1355
943,245,258
943,383,546
943,741,682
943,1083,1636
944,1013,1250
944,1583,1382
944,1732,349
945,780,703
945,1575,577
946,1368,1209
946,1370,191
946,1454,1163
946,1478,1971
946,1749,1520
947,406,536
947,503,931
947,758,1917
947,912,734
947,1188,1135
947,1226,1618
948,180,238
948,666,1136
948,1379,1472
948,1517,1619
948,1581,1391
948,1873,118
949,111,1326
949,303,970
949,1293,1959
949,1446,497
949,1580,283
949,1699,1323
949,1771,1675
949,1779,1841
950,21,419
950,201,1099
950,992,944
950,1343,352
950,1862,1435
951,850,1753
951,926,312
951,1132,833
951,1367,1087
951,1968,1698
952,760,1807
952,1058,160
952,1280,1631
952,1899,186
953,628,327
953,963,474
953,1267,83
954,225,1064
954,643,832
954,851,127
954,1092,1328
954,1578,1372
955,75,1978
955,861,1969
955,1394,307
955,1453,1919
955,1477,1799
956,637,336
956,844,1095
956,1352,1917
956,1821,94
956,1996,1783
957,60,319
957,548,1919
957,711,1571
957,1015,1118
957,1645,1129
958,1676,788
959,503,1777
959,725,875
959,1028,587
959,1217,320
959,1249,1331
959,1410,622
960,82,1038
960,243,1860
960,319,1733
960,589,1498
960,1095,17
960,1851,1710
960,1957,1958
961,632,1235
961,704,897
961,1204,45
961,1744,1015
961,1946,254
961,1967,49
962,194,1699
962,310,992
962,712,836
962,1453,1089
962,1765,789
963,70,1505
963,137,11
963,455,408
963,585,1099
963,1094,221
963,1619,1358
963,1930,1993
964,46,679
964,475,1352
964,1680,571
965,1896,1229
966,64,587
966,947,431
966,1084,732
966,1240,1349
967,1350,1074
967,1919,1459
968,497,1606
968,776,976
968,1653,833
969,129,36
969,239,1013
969,428,344
969,437,110
969,493,1739
969,713,1551
969,1123,110
969,1458,686
970,20,650
970,367,1935
970,549,1190
970,699,587
970,1020,1803
970,1063,935
970,1338,1219
971,137,186
971,478,1056
971,1201,1129
971,1437,313
971,1558,413
971,1889,787
972,921,530
972,1149,1686
972,1172,1805
972,1398,504
973,555,95
973,685,689
973,874,429
973,1054,846
973,1096,1410
973,1251,1740
973,1939,1125
974,404,204
974,1029,1836
974,1096,642
974,1170,1526
974,1995,1421
975,8,1846
975,199,897
975,234,570
975,549,1153
975,617,975
975,662,1556
975,918,1593
975,958,659
975,1348,1755
976,12,1930
976,159,271
976,274,1028
976,588,1005
976,1153,223
976,1244,592
976,1513,625
976,1715,1216
976,1767,1366
976,1776,1446
976,1973,799
977,326,705
977,942,1416
977,1433,275
978,1,679
978,70,1887
978,145,468
978,233,1683
978,621,1600
978,993,1377
978,1051,148
978,1354,1003
979,313,931
979,1300,1259
979,1433,125
979,1521,140
979,1668,137
980,223,228
980,438,202
980,815,89
980,902,697
980,981,431
980,1076,841
980,1843,82
980,1872,496
980,1893,1550
981,124,179
981,138,721
981,1192,820
981,1876,971
981,1882,1840
982,42,203
982,1019,1054
982,1928,1477
983,592,577
983,593,592
983,758,1023
984,71,534
984,147,682
984,990,1756
984,1504,1573
985,437,1770
985,1328,297
986,349,449
986,1105,465
986,1656,872
986,1969,1414
987,106,792
987,248,1161
987,359,991
987,559,1224
987,786,135
987,995,510
988,214,605
988,366,758
988,430,541
988,1580,1688
988,1611,135
988,1853,1024
989,218,485
989,1053,581
989,1053,1136
990,376,1679
990,771,1971
991,393,1960
991,566,1483
991,951,417
991,1086,1345
991,1551,883
992,111,1823
992,643,1238
992,819,1513
992,1047,571
992,1456,937
993,869,1562
993,1003,1631
993,1277,1408
993,1614,703
994,59,796
994,438,1104
994,718,690
994,1243,905
994,1282,1735
994,1491,448
995,169,1558
995,969,1550
995,1671,141
996,89,607
996,317,388
996,519,746
996,528,696
996,1347,894
997,406,1536
998,14,318
998,434,726
998,790,1551
998,1489,802
998,1554,1855
998,1581,1124
998,1586,1508
999,32,13
999,117,728
999,231,1817
999,476,648
999,887,1808
1000,39,229
1000,342,169
1000,514,1854
1000,1137,1552
1000,1371,1516
1000,1704,1684
1001,239,666
1001,576,546
1001,796,129
1001,1216,913
1001,1313,1369
1001,1516,1238
1001,1943,560
1002,195,1083
1002,591,287
1002,630,1312
1002,942,751
1002,1018,472
1002,1498,1993
1002,1772,304
1002,1997,701
1003,727,1185
1003,735,1536
1003,1387,1544
1003,1451,1152
1004,77,184
1004,86,1685
1004,650,1235
1004,943,344
1004,979,893
1004,1033,535
1004,1092,767
1004,1254,512
1004,1504,718
1005,480,768
1005,896,1390
1005,947,1234
1006,14,715
1006,64,1023
1006,213,658
1006,894,1617
1006,970,281
1006,983,1148
1006,1376,215
1006,1901,1822
1007,3,198
1007,347,225
1007,1900,1962
1007,1984,186
1008,48,1371
1008,237,199
1008,1654,368
1008,1839,1804
1009,230,1732
1009,1655,1790
1009,1805,775
1009,1852,1441
1010,186,1547
1010,233,163
1010,487,444
1010,842,1560
1010,882,1828
1011,53,739
1011,896,164
1012,123,435
1012,242,459
1012,459,1706
1012,868,985
1012,1383,1110
1012,1713,1436
1012,1729,740
1013,1223,1807
1013,1402,1090
1013,1492,244
1013,1549,950
1014,279,457
1014,590,1356
1014,902,906
1014,1125,1046
1014,1638,1396
1014,1960,569
1014,1975,75
1015,449,1884
1015,1509,1185
1016,288,678
1016,483,1843
1016,1811,184
1016,1864,425
1017,130,1898
1017,578,269
1017,1039,461
1017,1301,1735
1017,1796,486
1018,47,184
1018,361,327
1018,605,531
1018,752,1892
1018,954,201
1018,1218,1636
1018,1309,381
1019,304,1337
1019,395,1235
1019,411,260
1020,372,1096
1020,631,1512
1020,915,647
1020,1054,956
1020,1280,905
1020,1386,193
1020,1388,54
1021,8,1086
1021,95,562
1021,431,1090
1021,607,413
1021,940,1166
1021,1113,1653
1021,1800,631
1022,285,1297
1022,810,1811
1022,1060,792
1022,1770,648
1022,1785,1993
1022,1913,1391
1023,185,377
1023,208,1459
1023,384,90
1023,1366,1051
1023,1731,888
1023,1939,1474
1024,27,1571
1024,639,817
1024,1011,349
1024,1313,227
1024,1568,1710
1024,1910,247
1025,231,368
1025,654,661
1025,1560,365
1025,1752,1763
1025,1757,833
1025,1979,937
1026,643,1071
1026,1273,1614
1026,1685,3
1027,551,841
1027,625,655
1027,626,1452
1027,889,1584
1027,1587,1252
1028,763,1599
1028,765,482
1028,1169,1844
1028,1410,252
1028,1429,452
1028,1677,1777
1029,217,593
1029,1467,1402
1029,1661,1566
1029,1865,1778
1029,1887,26
1030,164,1227
1030,342,1546
1030,431,714
1030,602,696
1030,1540,240
1031,33,233
1031,65,1652
1031,206,1028
1031,413,153
1031,1009,1905
1031,1176,1290
1031,1203,1443
1031,1619,44
1032,275,1973
1032,1322,593
1032,1805,787
1033,1303,943
1033,1569,1596
1033,1646,614
1034,226,1499
1034,326,851
1034,350,174
1034,812,1301
1034,1017,1553
1035,302,150
1035,743,845
1035,933,764
1036,51,1636
1036,91,946
1036,135,720
1036,137,1982
1036,543,271
1036,921,538
1036,1434,1315
1037,114,801
1037,586,1287
1037,1311,584
1037,1762,901
1038,614,1731
1038,686,565
1038,786,1405
1038,1293,63
1038,1677,1710
1039,449,950
1039,580,548
1039,678,1325
1039,937,1971
1039,1134,41
1039,1260,794
1039,1869,217
1040,164,1743
1040,210,830
1040,683,108
1040,1604,1190
1040,1937,833
1040,1983,1196
1041,229,1935
1041,794,1538
1041,1073,1739
1041,1151,423
1041,1453,203
1041,1526,1782
1041,1540,1033
1041,1599,1886
1041,1757,1242
1042,524,727
1042,556,1282
1042,766,1021
1042,1126,375
1043,447,1291
1043,488,835
1043,868,1130
1043,963,1015
1043,1452,1000
1044,397,1855
1044,874,1318
1044,1567,593
1045,185,812
1045,870,845
1046,250,985
1046,969,1625
1047,114,1480
1047,1130,639
1047,1139,1168
1047,1288,1330
1047,1518,1432
1047,1768,395
1047,1815,1713
1048,764,260
1048,807,398
1048,1558,312
1049,409,1002
1049,612,1726
1049,764,33
1049,835,211
1049,1272,688
1049,1485,161
1049,1501,1178
1049,1730,1279
1049,1855,960
1050,932,1031
1050,1119,1318
1050,1179,1966
1050,1376,1591
1050,1965,1334
1051,100,1386
1051,1214,121
1051,1583,431
1051,1733,1743
1051,1767,1083
1051,1959,527
1052,209,423
1052,244,772
1052,287,913
1052,723,1950
1052,1758,641
1053,1317,575
1053,1840,314
1054,196,1016
1054,237,145
1054,1150,217
1054,1775,1084
1054,1846,862
1055,286,671
1055,928,1375
1055,1691,1829
1056,357,1130
1056,563,1085
1056,1743,255
1057,29,1926
1057,1192,394
1057,1776,765
1058,641,892
1058,831,976
1058,1093,1475
1058,1639,1170
1058,1850,291
1058,1962,830
1059,672,1203
1059,884,369
1059,1226,1087
1059,1567,492
1060,942,1718
1060,1837,1075
1060,1908,1251
1061,73,960
1061,313,622
1061,955,1014
1062,365,1700
1062,424,1148
1062,431,741
1062,720,471
1062,950,366
1062,1142,1188
1062,1714,1197
1062,1782,1894
1062,1832,581
1063,198,207
1063,569,1177
1063,1238,514
1063,1905,1994
1064,186,1358
1064,1058,1182
1064,1320,687
1064,1571,1008
1064,1895,1651
1065,283,1346
1065,355,240
1065,903,649
1065,1851,1875
1066,139,1610
1066,472,624
1066,1479,7
1066,1621,849
1066,1928,1471
1066,1949,1284
1067,586,1457
1067,589,1018
1067,613,1157
1067,617,938
1067,650,389
1067,697,1550
1067,760,49
1067,989,713
1067,1297,1699
1068,387,1537
1068,1001,1765
1068,1360,1697
1069,237,8
1069,521,1412
1069,605,297
1069,649,1086
1069,861,758
1069,1864,1572
1070,507,501
1070,660,1259
1070,1333,1577
1071,1536,529
1071,1822,1249
1071,1905,1574
1071,1979,593
1071,1994,1566
1072,130,538
1072,527,41
1072,1636,1032
1072,1907,1950
1072,1996,738
1073,1,816
1073,69,1718
1073,143,931
1073,504,496
1073,1464,1698
1073,1566,170
1074,852,1314
1074,997,286
1074,1363,544
1074,1702,540
1075,619,358
1075,955,1970
1075,1234,1227
1075,1838,1420
1076,673,1864
1076,771,642
1076,1422,989
1077,146,1703
1077,1345,509
1077,1570,1168
1078,191,1323
1078,209,1027
1078,318,1367
1078,905,1421
1078,1698,251
1078,1717,349
1079,358,543
1079,1153,1177
1079,1636,1276
1080,80,690
1080,114,1253
1080,492,1183
1080,857,1978
1080,1250,1885
1080,1430,1943
1081,38,864
1081,649,782
1081,1016,389
1081,1441,740
1081,1488,579
1081,1820,24
1082,6,305
1082,123,1869
1082,254,1823
1082,642,1170
1083,260,1490
1083,444,1465
1083,514,1988
1084,577,698
1084,751,815
1084,863,1612
1085,421,503
1085,878,469
1085,977,702
1085,1000,130
1086,685,1228
1086,721,815
1086,1153,17
1087,704,871
1087,745,153
1087,927,720
1087,1027,1870
1088,1512,811
1089,324,1635
1089,651,1395
1089,1008,787
1089,1129,842
1089,1459,1128
1090,107,1352
1090,653,1582
1090,937,1338
1090,1429,255
1091,724,812
1091,1058,1262
1091,1258,517
1091,1348,1815
1092,191,1029
1092,487,597
1092,1037,500
1092,1232,1934
1092,1476,314
1092,1729,1219
1093,55,1857
1093,146,710
1093,259,561
1093,408,1496
1093,489,633
1093,1008,1090
1093,1153,143
1093,1228,907
1094,35,1266
1094,814,446
1094,1037,1891
1094,1187,720
1094,1245,1761
1094,1725,339
1095,12,1313
1095,45,380
1095,193,258
1095,1512,1480
1096,388,1734
1096,406,321
1096,1090,803
1096,1239,669
1096,1604,749
1096,1667,1842
1096,1802,704
1096,1914,735
1097,19,1435
1097,47,1060
1097,834,1926
1098,15,1874
1098,586,583
1098,678,1923
1098,1075,1313
1098,1101,1261
1098,1604,1663
1098,1620,1888
1098,1662,551
1098,1682,471
1099,382,749
1099,1216,1306
1099,1537,546
1099,1683,871
1100,8,1993
1100,191,531
1100,360,323
1100,378,830
1100,1642,1360
1101,591,344
1101,939,677
1101,1092,15
1102,1045,429
1102,1406,1473
1102,1427,1381
1102,1530,1504
1102,1745,943
1103,63,1827
1103,402,539
1103,538,1529
1103,555,1910
1103,1007,578
1103,1461,1676
1103,1501,248
1104,110,1856
1104,272,1338
1104,362,1210
1104,497,1795
1104,1546,1494
1104,1694,2
1104,1952,1594
1105,444,1544
1105,748,1959
1105,1213,529
1106,165,283
1106,513,1635
1106,858,1202
1106,877,1008
1106,1295,1703
1106,1471,91
1107,66,1029
1107,294,172
1107,493,498
1107,677,46
1107,679,786
1107,908,103
1107,1712,30
1107,1914,557
1108,73,1264
1108,123,1914
1108,847,1988
1108,1031,213
1108,1313,1350
1108,1400,1638
1108,1566,556
1109,307,1755
1109,591,1604
1109,709,1302
1109,1181,1551
1110,124,1531
1110,269,423
1110,632,359
1110,703,1657
1110,1207,440
1111,717,1125
1111,946,846
1111,1335,926
1111,1427,1003
1112,1073,1011
1112,1099,826
1112,1154,1347
1113,188,169
1113,252,43
1113,421,1013
1113,660,1786
1113,712,662
1113,1627,39
1113,1811,151
1113,1885,1991
1114,85,1064
1114,351,866
1114,1039,1610
1115,204,1297
1115,460,1326
1115,607,210
1115,868,1089
1115,1385,300
1115,1472,1303
1115,1841,1868
1115,1846,1320
1115,1898,162
1116,432,1356
1116,859,451
1117,73,1709
1117,368,1396
1117,375,769
1117,438,768
1117,527,1358
1117,601,657
1117,604,1966
1117,1023,641
1117,1653,212
1118,447,870
1118,693,1666
1118,696,1504
1118,725,1384
1118,764,1141
1118,1638,1235
1119,164,1510
1119,381,1540
1119,410,975
1119,533,1682
1119,1000,376
1119,1562,1353
1119,1777,33
1119,1924,853
1120,569,1269
1120,1163,522
1120,1672,1502
1120,1928,1839
1120,1949,1233
1120,1974,650
1121,487,121
1121,1069,765
1121,1849,1035
1122,325,1994
1122,806,199
1122,913,1837
1122,1503,856
1122,1821,1845
1123,538,485
1123,911,276
1123,989,1275
1123,1096,549
1123,1925,1489
1124,540,1478
1124,944,1320
1124,1647,1738
1125,149,595
1125,261,1715
1125,568,466
1125,1018,1103
1125,1066,250
1126,52,1287
1126,139,82
1126,822,1033
1126,1545,1108
1127,172,725
1127,779,89
1127,1257,1427
1128,156,1878
1128,422,1672
1128,562,256
1128,1107,298
1129,222,359
1129,315,1255
1129,413,1307
1129,533,1113
1129,977,82
1129,980,1938
1129,1043,1314
1129,1217,1806
1129,1445,875
1129,1699,1521
1129,1822,320
1129,1990,1907
1130,110,26
1130,153,320
1130,396,1351
1130,1605,1141
1131,724,1721
1131,787,633
1131,835,190
1132,248,755
1132,657,418
1132,1488,359
1132,1751,470
1133,124,1721
1133,598,1428
1133,1129,1486
1133,1196,648
1133,1469,466
1133,1762,1930
1133,1789,623
1133,1791,1136
1134,834,595
1134,859,1163
1134,1172,755
1134,1403,1104
1134,1456,1698
1134,1478,1895
1135,190,1222
1135,424,1200
1135,613,1908
1136,457,1729
1137,1097,38
1137,1635,188
1138,20,1058
1138,1015,96
1138,1355,1471
1138,1428,1025
1138,1532,1126
1138,1874,1083
1139,541,266
1139,1128,1163
1140,121,1398
1140,329,293
1140,547,1835
1140,1350,1762
1141,1124,0
1141,1437,864
1141,1478,83
1142,25,702
1142,49,107
1142,144,1177
1142,793,1057
1143,850,1528
1143,970,1961
1143,1598,230
1143,1614,1320
1144,756,1887
1144,1219,649
1144,1706,1368
1145,84,1188
1145,106,603
1145,1136,990
1145,1515,949
1145,1758,111
1145,1809,462
1145,1873,1193
1146,893,864
1146,1102,364
1146,1810,1791
1147,606,1549
1147,904,1003
1147,981,808
1147,1141,1908
1147,1912,1913
1148,16,316
1148,19,229
1148,317,1953
1148,346,425
1148,570,989
1148,895,808
1148,993,937
1148,1242,1715
1148,1486,672
1148,1603,1830
1148,1897,1459
1148,1995,1571
1149,671,1874
1149,991,1248
1149,1261,1506
1149,1319,1848
1149,1321,253
1150,180,897
1150,299,1604
1150,327,1844
1150,675,1372
1150,1771,459
1151,845,1982
1151,1425,556
1151,1516,1980
1151,1596,799
1151,1627,1000
1151,1749,320
1152,119,1666
1152,1016,1064
1152,1596,206
1152,1769,453
1152,1827,909
1153,251,482
1153,694,941
1153,767,1759
1153,962,1823
1153,1321,1387
1153,1575,319
1154,84,1690
1154,409,1212
1154,533,125
1154,892,1390
1154,1117,151
1154,1852,1249
1155,730,196
1155,890,1072
1156,91,1154
1156,306,669
1156,748,1253
1157,63,1629
1157,188,1995
1157,1070,647
1157,1226,832
1157,1432,1909
1157,1492,1857
1158,213,1918
1158,332,397
1158,769,1242
1158,893,1778
1158,895,65
1158,986,1414
1158,1463,1831
1158,1757,1994
1158,1797,600
1159,124,1626
1159,337,505
1159,391,713
1159,1488,1283
1160,341,753
1160,678,612
1160,1204,1193
1160,1640,1087
1160,1709,1739
1161,240,28
1161,370,49
1161,441,1953
1161,1254,472
1161,1285,1018
1161,1392,595
1161,1745,111
1161,1794,1470
1162,269,190
1162,814,1984
1162,861,407
1162,1366,352
1162,1506,547
1162,1608,65
1162,1628,658
1163,940,1100
1163,989,1443
1163,1119,1770
1163,1539,285
1163,1574,1062
1163,1712,1426
1164,59,355
1164,80,1808
1164,195,805
1164,398,1941
1164,431,1438
1164,806,445
1164,999,81
1164,1271,123
1164,1353,657
1165,19,1191
1165,78,62
1165,160,260
1165,537,1489
1165,938,83
1165,1261,1966
1165,1281,966
1165,1435,1774
1165,1800,1005
1165,1879,445
1166,1004,1931
1166,1828,1856
1167,356,771
1167,1150,398
1167,1280,1940
1167,1635,1793
1167,1752,466
1168,284,670
1168,382,1361
1168,853,383
1168,1499,837
1168,1530,1195
1169,401,257
1169,534,620
1169,873,1499
1169,1111,355
1169,1240,797
1169,1311,1255
1169,1376,316
1170,256,203
1170,706,736
1170,1320,790
1170,1981,160
1171,853,1265
1171,962,974
1171,1247,968
1171,1290,1630
1172,982,560
1172,1509,10
1172,1988,1866
1173,258,1305
1173,312,873
1174,1213,329
1174,1999,706
1175,281,961
1175,582,961
1175,979,1292
1175,1370,1011
1175,1502,678
1175,1603,571
1175,1713,996
1175,1828,1323
1176,7,1055
1176,118,1293
1176,259,902
1177,9,534
1177,151,256
1177,605,1432
1177,683,1299
1177,1276,724
1178,398,1471
1178,494,1747
1178,568,0
1178,600,1865
1178,1033,184
1178,1202,1947
1179,1387,1859
1179,1422,890
1179,1569,1892
1179,1601,496
1180,377,1667
1180,646,1133
1180,733,1381
1180,744,723
1180,918,1981
1180,965,771
1180,1678,1858
1181,719,1535
1181,768,1494
1181,1179,1330
1181,1509,3
1182,281,904
1182,393,1442
1182,466,1477
1182,820,1214
1182,830,925
1182,944,940
1182,1224,1582
1182,1295,550
1182,1327,209
1182,1471,1715
1182,1789,262
1183,878,263
1183,1020,1734
1183,1039,435
1183,1476,640
1183,1590,1420
1184,194,1212
1184,199,74
1184,285,1399
1184,355,1496
1184,1159,1972
1184,1483,1057
1184,1563,28
1185,661,97
1185,737,1907
1186,455,1826
1186,747,1499
1186,786,1304
1186,919,1394
1187,649,85
1187,712,721
1187,1040,1728
1187,1242,1340
1187,1423,1141
1187,1763,1228
1188,437,1093
1188,822,762
1188,1377,1452
1188,1784,1964
1188,1944,1587
1189,997,1948
1189,1971,543
1191,635,1861
1191,1215,559
1192,49,1288
1192,511,477
1192,1480,1173
1192,1616,85
1192,1639,161
1193,66,1345
1193,469,1894
1193,964,1918
1193,1168,1930
1193,1653,339
1194,1078,454
1194,1450,1171
1194,1852,1696
1195,55,1567
1195,84,952
1195,630,1631
1195,817,741
1195,1188,1933
1195,1812,1108
1195,1989,8
1196,786,178
1196,976,1029
1196,1186,1474
1196,1937,1424
1197,223,318
1197,245,810
1197,877,1838
1197,1171,372
1198,344,1794
1198,496,412
1198,519,535
1198,622,1011
1198,989,1893
1199,167,1574
1199,602,949
1199,675,1815
1199,1013,453
1199,1086,18
1199,1934,1376
1200,206,689
1200,218,685
1200,408,1287
1200,484,1009
1200,530,1878
1200,1382,207
1200,1409,1675
1201,839,601
1201,930,712
1201,1346,1389
1201,1959,1150
1202,645,1809
1202,1066,1977
1202,1187,1351
1202,1270,1803
1202,1320,1568
1202,1482,931
1202,1609,1131
1203,372,1572
1203,1338,1839
1203,1531,1843
1203,1861,1402
1204,145,837
1204,786,615
1204,861,1300
1204,1134,471
1204,1144,1062
1204,1411,718
1205,252,1581
1205,451,14
1205,626,342
1205,878,625
1205,1009,752
1205,1119,1512
1205,1350,974
1205,1414,1024
1205,1682,1652
1205,1822,921
1205,1956,1189
1206,92,1006
1206,820,1073
1206,854,1935
1206,1284,1976
1207,1033,346
1207,1065,1397
1207,1423,1147
1207,1556,1074
1208,679,1781
1208,807,1280
1208,855,346
1209,330,1325
1209,391,1529
1209,864,65
1209,1094,1582
1209,1548,769
1209,1559,1080
1209,1562,734
1209,1618,1553
1209,1902,1948
1210,130,1674
1210,202,1736
1210,443,1550
1210,888,1363
1210,1484,1252
1210,1924,1149
1211,735,568
1211,1246,1262
1211,1990,1010
1212,1426,18
1213,100,1486
1213,261,530
1213,549,660
1213,651,1651
1214,962,1949
1214,996,1079
1214,1693,670
1215,85,1390
1215,463,1063
1215,511,171
1215,688,1038
1216,565,1084
1216,1038,787
1216,1342,49
1216,1347,11
1216,1964,136
1217,73,1559
1217,278,615
1217,1051,466
1217,1066,1149
1217,1091,1352
1218,333,1111
1218,1100,312
1219,673,1108
1220,5,567
1220,33,1060
1220,991,230
1220,1497,1135
1220,1619,1266
1220,1788,1612
1221,130,788
1221,173,1809
1221,475,472
1221,1073,691
1221,1579,1679
1221,1643,429
1222,22,1549
1222,406,159
1222,448,60
1222,473,1631
1222,579,205
1222,584,1628
1222,636,354
1222,795,1251
1222,971,543
1222,1097,33
1222,1103,344
1222,1575,84
1223,935,1292
1223,1072,1893
1223,1086,603
1223,1239,246
1224,81,1821
1224,176,294
1224,752,934
1224,1005,882
1224,1606,664
1225,997,614
1225,1099,1528
1225,1467,1416
1225,1514,1254
1226,576,800
1226,655,632
1226,1423,368
1226,1541,342
1227,879,1302
1227,1045,1056
1227,1353,1609
1227,1612,1351
1227,1985,1154
1228,63,854
1228,664,1292
1228,827,1352
1228,931,1077
1228,1119,10
1228,1476,1244
1229,21,1283
1229,480,716
1229,866,184
1229,983,408
1229,1649,247
1230,132,1318
1230,843,1407
1231,1584,1554
1231,1585,778
1231,1640,17
1231,1809,1617
1232,136,1575
1232,220,1209
1232,434,1079
1232,1082,589
1232,1209,454
1232,1625,1303
1233,313,1556
1233,1130,442
1233,1184,1949
1233,1684,369
1234,1065,1970
1234,1459,157
1234,1637,1013
1234,1788,307
1235,402,1589
1235,611,678
1235,1594,1733
1235,1945,828
1235,1965,1226
1235,1981,1334
1236,512,52
1236,961,70
1236,1177,1923
1236,1531,1910
1236,1693,1796
1237,13,1027
1237,466,1474
1237,1176,260
1237,1851,844
1237,1905,871
1237,1972,1267
1238,335,859
1238,567,1979
1238,761,487
1238,1234,80
1238,1322,182
1238,1391,669
1238,1555,1229
1238,1653,505
1238,1882,310
1239,314,1390
1239,674,919
1239,974,1026
1239,1047,1932
1239,1446,381
1239,1574,1257
1241,147,517
1241,1047,236
1241,1526,1017
1241,1712,1775
1241,1807,659
1241,1972,398
1242,177,576
1242,451,667
1242,458,1411
1242,559,68
1242,656,822
1242,928,583
1242,965,1776
1242,1043,386
1242,1292,1721
1242,1750,64
1243,399,1458
1243,784,879
1243,1614,737
1243,1822,889
1243,1973,1531
1244,181,1675
1244,384,142
1244,598,1759
1244,1010,1062
1245,303,134
1245,1313,399
1245,1505,1688
1246,492,1153
1246,1080,866
1246,1394,1420
1246,1867,1198
1247,86,1243
1247,407,313
1247,409,1593
1247,544,1130
1247,1693,943
1247,1708,752
1248,108,1458
1248,325,745
1248,485,1665
1248,511,340
1248,786,1014
1248,1048,1133
1248,1622,708
1248,1966,1515
1249,453,1326
1249,930,314
1249,1331,336
1249,1356,321
1249,1368,776
1249,1703,1427
1250,1227,1539
1250,1647,337
1250,1910,1563
1251,349,1710
1251,371,386
1251,427,1454
1251,1353,1416
1251,1713,1627
1252,59,1766
1252,243,191
1252,452,1309
1252,603,664
1253,584,1421
1253,1246,112
1253,1283,468
1253,1946,180
1254,251,887
1254,582,283
1254,1086,1505
1254,1110,1178
1254,1170,828
1254,1395,899
1254,1626,166
1254,1897,1253
1255,108,1850
1255,702,749
1255,1653,1421
1255,1686,1658
1255,1712,1557
1255,1827,693
1255,1831,1460
1256,1167,1988
1256,1176,1636
1256,1250,675
1256,1280,620
1256,1368,1467
1256,1412,1702
1256,1611,730
1256,1829,988
1257,13,1565
1257,130,1084
1257,130,1473
1257,1317,217
1257,1808,404
1258,1208,173
1258,1482,254
1258,1746,1575
1259,132,342
1259,215,511
1259,613,744
1259,722,492
1259,1228,79
1259,1568,1917
1259,1857,619
1260,10,1855
1260,451,129
1260,759,897
1260,835,1923
1260,1052,1104
1260,1165,616
1261,285,1607
1261,1369,1862
1261,1406,906
1262,35,1954
1262,296,663
1262,400,937
1262,934,1215
1262,1102,1515
1262,1554,1836
1262,1909,842
1263,544,1083
1263,546,1240
1263,738,1414
1263,786,564
1263,1003,1408
1265,923,1858
1265,927,557
1265,942,1703
1265,1343,101
1265,1501,884
1266,116,1118
1266,463,1726
1266,729,319
1266,878,1252
1266,1236,1168
1266,1665,1994
1266,1843,348
1266,1892,329
1268,207,695
1268,1207,1883
1268,1263,503
1268,1810,1931
1269,780,619
1269,1078,516
1269,1228,968
1269,1878,1393
1270,489,656
1270,1779,1599
1271,106,1172
1271,145,967
1271,592,1337
1271,753,1638
1271,910,380
1271,1112,1843
1271,1305,990
1272,499,1963
1272,1153,204
1273,549,1799
1273,995,572
1275,1240,1435
1275,1922,1323
1276,99,1216
1276,197,1556
1276,368,930
1276,642,1358
1276,985,1942
1276,1203,1070
1276,1350,1046
1276,1862,646
1277,21,928
1277,436,489
1277,813,1197
1277,838,793
1277,844,104
1277,1143,1360
1277,1176,1874
1277,1436,1208
1277,1654,542
1278,720,1156
1278,1463,595
1278,1570,825
1278,1594,1303
1279,905,146
1279,1197,341
1279,1521,1961
1279,1656,1848
1279,1660,66
1280,490,1058
1280,620,1258
1280,914,1185
1280,1015,1216
1280,1260,1726
1280,1622,486
1281,156,430
1281,782,1137
1281,1501,529
1282,370,240
1282,470,1160
1282,634,419
1282,884,134
1282,1280,198
1282,1299,1237
1282,1390,874
1282,1605,1713
1282,1977,1784
1283,134,431
1283,258,268
1283,489,562
1283,955,872
1283,1471,1817
1283,1502,509
1283,1542,846
1283,1869,1278
1284,16,503
1284,398,687
1284,647,309
1284,943,1826
1284,1479,827
1284,1692,1602
1284,1877,532
1285,157,1016
1285,848,768
1285,1359,1993
1285,1524,1275
1286,396,534
1286,636,1472
1286,1002,1219
1286,1011,950
1286,1101,597
1286,1793,72
1286,1930,275
1286,1956,551
1287,961,1433
1287,1141,1679
1288,549,1913
1288,969,1184
1288,1921,1558
1289,12,132
1289,135,1325
1289,377,381
1289,1325,1074
1289,1361,502
1289,1520,1232
1289,1629,573
1289,1636,1234
1289,1654,1757
1290,19,616
1290,803,1224
1290,908,1620
1290,1246,1636
1291,636,1400
1291,1518,1359
1291,1735,1460
1291,1937,673
1292,381,973
1293,128,515
1293,324,693
1293,719,61
1293,996,1149
1293,1181,1606
1293,1361,668
1293,1581,1409
1293,1592,733
1294,435,1198
1294,930,1004
1294,1055,1177
1295,876,339
1295,1239,1991
1295,1337,911
1295,1805,1582
1296,167,695
1296,233,1086
1296,1005,1981
1296,1198,1123
1296,1715,1376
1297,737,1788
1297,879,826
1297,1284,1108
1297,1441,1787
1297,1443,1453
1297,1615,451
1297,1700,690
1298,295,610
1298,656,598
1299,162,157
1299,289,1921
1299,304,469
1299,1563,1709
1300,1258,1547
1300,1299,1759
1300,1410,754
1301,327,47
1301,360,171
1301,412,556
1301,1100,1420
1301,1712,1213
1302,10,1647
1302,44,378
1302,650,1028
1302,1024,416
1302,1172,1590
1302,1813,1972
1303,867,901
1303,1634,901
1303,1867,1956
1304,240,1066
1304,1439,1018
1305,38,1799
1305,567,1568
1305,623,1822
1305,1175,1139
1305,1679,807
1306,249,1450
1306,356,1625
1306,476,107
1306,1091,1656
1306,1216,145
1306,1406,1103
1306,1961,1929
1307,197,1948
1307,811,227
1308,62,1019
1308,1625,1275
1308,1837,830
1308,1872,559
1308,1962,1434
1309,228,51
1309,1222,1988
1309,1967,997
1309,1995,758
1310,554,1071
1310,1241,1545
1310,1309,1093
1310,1409,1140
1311,1,1910
1311,1040,673
1311,1346,885
1311,1519,476
1311,1654,1901
1312,278,6
1312,345,1212
1312,642,1513
1312,659,226
1312,1188,245
1313,309,1848
1313,788,304
1313,823,1177
1313,984,1790
1313,1313,376
1314,77,487
1314,1071,920
1314,1712,795
1314,1960,120
1315,65,1237
1315,509,1686
1315,541,1547
1315,841,875
1315,1095,1843
1315,1256,1881
1315,1607,1150
1315,1930,1846
1316,358,1700
1316,563,867
1316,636,680
1316,877,277
1316,1301,1279
1316,1726,1428
1317,381,1397
1317,411,578
1317,1374,780
1317,1589,1433
1317,1621,672
1317,1974,63
1318,929,318
1318,1145,174
1318,1931,819
1319,805,1696
1319,832,1616
1319,1454,1569
1319,1745,86
1319,1914,89
1320,33,142
1320,172,1192
1320,1352,125
1320,1606,678
1320,1999,1134
1321,955,923
1321,1371,1365
1321,1669,302
1321,1946,1976
1321,1987,824
1322,181,1773
1322,390,1988
1322,394,1463
1322,471,282
1322,908,1657
1322,1242,167
1322,1457,1005
1322,1743,1049
1323,80,632
1323,111,1605
1323,328,525
1323,353,80
1324,161,1888
1324,391,585
1324,502,1938
1324,818,1980
1324,1672,1924
1324,1854,75
1325,563,1314
1325,604,1021
1325,685,134
1325,1093,1463
1325,1216,1247
1325,1254,90
1325,1614,901
1325,1931,1064
1326,131,818
1326,753,1546
1326,760,117
1326,1178,695
1326,1662,442
1326,1680,1047
1326,1849,205
1327,571,164
1327,639,1213
1327,659,1516
1327,854,1820
1327,1144,1443
1327,1239,1019
1327,1664,590
1328,267,29
1328,828,1588
1328,933,847
1328,1521,1089
1329,489,1434
1329,649,356
1329,1102,357
1329,1333,158
1329,1562,266
1330,145,1622
1330,495,892
1330,764,897
1330,1394,1317
1330,1555,64
1330,1850,334
1331,140,1599
1331,339,289
1331,403,730
1331,565,430
1331,693,1215
1331,717,883
1331,782,563
1331,1652,1878
1331,1892,287
1331,1997,1962
1332,408,1548
1332,553,1261
1332,1318,1659
1332,1622,76
1332,1756,501
1333,431,1570
1333,1552,1407
1333,1920,1383
1334,385,658
1334,838,1051
1334,905,1876
1334,1608,257
1334,1687,618
1335,602,956
1335,1170,401
1335,1175,475
1335,1757,558
1336,283,1189
1336,1739,1233
1337,596,1454
1337,714,75
1337,1013,837
1337,1914,1803
1338,36,210
1338,775,748
1338,991,1239
1338,1483,99
1338,1538,506
1338,1712,40
1338,1786,887
1339,39,965
1339,368,871
1339,527,1781
1339,797,1130
1339,1049,1558
1339,1587,304
1339,1965,1372
1340,590,1501
1340,738,512
1340,1196,801
1340,1333,1797
1340,1375,934
1340,1603,1606
1340,1674,390
1340,1932,1402
1341,656,1867
1341,1257,1510
1341,1823,500
1341,1823,1982
1342,24,966
1342,186,1441
1342,1323,1611
1342,1573,1053
1343,1274,1947
1343,1408,11
1343,1430,1356
1343,1910,1156
1344,597,1656
1344,695,290
1344,938,1350
1344,1830,1711
1344,1975,1856
1345,281,179
1345,496,1461
1345,761,761
1345,959,268
1345,1912,1869
1346,492,349
1346,598,1375
1346,820,142
1346,1777,1593
1347,682,551
1347,1003,1076
1347,1476,898
1347,1516,359
1347,1698,1420
1348,183,1592
1348,315,1464
1348,644,1962
1348,810,562
1348,1057,1637
1348,1127,360
1348,1206,1958
1348,1385,174
1348,1979,814
1349,375,1430
1349,882,725
1349,1076,530
1349,1093,911
1349,1526,639
1349,1708,726
1349,1721,350
1350,787,1919
1350,982,929
1350,1062,1393
1350,1161,1292
1350,1325,1505
1350,1766,307
1351,737,1770
1352,384,6
1352,576,609
1352,1525,658
1352,1708,1
1353,63,970
1353,350,1927
1353,391,612
1353,471,849
1353,605,627
1353,778,175
1354,825,21
1354,1131,588
1354,1646,1912
1355,515,1926
1355,616,1004
1355,925,634
1355,1854,353
1356,497,1003
1356,870,237
1356,1065,552
1356,1467,1351
1356,1723,1110
1356,1979,1727
1357,55,171
1357,434,1314
1357,489,1736
1357,1191,151
1357,1371,159
1357,1723,330
1357,1745,1869
1357,1912,1031
1358,104,1017
1358,212,1922
1358,1078,89
1358,1199,434
1358,1832,1777
1358,1868,1798
1359,289,1877
1359,972,979
1359,1296,1268
1360,96,1897
1360,825,852
1360,1368,175
1360,1428,733
1360,1686,1923
1360,1811,1406
1360,1885,676
1361,216,1254
1361,727,340
1361,732,972
1361,966,669
1361,972,325
1361,1414,49
1361,1929,337
1362,410,1576
1362,544,243
1362,1739,1641
1362,1963,1574
1363,122,723
1363,426,968
1363,1427,1085
1363,1757,1938
1364,570,288
1364,668,431
1364,1171,179
1364,1596,1122
1364,1680,878
1365,19,1840
1365,301,1637
1365,446,1993
1365,795,394
1365,1876,136
1365,1912,1262
1366,198,175
1366,631,93
1366,695,341
1366,1071,938
1366,1183,1716
1366,1454,854
1366,1755,1920
1367,204,1964
1367,560,53
1367,563,801
1367,711,1453
1367,783,86
1367,974,1422
1367,1576,1577
1367,1745,1052
1368,250,1068
1368,638,427
1368,704,1655
1368,770,1702
1368,1180,1105
1368,1258,569
1368,1753,701
1368,1852,1186
1369,403,1969
1369,423,1060
1369,1135,134
1369,1939,132
1370,195,378
1370,624,331
1370,941,1662
1371,213,1446
1371,234,1155
1371,650,271
1371,1349,385
1371,1466,643
1372,12,947
1372,546,1437
1372,810,39
1372,1289,1584
1372,1308,1493
1372,1356,1233
1372,1889,88
1373,403,745
1373,867,1041
1373,1657,1092
1374,556,1972
1374,631,891
1374,1342,480
1375,137,513
1375,266,1221
1375,490,518
1375,1048,1576
1375,1160,704
1375,1487,1906
1375,1563,22
1376,274,641
1376,553,1427
1376,1205,1577
1376,1737,1842
1377,17,1703
1377,271,1454
1377,286,1462
1377,635,460
1377,1533,1376
1377,1539,1821
1377,1652,631
1377,1676,656
1378,134,289
1378,255,343
1378,494,8
1378,1336,1504
1378,1936,1419
1379,224,853
1379,400,543
1379,1338,1323
1379,1533,1681
1379,1972,1413
1380,167,557
1380,832,538
1380,1197,1363
1380,1480,236
1380,1531,1830
1380,1565,1840
1380,1712,1762
1381,163,307
1381,199,678
1381,1046,1514
1381,1092,538
1381,1495,1787
1381,1550,395
1381,1572,668
1381,1759,1092
1381,1905,1806
1382,650,842
1382,808,1647
1382,1004,1351
1382,1316,1140
1384,198,1611
1384,842,570
1384,1212,1771
1385,271,420
1385,459,1326
1385,722,1569
1385,1112,777
1385,1473,486
1385,1483,1381
1386,292,140
1386,324,357
1386,387,856
1386,640,872
1386,1066,1688
1386,1077,824
1386,1087,1945
1386,1436,470
1386,1638,336
1387,423,551
1387,559,314
1387,1270,301
1387,1413,368
1387,1816,1872
1388,588,1758
1388,604,1486
1388,1149,1030
1388,1246,856
1388,1547,1476
1388,1600,897
1388,1964,134
1389,791,581
1389,1304,791
1389,1329,883
1389,1558,1749
1389,1608,1758
1389,1690,1091
1389,1699,700
1390,1404,1880
1390,1788,1350
1391,1557,1747
1391,1912,1631
1392,911,19
1392,1059,705
1393,336,1822
1393,895,1298
1393,1251,243
1393,1348,1756
1394,1147,1808
1394,1317,1645
1394,1431,91
1394,1464,1905
1394,1998,1123
1395,142,341
1395,1201,644
1395,1339,288
1395,1578,281
1395,1796,648
1396,511,1365
1396,549,481
1396,1710,1467
1397,948,161
1397,1059,1708
1397,1234,1157
1397,1494,1961
1398,152,382
1398,793,489
1399,493,1019
1399,515,576
1399,891,413
1399,1018,1568
1399,1731,562
1399,1858,201
1399,1905,1863
1400,262,1215
1400,808,272
1400,1123,833
1400,1297,1104
1400,1695,1736
1401,186,1949
1401,339,1550
1401,484,106
1401,859,1692
1401,1179,1117
1401,1325,938
1401,1447,106
1401,1726,1828
1401,1802,1717
1401,1886,588
1402,165,1270
1402,556,583
1402,1004,55
1402,1007,851
1402,1137,1731
1402,1638,616
1403,246,1142
1403,249,1095
1403,640,1978
1403,913,719
1403,1386,1818
1403,1459,732
1403,1567,614
1404,701,1888
1404,1593,1525
1404,1806,298
1405,109,310
1405,623,1692
1405,756,516
1405,1094,1307
1405,1290,1920
1405,1349,1781
1405,1461,317
1405,1589,357
1405,1915,1153
1406,317,1983
1406,434,1460
1406,707,1886
1406,807,1431
1406,1231,483
1406,1308,117
1406,1810,1464
1407,53,735
1407,617,1279
1407,859,768
1407,1732,1817
1407,1736,1217
1407,1775,1917
1408,202,1357
1408,538,1256
1408,655,1186
1408,1178,452
1408,1320,501
1408,1647,646
1408,1888,1007
1408,1965,1861
1409,22,1468
1409,464,629
1409,742,196
1409,782,1936
1409,1221,317
1409,1288,54
1409,1434,1266
1409,1911,984
1410,1238,1912
1410,1593,380
1410,1769,262
1410,1862,270
1411,230,1498
1411,238,1892
1411,567,1108
1411,910,677
1411,1216,962
1411,1235,1000
1411,1675,1597
1411,1906,1941
1412,411,1460
1412,917,1659
1412,1095,397
1412,1883,741
1413,240,1308
1413,428,1546
1413,576,521
1413,631,909
1413,758,444
1413,1443,1001
1414,54,1736
1414,417,840
1414,486,100
1414,1101,613
1414,1118,608
1414,1606,604
1414,1878,1615
1415,1851,305
1416,77,1221
1416,273,1323
1416,549,1014
1416,957,1228
1416,1123,1308
1416,1328,1857
1416,1494,470
1416,1628,1373
1416,1924,259
1417,547,1285
1417,1164,122
1417,1817,1160
1418,678,1744
1418,809,85
1418,959,977
1418,1514,1679
1418,1561,508
1419,471,955
1419,493,911
1419,541,1249
1420,151,938
1420,272,680
1420,289,1046
1420,1526,193
1420,1653,1622
1420,1821,1902
1420,1939,1087
1420,1992,847
1421,36,1240
1421,312,1446
1421,422,790
1421,483,354
1421,613,1850
1421,906,1978
1421,1210,882
1421,1304,660
1421,1636,100
1422,766,651
1422,1383,1535
1423,263,300
1423,411,981
1423,448,502
1423,640,1070
1423,815,583
1423,1159,1249
1423,1615,513
1424,980,1293
1424,1132,102
1424,1237,1441
1424,1442,518
1425,28,846
1425,428,1253
1425,589,1419
1425,798,1835
1425,988,596
1425,1060,951
1425,1492,13
1425,1571,919
1425,1647,556
1425,1987,385
1425,1993,882
1426,118,1333
1426,757,1133
1426,786,1012
1426,795,1388
1426,819,1267
1426,852,836
1426,894,726
1426,930,1010
1426,1265,555
1426,1440,1001
1426,1981,264
1427,17,255
1427,303,1016
1427,462,614
1427,1157,794
1428,137,1999
1428,348,1378
1428,1327,311
1428,1363,1321
1428,1826,227
1428,1930,1073
1429,267,1560
1429,865,696
1429,1058,1005
1429,1223,614
1429,1394,1240
1429,1487,1479
1430,251,1700
1430,474,1259
1430,822,1485
1430,959,199
1430,1061,942
1430,1936,89
1431,1368,37
1432,524,1570
1432,1664,340
1432,1853,205
1432,1942,231
1432,1983,1031
1433,824,1930
1433,1218,1172
1433,1815,1532
1434,225,390
1434,1275,1007
1434,1725,1457
1435,1495,1028
1435,1941,1867
1435,1943,1403
1436,214,1289
1436,221,783
1436,800,22
1436,1121,1762
1436,1744,345
1436,1773,271
1436,1802,565
1436,1833,1663
1437,165,1191
1437,217,93
1437,234,1746
1437,703,1708
1437,1942,1173
1438,1089,1068
1438,1548,1643
1439,178,481
1439,350,169
1439,429,1542
1439,888,611
1439,1153,982
1439,1697,1939
1439,1710,1567
1439,1760,929
1439,1799,1999
1440,158,1230
1440,317,75
1440,358,593
1440,619,1252
1440,839,604
1440,940,1757
1440,1057,1766
1440,1146,1680
1440,1434,720
1440,1561,1500
1440,1576,636
1440,1786,99
1441,293,773
1441,471,1024
1441,530,522
1441,913,439
1441,1297,2
1441,1606,1517
1442,63,883
1442,609,642
1442,1565,1930
1442,1826,1591
1443,262,1584
1443,407,561
1443,1427,1235
1444,559,850
1444,605,970
1444,960,918
1444,1505,1665
1445,587,364
1446,336,1006
1446,997,511
1446,1173,1277
1446,1200,1995
1446,1882,1730
1447,860,522
1447,937,374
1447,1241,428
1447,1334,1215
1447,1385,57
1448,174,414
1448,700,271
1448,1592,510
1448,1983,1150
1449,132,1645
1449,295,1650
1449,650,1076
1449,1475,1075
1449,1545,1718
1449,1924,1578
1450,119,1686
1451,250,808
1451,594,396
1451,893,3
1451,929,1342
1451,1921,173
1452,1522,1616
1452,1878,279
1453,1311,855
1453,1416,1772
1453,1613,685
1453,1899,1434
1454,236,1558
1454,1086,886
1454,1720,909
1454,1768,1847
1455,127,643
1455,1580,943
1455,1801,1108
1456,133,242
1456,799,1965
1456,1623,1943
1456,1904,962
1457,573,190
1457,871,1696
1457,1096,584
1457,1631,335
1458,665,780
1458,1330,765
1458,1996,1180
1459,704,1924
1459,909,906
1459,1026,1571
1459,1510,1672
1459,1681,815
1459,1980,1452
1460,119,610
1460,318,1346
1460,619,1928
1460,1636,1352
1461,416,390
1461,508,331
1461,682,1646
1461,910,1655
1461,1136,1810
1462,161,709
1462,172,1033
1462,260,665
1462,900,1498
1463,221,926
1463,509,788
1463,927,522
1463,1331,686
1463,1427,849
1464,863,1079
1464,1758,1611
1464,1776,1181
1465,59,328
1465,796,998
1465,1292,1888
1465,1590,1243
1465,1599,1519
1465,1957,1013
1466,828,802
1466,913,24
1466,926,233
1466,1100,247
1466,1330,1436
1466,1515,1112
1466,1748,875
1467,431,1736
1467,597,1042
1467,1345,744
1468,108,1436
1468,162,792
1468,226,1699
1468,363,1881
1468,554,1909
1468,679,77
1468,1194,1001
1468,1461,270
1469,575,1969
1469,967,205
1469,1521,1507
1469,1651,1059
1469,1673,242
1471,234,1592
1471,1076,891
1471,1501,253
1471,1731,315
1472,306,723
1472,565,1166
1472,981,415
1472,1210,1120
1472,1265,241
1472,1515,1801
1473,455,1245
1473,539,1990
1473,1490,1355
1473,1826,1033
1474,1214,488
1474,1707,1240
1474,1775,303
1475,347,1482
1475,1164,1664
1475,1266,129
1475,1847,1239
1476,129,1348
1476,552,1646
1476,1269,1586
1476,1383,755
1477,52,1342
1477,404,501
1477,1337,1521
1477,1521,642
1478,185,1309
1478,1426,926
1478,1933,750
1479,295,839
1479,562,1097
1479,690,909
1479,1075,347
1479,1204,572
1479,1300,547
1480,322,1928
1480,938,567
1480,1367,1184
1480,1719,1160
1481,44,810
1481,764,1230
1481,1314,1514
1481,1481,207
1481,1534,429
1482,579,50
1482,1022,886
1482,1157,458
1482,1306,1663
1483,74,940
1483,467,1064
1483,501,315
1483,787,1906
1483,828,105
1483,1327,1608
1483,1375,1144
1483,1480,1794
1483,1931,505
1484,764,1652
1484,781,1339
1484,1280,1691
1484,1388,646
1484,1974,396
1485,202,1892
1485,473,1088
1485,766,1006
1485,1007,185
1485,1022,570
1485,1655,1144
1486,611,1715
1486,996,620
1486,1305,342
1486,1868,1482
1486,1891,1519
1487,70,582
1487,307,780
1487,551,468
1487,827,1820
1487,888,754
1487,1460,455
1488,296,1296
1488,509,986
1489,166,1606
1489,629,212
1489,1962,1677
1489,1993,1826
1490,56,1461
1490,513,1591
1490,666,182
1490,762,1742
1490,806,1948
1491,355,825
1491,454,1652
1491,694,1639
1491,1310,42
1491,1793,627
1492,3,1943
1492,1246,1334
1492,1450,259
1492,1533,1159
1492,1616,244
1492,1835,848
1493,47,1369
1493,335,740
1493,369,1326
1493,626,752
1493,935,1739
1493,1203,619
1493,1294,1019
1493,1322,1973
1493,1326,764
1493,1901,1506
1494,176,380
1494,194,640
1494,289,1423
1494,491,1935
1494,782,1066
1494,1106,543
1494,1288,1083
1495,786,719
1495,1350,616
1496,484,1458
1496,629,834
1496,817,969
1497,357,1972
1497,431,881
1497,528,346
1497,939,1327
1497,1078,1759
1497,1406,1242
1498,804,1988
1498,832,1945
1498,1179,653
1498,1503,1857
1498,1713,1632
1499,959,563
1500,190,1496
1500,207,1343
1500,325,474
1500,398,509
1500,627,1476
1500,859,1984
1500,1628,721
1500,1680,1072
1500,1782,203
1500,1844,1119
1500,1913,1659
1500,1961,1802
1501,53,1425
1501,190,763
1501,509,1925
1501,1345,1286
1501,1755,595
1502,375,1482
1502,1068,1977
1502,1574,1032
1502,1815,1283
1503,158,1481
1503,788,601
1503,842,1541
1503,1521,1690
1503,1687,1801
1504,1174,39
1505,388,286
1505,887,1557
1505,1549,680
1505,1660,508
1505,1866,358
1506,289,1001
1506,505,496
1506,666,1388
1506,668,651
1506,1530,611
1506,1812,399
1507,99,1133
1507,347,1349
1507,687,926
1507,1223,524
1507,1499,990
1507,1668,1794
1507,1787,505
1508,1501,648
1508,1523,1034
1508,1652,698
1508,1871,558
1508,1893,680
1509,798,1650
1509,845,1897
1509,1006,1564
1509,1322,798
1509,1434,1092
1509,1441,140
1510,16,889
1510,17,307
1510,581,907
1510,1278,55
1510,1320,43
1510,1923,1540
1511,37,1131
1511,877,1550
1511,1389,823
1511,1428,734
1512,10,535
1512,148,210
1512,237,194
1512,267,1561
1512,292,905
1512,306,968
1512,1118,1998
1512,1809,1078
1513,46,1009
1513,311,1332
1513,408,1633
1513,642,1960
1513,763,1662
1513,1158,1376
1513,1354,1947
1513,1403,1868
1513,1438,911
1514,111,497
1514,464,1400
1514,797,648
1514,1001,4
1514,1725,612
1514,1906,1457
1515,42,884
1515,525,1956
1515,1312,893
1516,107,1894
1516,1257,1994
1516,1342,858
1516,1354,947
1516,1668,814
1516,1795,552
1517,106,280
1517,992,1555
1517,1186,477
1517,1201,490
1518,298,33
1518,563,501
1518,1101,1787
1518,1587,891
1518,1859,1559
1519,331,888
1519,862,1077
1519,1132,431
1520,114,1710
1520,764,786
1520,818,858
1520,1133,318
1520,1171,1216
1520,1325,1149
1520,1477,838
1520,1488,316
1520,1582,1568
1520,1700,1109
1521,206,258
1521,1097,1947
1521,1426,1937
1522,194,1468
1522,286,1532
1523,514,415
1523,1435,1535
1523,1749,1515
1524,81,711
1524,321,37
1524,520,737
1524,1381,180
1524,1456,1150
1524,1652,1339
1524,1784,628
1524,1950,1396
1525,326,1743
1525,464,1709
1525,968,1444
1525,1558,461
1526,159,487
1526,768,1588
1526,1656,1015
1526,1670,1573
1527,14,1462
1527,446,1184
1527,817,1752
1527,973,1885
1527,1127,677
1527,1494,1384
1527,1755,1496
1527,1786,1007
1527,1897,166
1528,321,1933
1528,1012,782
1528,1086,440
1528,1800,279
1528,1942,1540
1529,535,1447
1529,881,359
1529,1237,531
1529,1474,1745
1529,1724,1715
1530,87,1698
1530,556,1670
1530,1386,1839
1531,173,1189
1531,802,605
1531,1084,756
1531,1240,765
1531,1855,1637
1532,248,340
1532,486,1398
1532,939,1073
1532,1523,483
1532,1658,93
1532,1848,356
1532,1991,236
1533,1302,1796
1533,1701,1410
1533,1702,1744
1533,1790,1120
1534,286,1329
1534,316,1895
1534,495,1503
1534,618,865
1534,690,494
1534,829,1539
1534,1104,106
1535,253,1665
1535,569,1422
1535,706,500
1535,1041,1684
1536,303,1277
1536,866,1777
1536,920,1965
1536,951,1167
1536,1181,262
1536,1253,1559
1536,1608,329
1536,1609,842
1537,48,469
1537,142,1008
1537,778,47
1537,1043,786
1537,1595,572
1538,355,1030
1538,1006,656
1538,1565,1598
1538,1669,509
1539,506,1720
1539,546,1900
1539,1277,1898
1539,1479,713
1540,116,1653
1540,762,747
1540,884,87
1540,1329,18
1540,1441,1656
1540,1948,1703
1541,252,1207
1541,501,1550
1541,598,534
1541,679,1977
1541,809,318
1541,1103,1576
1541,1266,1086
1541,1449,927
1541,1819,1654
1542,25,1419
1542,385,1466
1542,1196,1818
1543,338,1885
1543,708,819
1543,1104,1764
1543,1542,424
1543,1738,484
1544,63,1944
1544,330,132
1544,732,637
1544,1244,524
1545,197,1602
1545,733,1203
1545,833,1231
1545,849,738
1545,1154,1556
1545,1265,101
1545,1829,688
1546,417,846
1546,479,879
1546,1049,233
1546,1873,280
1547,831,620
1547,1511,271
1547,1514,286
1547,1565,953
1548,46,611
1548,1527,1199
1548,1616,1640
1549,711,1649
1549,783,414
1549,865,1660
1549,1207,465
1549,1333,1927
1549,1468,267
1549,1802,1558
1550,365,1952
1551,595,1774
1551,850,344
1551,959,1479
1551,1372,921
1551,1961,1368
1553,575,1393
1553,643,220
1553,998,887
1553,1975,1924
1554,493,1090
1554,1342,154
1554,1650,326
1555,785,1782
1555,999,1786
1555,1280,122
1555,1747,1732
1556,105,416
1556,659,943
1556,1472,903
1557,206,19
1557,476,120
1557,670,22
1557,884,1378
1557,1090,1568
1557,1126,75
1557,1630,502
1557,1934,638
1558,451,598
1558,755,1481
1559,544,1908
1559,643,253
1559,697,245
1559,921,1366
1559,1190,977
1559,1719,655
1559,1727,1384
1559,1897,540
1560,219,497
1560,781,875
1560,1036,1020
1560,1286,72
1560,1413,379
1561,79,125
1561,450,351
1561,804,1102
1561,854,11
1561,863,161
1561,1084,133
1561,1329,160
1561,1348,620
1561,1420,1651
1561,1925,827
1562,712,1919
1562,893,1960
1562,1112,772
1562,1261,1202
1562,1605,228
1562,1767,843
1562,1795,905
1562,1866,1779
1562,1869,374
1562,1877,196
1562,1915,273
1563,405,599
1563,1052,74
1563,1063,538
1563,1121,369
1563,1596,180
1563,1986,700
1564,224,1165
1564,384,1082
1564,488,738
1564,825,749
1564,1072,1850
1565,4,770
1565,13,844
1565,93,1214
1565,322,433
1565,852,1241
1565,870,514
1565,1296,881
1565,1638,1863
1565,1875,1046
1566,1461,1568
1567,231,65
1567,373,962
1567,518,25
1567,1179,779
1567,1291,1971
1567,1897,896
1568,772,1424
1568,1126,1896
1568,1207,1876
1568,1611,565
1569,176,129
1569,238,1214
1569,389,1653
1569,593,1326
1569,606,1456
1569,811,1609
1569,995,393
1569,1086,966
1569,1756,241
1570,235,1769
1570,561,39
1570,1196,476
1570,1278,1172
1570,1310,1613
1570,1568,1132
1570,1592,1504
1570,1995,387
1571,281,1565
1571,413,1902
1571,1010,516
1571,1350,1394
1571,1400,882
1571,1522,1180
1572,408,512
1572,447,520
1572,1126,55
1573,149,932
1573,297,1941
1573,349,1868
1573,430,1484
1573,1255,1823
1573,1412,1576
1574,81,744
1574,508,1346
1574,883,447
1574,1129,1476
1574,1312,696
1574,1471,329
1575,838,1686
1575,1344,512
1575,1574,13
1575,1785,201
1576,139,1783
1576,498,1551
1576,565,1457
1576,624,346
1576,1409,604
1576,1731,96
1577,464,1531
1577,533,1350
1577,613,577
1577,767,1053
1577,1215,313
1577,1282,1350
1577,1626,1553
1577,1765,266
1577,1813,218
1577,1929,1429
1578,18,1293
1578,192,1067
1578,937,793
1578,1105,1710
1578,1400,1431
1578,1768,1120
1579,747,1633
1579,1111,605
1579,1181,542
1579,1996,907
1580,661,535
1580,1177,587
1580,1287,1225
1580,1448,632
1580,1711,41
1581,336,888
1581,462,1496
1581,727,55
1581,1024,1817
1581,1266,604
1581,1747,1212
1581,1776,1476
1582,913,1530
1582,974,1417
1582,1496,988
1582,1589,400
1582,1617,1749
1583,153,886
1583,636,1740
1583,1652,641
1583,1884,1901
1584,419,283
1584,1200,1531
1584,1665,1542
1585,340,1230
1585,551,1953
1585,1691,657
1586,625,997
1586,990,952
1586,1359,1755
1587,642,1896
1587,1307,1536
1588,298,301
1588,579,779
1588,670,293
1588,766,10
1588,1228,1268
1588,1662,485
1588,1662,824
1589,366,1754
1589,715,719
1589,1306,1036
1589,1984,880
1590,1862,834
1590,1928,1162
1591,127,783
1591,1441,1750
1592,120,970
1592,395,1620
1592,539,46
1592,884,1370
1592,1067,992
1592,1294,783
1593,782,1029
1593,1622,691
1593,1836,502
1594,222,1562
1594,849,229
1594,870,448
1594,1198,1920
1594,1206,1083
1595,165,998
1595,173,1484
1595,218,245
1595,808,1785
1595,947,1133
1595,999,519
1595,1131,1475
1595,1402,951
1596,237,1751
1596,620,1811
1596,1047,153
1596,1094,952
1597,55,1587
1597,159,1973
1597,310,1152
1597,1129,1310
1598,151,567
1598,582,727
1598,936,1158
1598,1345,607
1599,1012,1141
1599,1350,798
1599,1492,1255
1599,1663,1608
1599,1670,352
1600,390,1467
1600,859,230
1600,992,704
1600,1250,1248
1600,1320,1423
1600,1916,1571
1600,1984,542
1601,502,1100
1601,545,589
1601,848,1345
1601,1640,405
1601,1661,401
1601,1757,1940
1602,40,113
1602,261,126
1602,561,392
1602,1059,610
1602,1793,1707
1602,1906,843
1603,53,929
1603,1658,211
1603,1684,1476
1603,1982,291
1604,448,1803
1604,922,1004
1604,1414,973
1604,1753,1179
1604,1831,1103
1605,97,664
1605,301,831
1605,329,1977
1605,773,1342
1605,869,833
1605,919,479
1605,1207,863
1605,1267,744
1605,1298,315
1605,1452,1766
1605,1607,931
1606,891,1161
1606,1039,1450
1606,1631,1635
1606,1918,296
1607,727,1575
1607,974,1856
1608,59,993
1608,170,729
1608,1439,1205
1608,1759,1028
1609,453,1458
1609,585,1776
1609,693,1640
1609,1074,652
1609,1432,1456
1609,1637,1020
1610,34,1581
1610,170,726
1610,326,1323
1610,642,893
1610,807,303
1610,1578,588
1610,1710,1306
1611,17,666
1611,285,1642
1611,421,502
1611,496,1188
1611,574,1136
1611,1156,420
1611,1404,617
1611,1557,81
1612,253,1114
1612,700,1115
1612,922,1432
1612,1151,363
1612,1291,1532
1612,1812,227
1613,888,776
1613,1014,381
1613,1039,547
1613,1073,1839
1614,24,230
1614,207,1039
1614,487,1205
1614,648,781
1614,1266,1335
1614,1447,588
1614,1965,110
1615,188,723
1615,853,1596
1615,902,68
1615,1762,1807
1615,1769,1183
1616,348,1837
1616,497,18
1616,1627,1306
1616,1864,86
1617,393,176
1617,810,1422
1617,1103,390
1617,1172,1126
1617,1574,780
1617,1645,568
1618,138,630
1618,990,93
1618,1334,254
1618,1411,1483
1619,380,732
1619,604,1162
1619,1195,1330
1619,1983,736
1620,64,676
1620,219,257
1620,286,507
1620,292,291
1620,299,281
1620,325,134
1620,408,1814
1620,1188,1773
1620,1280,1207
1620,1878,1509
1620,1941,117
1621,14,769
1621,128,971
1621,175,641
1621,228,1478
1621,474,1465
1621,1663,777
1622,31,747
1622,609,800
1622,1393,864
1622,1996,1754
1623,62,1802
1623,368,348
1623,801,397
1623,954,413
1623,987,1816
1623,1107,1317
1623,1549,885
1623,1568,289
1624,455,1489
1624,1098,1163
1624,1177,512
1624,1569,1203
1625,199,934
1625,618,811
1625,620,636
1625,987,40
1626,405,373
1626,550,185
1626,827,85
1626,1214,370
1626,1734,633
1627,424,1613
1627,997,1553
1627,1397,740
1627,1494,1589
1627,1802,1574
1628,812,161
1628,837,1378
1628,931,1160
1628,1477,560
1628,1784,466
1628,1837,1144
1628,1862,849
1629,44,847
1629,587,699
1629,1102,1185
1629,1416,681
1630,114,600
1630,128,1182
1630,562,1211
1630,881,216
1630,1159,1602
1630,1935,232
1631,178,617
1631,745,1645
1631,1422,259
1631,1608,1999
1631,1633,1739
1632,72,1322
1632,341,231
1632,1063,546
1632,1282,1915
1633,529,697
1633,705,1667
1633,795,726
1634,98,1703
1634,105,1243
1634,504,1460
1634,603,592
1634,669,1618
1634,828,1483
1634,947,1191
1634,1187,639
1634,1426,1682
1635,156,1615
1635,1174,285
1635,1255,942
1636,399,13
1636,1572,741
1636,1926,111
1637,577,406
1637,753,894
1637,1080,1765
1637,1397,1947
1637,1988,1729
1638,44,796
1638,646,844
1638,1259,763
1638,1279,1360
1638,1853,1163
1639,609,1881
1639,643,251
1639,1873,419
1640,169,1489
1640,437,386
1640,885,1507
1640,1058,1199
1640,1238,283
1640,1308,124
1640,1535,1391
1641,485,1595
1641,539,883
1641,708,939
1641,978,615
1641,1407,1425
1641,1767,527
1641,1894,1097
1642,547,49
1642,1371,1769
1643,201,522
1643,850,1481
1643,1165,1389
1643,1225,1453
1643,1645,560
1643,1729,1778
1643,1860,922
1644,905,1276
1644,1041,912
1644,1049,1748
1644,1479,961
1644,1871,1462
1644,1980,378
1645,161,1524
1645,906,591
1645,1237,1715
1645,1259,300
1646,1061,585
1647,218,1521
1647,299,594
1647,415,872
1647,952,1845
1647,1018,649
1647,1141,749
1647,1559,1203
1647,1985,1624
1648,74,423
1648,110,1740
1648,183,904
1648,1653,1402
1648,1712,1978
1648,1769,1001
1648,1822,1553
1648,1931,625
1649,121,1167
1649,201,899
1649,512,1620
1649,614,294
1649,1286,1524
1649,1364,1870
1649,1527,1191
1649,1929,292
1650,19,361
1650,66,1367
1650,209,211
1650,896,1834
1650,994,497
1650,1305,434
1650,1518,1388
1650,1714,212
1650,1979,1689
1651,267,697
1651,407,301
1651,604,1528
1651,725,147
1651,1887,635
1652,25,329
1652,88,1494
1652,879,557
1652,1339,1083
1652,1609,774
1652,1678,456
1652,1905,481
1653,72,708
1653,300,1761
1653,878,1730
1653,900,871
1653,1509,1784
1653,1515,769
1653,1562,1791
1653,1587,307
1654,24,1235
1654,49,1213
1654,51,1510
1654,318,1098
1654,641,1046
1654,769,1780
1654,1304,1199
1654,1968,400
1655,26,1070
1655,394,258
1655,477,457
1655,1180,781
1655,1470,452
1655,1883,1102
1656,550,845
1656,660,879
1656,1926,1808
1657,1304,1
1657,1352,858
1657,1780,13
1658,0,1550
1658,527,704
1658,740,1521
1658,1017,767
1659,400,1732
1659,926,734
1659,1369,371
1659,1538,1869
1659,1580,1245
1660,263,1651
1660,362,1805
1660,1396,1630
1660,1857,1456
1661,676,1475
1661,1070,1312
1661,1532,449
1662,126,1281
1662,1459,1124
1662,1913,521
1664,116,156
1664,153,44
1664,302,1229
1664,659,34
1664,1019,949
1664,1191,1185
1664,1258,1490
1664,1435,40
1664,1643,1883
1665,261,1372
1665,740,1292
1665,1121,1510
1665,1127,805
1665,1429,1380
1666,383,1502
1666,520,975
1666,670,1912
1666,745,33
1666,852,306
1666,870,303
1666,1082,1656
1666,1379,1445
1667,435,380
1667,847,1900
1667,944,697
1667,1253,685
1667,1519,677
1667,1677,911
1668,359,774
1668,391,48
1668,821,856
1668,1086,1034
1669,262,212
1669,701,374
1669,725,547
1669,806,1471
1669,1112,969
1669,1464,1173
1669,1552,1736
1670,334,629
1670,566,463
1670,669,1526
1670,777,313
1671,388,702
1671,1613,290
1671,1622,421
1671,1849,1100
1672,490,1927
1672,923,1811
1672,1609,804
1672,1776,999
1672,1880,942
1673,246,1761
1673,443,1629
1673,596,1412
1674,217,233
1674,567,953
1674,587,713
1674,621,739
1674,807,1407
1674,880,163
1674,1005,385
1674,1462,1631
1675,244,764
1675,693,1746
1675,952,223
1675,1368,99
1676,268,1891
1676,1273,1256
1676,1398,704
1676,1442,414
1676,1746,22
1677,335,1975
1677,1736,1629
1678,91,485
1678,131,920
1678,237,107
1678,510,1000
1678,539,1109
1678,804,448
1679,205,1688
1679,589,28
1679,921,787
1679,1518,1228
1679,1918,1043
1680,5,579
1680,967,1115
1680,1206,1098
1680,1335,311
1680,1571,372
1681,115,1055
1681,458,952
1681,567,1046
1682,314,647
1682,348,1607
1682,466,1865
1682,551,1180
1682,580,1939
1682,920,489
1682,1000,1979
1682,1176,1895
1682,1394,496
1682,1831,1304
1682,1889,393
1683,97,1039
1683,755,1626
1683,1187,1551
1683,1769,1397
1683,1921,1057
1684,328,1565
1684,374,396
1684,709,1603
1684,910,310
1684,1284,302
1684,1307,1925
1684,1549,85
1684,1549,482
1685,1220,245
1685,1594,739
1685,1846,230
1686,294,26
1686,751,1110
1686,820,762
1686,1985,1686
1687,579,1488
1687,727,397
1687,931,187
1687,1355,1280
1687,1520,1921
1687,1660,1322
1687,1690,1401
1688,706,1506
1688,1165,1886
1688,1419,811
1688,1563,591
1689,91,210
1689,1080,599
1689,1271,988
1689,1559,1027
1689,1839,689
1690,111,1672
1690,425,100
1690,428,1109
1690,447,1560
1690,1187,1543
1690,1214,252
1691,13,743
1691,186,1621
1691,686,1060
1691,1486,662
1692,286,1825
1692,291,146
1692,618,1709
1692,1451,999
1693,572,1843
1693,875,1055
1693,1433,731
1694,373,209
1694,970,1025
1694,1438,505
1694,1976,173
1695,1439,70
1695,1486,122
1695,1589,1393
1695,1693,256
1695,1760,1831
1696,774,451
1696,798,38
1696,1043,1090
1696,1077,527
1696,1110,872
1696,1684,1485
1697,441,1013
1697,941,1448
1698,390,105
1698,566,90
1698,1272,888
1698,1287,1266
1698,1292,1407
1698,1684,1394
1698,1798,854
1699,461,1866
1699,684,1562
1699,826,138
1699,967,1425
1699,1006,1606
1699,1445,1718
1699,1956,1748
1700,841,1230
1700,1131,1314
1701,895,187
1701,929,604
1701,1284,497
1702,284,1554
1702,1240,1759
1702,1418,141
1702,1418,1579
1702,1628,1908
1703,174,190
1703,208,815
1703,349,75
1703,796,1605
1703,1104,1742
1703,1475,768
1703,1652,629
1704,111,1682
1704,163,958
1704,424,1168
1704,539,508
1704,1378,1123
1704,1671,1375
1705,397,606
1705,867,1392
1705,1035,908
1705,1412,1380
1705,1851,1849
1706,841,45
1706,1087,390
1707,568,1456
1707,802,104
1707,1563,792
1708,498,517
1708,622,159
1708,747,333
1708,1218,528
1708,1303,967
1708,1421,1833
1708,1732,244
1708,1941,768
1709,511,1712
1709,575,1531
1709,726,777
1709,988,967
1709,1210,456
1710,385,558
1710,467,1075
1710,1700,1360
1710,1818,1894
1711,159,1058
1711,789,1412
1711,1787,496
1712,541,1735
1712,1413,1432
1713,1853,1023
1714,157,407
1714,947,571
1714,1132,325
1714,1426,1179
1714,1431,1399
1714,1708,265
1715,823,91
1715,1015,1541
1715,1367,1371
1715,1797,1282
1715,1831,529
1716,54,1201
1716,280,1286
1716,898,848
1716,905,1242
1716,969,1071
1716,1097,810
1716,1625,1316
1717,36,1243
1717,155,697
1717,1041,1545
1718,1164,861
1718,1289,197
1718,1450,1418
1718,1572,1662
1718,1692,1143
1719,653,923
1719,766,1149
1719,899,331
1719,1281,740
1719,1420,1796
1720,854,315
1720,1005,314
1721,135,743
1721,396,1852
1721,1045,576
1721,1672,1062
1721,1741,1097
1722,681,1469
1722,778,302
1722,909,462
1722,941,1557
1722,1643,974
1722,1747,1645
1723,158,1672
1723,330,349
1723,512,1673
1723,574,1758
1723,1093,585
1723,1143,1353
1723,1308,1039
1723,1514,1356
1724,384,1008
1724,438,1956
1724,611,236
1724,706,111
1724,1123,911
1724,1282,1757
1725,287,483
1725,1482,1500
1726,804,92
1726,1339,1377
1726,1573,1589
1726,1690,796
1727,1127,132
1727,1863,1350
1727,1893,737
1728,827,251
1728,891,840
1728,1095,1990
1729,80,1596
1729,1023,1754
1729,1139,446
1730,636,670
1730,761,844
1730,1082,882
1730,1350,1410
1731,832,452
1731,1010,468
1732,161,513
1732,384,878
1732,1238,960
1732,1677,1603
1732,1801,1581
1733,36,1922
1733,488,118
1734,152,1935
1734,537,1552
1734,1216,1404
1734,1348,1793
1734,1500,678
1734,1535,149
1735,167,836
1735,691,61
1735,1294,1254
1735,1698,1656
1735,1799,1080
1736,255,1474
1736,1062,1189
1736,1335,615
1736,1388,47
1736,1420,133
1737,658,1548
1737,1506,1489
1737,1520,96
1738,1312,1980
1738,1857,146
1739,791,913
1739,1841,1858
1740,252,198
1740,358,850
1740,781,822
1740,824,976
1740,1794,1989
1741,129,1629
1741,644,32
1741,1165,351
1741,1345,1906
1741,1716,420
1741,1870,330
1741,1918,76
1741,1978,1833
1742,35,742
1742,665,372
1742,677,1635
1742,979,1638
1742,1032,958
1743,241,963
1743,322,1457
1743,1073,1800
1743,1364,987
1743,1449,972
1743,1538,1909
1743,1542,71
1743,1552,1823
1743,1605,569
1744,205,742
1744,464,823
1744,502,1701
1744,672,1745
1744,953,939
1745,316,616
1745,426,333
1745,532,322
1745,602,127
1745,693,1361
1745,836,225
1745,943,1174
1746,63,1268
1746,175,230
1746,184,641
1746,540,1035
1746,596,489
1746,1856,1408
1747,169,206
1747,215,595
1747,739,1853
1747,1725,1464
1747,1890,1346
1748,1171,1597
1748,1199,1320
1748,1462,71
1748,1922,661
1749,52,98
1749,170,1554
1749,308,281
1749,820,572
1749,1065,904
1749,1625,499
1750,1097,867
1750,1210,1288
1751,184,1259
1751,351,1569
1751,876,386
1751,1769,1350
1752,421,1423
1752,456,1196
1752,1167,535
1753,780,401
1753,1178,208
1753,1238,266
1753,1257,1143
1753,1821,255
1754,142,1832
1754,565,1064
1754,671,303
1754,745,1589
1754,1421,291
1754,1467,1033
1755,203,179
1755,257,1299
1755,891,1144
1755,1108,1961
1755,1481,1534
1755,1643,1658
1756,72,1132
1756,1044,297
1756,1253,989
1756,1739,723
1757,178,1940
1757,414,570
1757,1023,258
1757,1425,1402
1758,296,266
1758,451,908
1758,892,570
1758,1162,97
1758,1514,1501
1758,1646,145
1759,54,428
1759,1347,1263
1760,1107,1119
1760,1333,1995
1760,1470,469
1760,1836,171
1760,1862,1032
1760,1863,841
1761,444,177
1761,712,242
1761,1086,1075
1761,1374,153
1762,683,422
1762,747,1967
1762,1284,144
1762,1782,907
1763,125,906
1763,1455,1249
1763,1557,139
1763,1633,785
1763,1834,1263
1764,223,509
1764,1025,1495
1764,1408,1483
1764,1753,1127
1765,173,156
1765,531,383
1765,641,1179
1765,907,701
1765,949,174
1765,1672,178
1765,1912,47
1766,13,1988
1766,360,386
1766,828,1645
1766,1002,1080
1766,1382,1599
1766,1465,369
1766,1558,1105
1766,1564,1622
1766,1600,985
1767,25,500
1767,480,810
1767,1207,114
1767,1289,1068
1767,1658,1480
1768,788,25
1768,865,1163
1768,1070,76
1768,1589,115
1769,58,166
1769,142,565
1769,564,1719
1769,1074,1826
1769,1493,110
1770,391,1530
1770,1602,1539
1771,742,494
1771,1053,1689
1771,1099,1834
1771,1576,573
1771,1847,1727
1771,1929,1003
1772,422,266
1772,440,880
1772,577,1129
1772,735,1949
1772,1398,1195
1772,1847,327
1773,578,1584
1773,748,1751
1773,875,1602
1774,52,269
1774,89,419
1774,206,778
1774,1515,1353
1775,130,1844
1775,211,227
1775,484,1756
1775,800,780
1775,945,372
1775,1222,1088
1775,1343,259
1775,1594,1677
1776,1075,686
1776,1702,1226
1776,1809,1329
1777,107,531
1777,246,1781
1777,706,997
1777,872,1196
1777,1270,1051
1777,1383,1514
1777,1433,376
1778,1388,1074
1778,1541,1005
1779,1585,1734
1779,1744,76
1780,69,1707
1780,108,678
1780,182,223
1780,281,1907
1780,338,153
1780,386,1428
1780,1673,1988
1780,1740,1361
1780,1857,681
1781,293,1159
1781,568,1165
1781,1006,143
1782,323,61
1782,421,634
1782,645,1901
1782,693,1647
1782,1051,1989
1782,1280,611
1782,1294,305
1782,1861,1264
1783,420,1865
1783,656,1598
1783,783,1269
1783,1077,1309
1783,1340,1986
1783,1875,380
1784,11,549
1784,323,1982
1784,859,1074
1784,1562,55
1784,1658,383
1784,1719,1409
1785,178,682
1785,295,1871
1785,385,480
1785,458,1908
1785,837,902
1785,1379,217
1785,1547,1301
1785,1953,1775
1786,79,1758
1786,931,890
1786,1242,866
1786,1896,592
1786,1931,450
1786,1981,299
1787,258,1743
1787,512,106
1787,781,1067
1787,1281,1405
1788,64,413
1788,86,382
1788,248,1747
1788,363,819
1788,550,1501
1788,677,1609
1788,1153,1710
1788,1474,511
1788,1505,273
1788,1619,105
1789,149,385
1789,308,1207
1789,888,1512
1789,1055,1237
1789,1072,635
1789,1362,1927
1789,1458,924
1789,1493,1350
1790,80,1745
1790,272,1313
1790,1098,305
1790,1148,179
1790,1440,830
1791,0,662
1791,88,1428
1791,113,1065
1791,490,358
1791,956,344
1791,1190,236
1791,1326,1537
1792,212,555
1792,241,302
1792,462,901
1792,557,1944
1792,559,1181
1792,598,1368
1792,1073,701
1793,281,247
1793,341,1097
1793,660,1647
1793,685,303
1793,1064,1992
1793,1442,1611
1794,929,31
1794,1101,1665
1794,1171,1607
1794,1569,1265
1794,1885,1923
1794,1893,1490
1794,1989,749
1795,76,18
1795,561,191
1795,1113,836
1795,1143,370
1796,673,274
1796,1283,1390
1796,1793,1397
1797,86,1797
1797,841,540
1797,1605,1088
1797,1735,865
1798,275,541
1798,860,190
1798,974,977
1798,1006,1831
1798,1110,1178
1798,1161,1939
1798,1419,277
1800,1241,124
1800,1401,787
1800,1901,1619
1801,298,1489
1801,737,458
1801,776,569
1801,1260,643
1801,1348,541
1801,1663,1570
1802,247,1064
1802,759,1154
1802,945,664
1802,1385,555
1802,1992,847
1803,195,786
1803,229,1026
1803,311,334
1803,356,1491
1803,687,1506
1803,1430,992
1803,1535,151
1804,38,1285
1804,157,349
1804,534,731
1804,1071,1492
1805,753,1042
1805,818,1027
1805,888,1798
1805,923,499
1805,1600,104
1805,1891,1667
1805,1987,1008
1806,197,1632
1806,207,782
1806,284,900
1806,328,753
1806,990,1720
1806,1271,1392
1806,1331,618
1807,832,1750
1807,1169,1180
1807,1270,1432
1807,1321,1538
1808,38,1269
1808,162,1713
1808,310,874
1808,600,1480
1808,1098,409
1809,408,362
1809,436,1358
1809,546,1556
1809,1248,476
1809,1607,88
1809,1782,1452
1809,1820,32
1810,413,1946
1810,937,178
1810,1396,1936
1810,1408,651
1811,439,377
1811,441,1653
1811,1168,459
1811,1246,1171
1811,1632,1076
1812,79,1887
1812,416,739
1812,1281,191
1812,1295,896
1813,184,812
1813,447,841
1813,695,174
1813,781,756
1813,849,1341
1813,868,1014
1813,1046,399
1813,1764,740
1814,503,773
1814,1001,428
1814,1394,1435
1815,241,1579
1815,687,914
1815,757,141
1815,1222,1976
1816,217,267
1816,581,852
1817,106,1768
1817,505,875
1817,673,53
1817,1114,1278
1817,1186,909
1817,1635,601
1817,1662,1600
1818,678,800
1818,1629,724
1819,1847,792
1820,772,1170
1820,832,1323
1820,1284,1117
1820,1707,122
1821,116,892
1821,398,1024
1821,761,1154
1821,819,1522
1821,1082,1209
1821,1800,678
1821,1922,274
1822,642,1297
1822,1223,1071
1822,1742,1603
1823,328,1875
1823,389,221
1823,702,645
1823,1479,381
1823,1668,60
1823,1811,1727
1824,519,734
1824,1105,1101
1824,1459,1585
1825,523,231
1825,902,1446
1825,1213,1289
1825,1280,698
1825,1335,1745
1825,1352,1160
1825,1367,1116
1825,1581,1207
1826,659,1550
1826,898,1501
1826,922,936
1826,1255,111
1827,38,1739
1827,345,132
1827,381,522
1827,453,1459
1827,786,1547
1827,1116,178
1827,1265,1737
1827,1881,77
1828,337,646
1828,589,854
1828,1382,1090
1828,1537,1762
1829,428,191
1829,1345,1269
1829,1739,1291
1830,1082,279
1830,1105,966
1830,1615,1424
1831,63,423
1831,141,1912
1831,896,1956
1831,1174,551
1831,1397,1561
1831,1425,1119
1832,116,806
1832,415,925
1832,1353,542
1833,97,372
1833,178,1021
1833,481,1477
1833,771,1744
1833,1114,822
1833,1383,1310
1833,1626,507
1834,84,921
1834,88,1238
1834,232,47
1834,593,1985
1834,808,1676
1834,969,1343
1834,1092,1880
1834,1660,1594
1835,227,1424
1835,913,1955
1836,98,349
1836,189,1913
1836,205,286
1836,336,1008
1836,1201,1765
1836,1459,1834
1836,1546,1564
1836,1920,1586
1837,210,799
1837,296,429
1837,662,92
1837,705,1966
1837,777,29
1837,1149,1550
1837,1176,1779
1837,1249,1129
1837,1260,1850
1837,1310,1889
1837,1335,767
1837,1731,1064
1838,451,999
1838,454,608
1838,533,804
1838,697,728
1838,776,1679
1838,1625,1955
1839,10,855
1839,579,1678
1839,1099,901
1839,1334,394
1840,214,1047
1840,245,618
1840,269,1966
1840,476,1150
1840,732,430
1840,1072,1862
1840,1460,911
1840,1485,1786
1840,1697,336
1841,83,1750
1841,165,659
1841,701,1263
1841,1412,1439
1841,1452,1006
1841,1714,703
1841,1910,1630
1841,1969,1878
1842,60,686
1842,116,1649
1842,269,671
1842,598,925
1842,891,1335
1842,1059,924
1842,1144,1747
1842,1326,1159
1842,1849,526
1843,615,1038
1843,691,1600
1843,948,1122
1843,1391,1669
1843,1861,849
1844,110,470
1844,465,1850
1844,1824,1939
1844,1898,1038
1845,69,660
1845,164,1061
1845,388,1672
1845,1145,1853
1845,1908,1211
1845,1965,1630
1846,760,1487
1846,877,700
1846,1319,115
1846,1991,975
1847,107,367
1847,260,1977
1847,444,1861
1847,1620,1000
1847,1663,755
1848,81,1965
1848,785,1569
1848,1446,1075
1849,271,1070
1849,615,1723
1849,1383,103
1849,1546,1302
1850,510,1999
1850,1236,863
1850,1328,338
1850,1402,1235
1850,1486,704
1850,1709,1909
1851,200,1828
1851,646,992
1851,651,1059
1852,524,1319
1852,629,1680
1852,962,778
1852,1364,1627
1852,1603,600
1853,313,1896
1853,1087,462
1853,1240,71
1854,64,1760
1854,361,1582
1854,1051,301
1855,341,106
1855,873,417
1856,1131,1347
1856,1887,614
1857,182,1995
1857,226,1710
1857,726,1971
1857,857,828
1857,888,1914
1857,1147,1997
1857,1880,1266
1857,1880,1662
1858,31,574
1858,414,1476
1858,456,1057
1858,1812,797
1859,52,442
1859,740,1331
1859,1434,1274
1859,1574,183
1859,1620,739
1859,1680,1320
1859,1732,104
1860,383,563
1860,412,1608
1860,725,1241
1860,923,1655
1860,1043,460
1861,326,501
1861,1658,1170
1861,1765,1628
1861,1775,1349
1862,704,16
1862,791,1816
1862,868,183
1862,1330,1189
1863,302,914
1863,367,219
1863,371,1388
1863,386,1794
1863,633,384
1863,908,150
1863,1211,1513
1863,1785,1848
1863,1967,804
1864,248,1726
1864,362,1416
1864,935,31
1864,1266,839
1864,1390,714
1864,1474,699
1865,333,209
1865,439,202
1865,721,1241
1865,765,678
1865,837,1291
1865,975,1919
1865,1184,589
1865,1491,1315
1865,1871,1270
1866,131,1298
1866,532,980
1866,722,1259
1866,1058,1683
1866,1136,925
1866,1209,988
1867,1210,52
1868,111,549
1868,459,49
1868,534,17
1868,887,1976
1868,1091,701
1868,1144,54
1868,1737,326
1869,316,1228
1869,497,1629
1869,862,496
1869,904,1465
1869,964,1551
1869,989,1350
1869,1126,1508
1869,1158,1028
1869,1194,293
1869,1307,1856
1869,1419,1168
1869,1567,737
1869,1716,425
1869,1759,163
1870,189,908
1870,1150,241
1870,1391,623
1870,1661,780
1870,1687,833
1870,1887,358
1871,950,845
1871,1211,57
1871,1244,1175
1871,1390,511
1871,1814,38
1872,174,223
1872,416,759
1872,1316,939
1872,1653,137
1872,1762,1135
1873,243,785
1873,402,190
1873,1795,1358
1874,1539,1160
1874,1702,677
1875,147,1423
1875,1476,105
1876,156,238
1876,431,1
1876,1005,409
1876,1022,1355
1876,1718,1321
1876,1872,740
1876,1880,46
1876,1926,604
1877,306,227
1877,787,814
1877,1821,1110
1878,130,1855
1878,290,1585
1878,323,650
1878,538,1337
1878,1362,676
1878,1500,1629
1878,1737,248
1878,1857,773
1879,451,572
1879,1088,1305
1879,1257,412
1879,1361,508
1880,185,373
1880,197,1073
1880,224,1466
1880,860,1090
1880,1203,837
1880,1760,1280
1881,121,567
1881,794,1851
1881,934,710
1881,1375,173
1881,1931,1918
1882,87,470
1882,111,1413
1882,184,1125
1882,631,1751
1882,1321,1906
1882,1643,905
1882,1746,1087
1883,261,1274
1884,160,1384
1884,179,100
1884,1781,1416
1885,965,1787
1885,1686,1802
1886,409,660
1886,416,1995
1886,427,1342
1886,983,1660
1886,1100,269
1886,1656,1981
1887,1227,1040
1887,1452,732
1887,1578,684
1888,4,1246
1888,284,314
1888,905,693
1888,1037,339
1888,1084,624
1889,566,1575
1889,812,1573
1889,1086,1881
1889,1090,478
1889,1094,1297
1889,1696,1858
1890,97,329
1890,253,1395
1890,624,1902
1890,1143,1325
1890,1223,1534
1890,1502,1255
1890,1833,1818
1891,366,481
1891,806,139
1891,990,1500
1891,1397,1239
1891,1485,1224
1891,1630,1733
1892,152,1401
1892,541,1613
1892,690,690
1892,905,1343
1892,1179,183
1892,1675,478
1892,1806,1156
1893,487,270
1893,1076,378
1893,1085,1887
1893,1883,173
1893,1991,1579
1894,147,75
1894,282,1194
1895,202,153
1895,574,1841
1895,1101,501
1895,1191,83
1895,1521,1406
1895,1918,480
1896,993,1327
1896,1170,316
1896,1502,1634
1896,1724,1002
1897,466,201
1897,1118,1180
1897,1278,21
1898,243,928
1898,265,1258
1898,1013,83
1898,1286,944
1898,1403,301
1898,1632,919
1899,272,553
1899,290,1853
1899,589,897
1899,964,1244
1899,1038,1588
1899,1211,1937
1899,1248,430
1899,1879,523
1900,250,1772
1900,277,336
1900,394,562
1900,873,584
1900,1013,931
1900,1248,931
1901,23,1298
1901,660,1222
1901,1348,1122
1901,1357,135
1902,157,612
1902,299,873
1902,323,833
1902,743,1799
1902,949,1872
1902,1539,1916
1902,1902,668
1903,66,492
1903,165,1817
1903,1756,323
1904,484,1770
1904,1319,1368
1904,1516,499
1904,1909,1817
1905,350,414
1905,1538,1466
1905,1745,804
1906,202,1718
1906,480,964
1906,509,1056
1906,1014,1079
1906,1908,975
1907,365,975
1907,996,647
1907,1075,515
1907,1138,1752
1907,1255,652
1907,1813,798
1907,1846,730
1907,1928,1906
1908,270,970
1908,522,927
1909,112,1054
1909,382,503
1909,1444,1626
1909,1496,279
1910,538,966
1910,658,758
1910,1790,421
1911,714,1804
1911,721,1848
1911,1512,560
1911,1964,1316
1912,74,1424
1912,296,224
1912,1682,315
1912,1778,1735
1913,521,1149
1913,1109,809
1913,1449,1208
1913,1753,1708
1914,177,571
1914,294,1284
1914,534,418
1914,730,1542
1914,1127,1195
1914,1452,461
1914,1453,622
1914,1619,1966
1914,1742,70
1915,459,1157
1915,866,446
1915,886,1717
1915,1100,1819
1915,1133,1295
1915,1182,1782
1915,1389,1853
1915,1718,1731
1916,508,13
1917,157,1052
1917,676,1898
1917,1062,1976
1917,1089,368
1917,1796,755
1917,1883,444
1918,13,1649
1918,560,933
1918,1399,1327
1918,1533,1970
1919,6,1952
1919,214,1406
1919,356,148
1919,385,1524
1919,1452,429
1919,1792,1484
1920,265,365
1920,461,1695
1920,1095,949
1920,1285,1362
1920,1894,1855
1921,357,1250
1921,1643,987
1921,1823,851
1922,162,566
1922,743,1531
1922,876,247
1922,1284,1228
1923,734,82
1923,1303,799
1923,1373,1980
1923,1390,752
1923,1598,1194
1924,253,1990
1925,776,1387
1925,808,1987
1925,816,1665
1925,882,81
1925,1388,1782
1925,1461,481
1925,1519,1509
1925,1526,435
1925,1799,1338
1926,1006,964
1926,1375,734
1926,1495,290
1927,6,637
1927,768,884
1928,568,1943
1928,1119,1267
1928,1189,315
1928,1464,406
1928,1517,360
1928,1695,1842
1928,1823,1166
1929,237,1173
1929,858,986
1929,866,1832
1929,944,103
1929,1356,810
1929,1809,568
1930,1281,861
1930,1338,337
1930,1375,1130
1931,607,1714
1931,709,1472
1931,718,1457
1931,907,48
1931,919,1813
1931,1011,621
1931,1012,1645
1931,1331,106
1931,1412,1684
1931,1442,1646
1931,1450,429
1931,1719,1483
1932,60,906
1932,142,173
1932,632,17
1932,937,75
1933,258,1306
1933,505,1476
1933,986,1981
1933,1136,1943
1933,1282,873
1933,1339,1887
1933,1351,1433
1933,1544,1174
1934,442,1967
1934,520,1385
1934,553,1976
1934,900,252
1934,1204,8
1934,1583,198
1935,17,136
1935,707,1203
1935,805,1035
1935,820,1666
1935,1081,1400
1935,1347,0
1935,1504,1807
1935,1991,825
1936,46,665
1936,135,768
1936,634,1713
1936,1584,1679
1936,1863,1381
1937,76,623
1937,826,1175
1937,908,1513
1937,1536,765
1937,1765,1665
1937,1809,1653
1937,1936,1063
1938,1239,1152
1938,1444,1810
1938,1864,454
1939,174,624
1939,239,1644
1939,561,1904
1939,597,1035
1939,1168,902
1939,1392,1842
1939,1547,977
1940,458,294
1940,1162,1154
1941,196,342
1941,391,175
1941,446,952
1941,1793,930
1942,660,417
1942,885,1821
1942,894,1621
1942,962,1047
1942,981,1965
1942,1158,1350
1942,1211,1801
1942,1473,242
1942,1616,815
1943,622,174
1943,820,607
1943,1271,1897
1944,331,205
1944,907,1314
1944,1161,66
1944,1618,1043
1944,1709,1198
1944,1755,231
1945,309,1138
1945,327,775
1945,627,495
1945,896,287
1945,1497,1638
1945,1546,1825
1946,698,744
1946,1529,526
1947,256,1521
1947,496,801
1947,619,442
1948,187,7
1948,299,114
1948,305,1772
1948,572,67
1948,1321,613
1948,1838,1373
1949,243,1232
1949,642,765
1949,674,1039
1949,716,459
1949,1042,627
1949,1164,508
1949,1211,615
1949,1439,1000
1949,1463,760
1949,1538,481
1949,1745,1057
1950,867,1968
1950,1076,1732
1950,1477,1909
1950,1500,1627
1950,1668,678
1950,1757,1053
1950,1827,1334
1951,324,259
1951,662,1445
1951,676,1163
1951,1252,1854
1951,1471,474
1951,1489,945
1951,1553,1400
1951,1922,1753
1952,272,398
1952,1711,858
1953,201,1178
1953,394,106
1953,675,618
1953,1478,1793
1954,353,1336
1954,368,1797
1954,1339,315
1954,1577,149
1954,1621,1513
1954,1782,281
1955,80,1141
1955,141,670
1955,773,1308
1955,899,1775
1955,1219,812
1956,14,1362
1956,29,758
1956,158,1963
1956,723,1057
1956,833,1836
1956,1248,868
1957,84,199
1957,577,731
1957,1358,1008
1957,1371,1788
1957,1586,1781
1958,171,1880
1958,509,950
1959,157,223
1959,354,941
1959,1614,1998
1960,1334,82
1960,1496,1604
1960,1563,689
1960,1570,862
1960,1632,1165
1960,1642,651
1960,1812,219
1960,1944,22
1961,152,1878
1961,178,1998
1961,219,370
1961,245,176
1961,436,629
1961,532,1809
1962,768,812
1962,876,414
1962,1047,518
1962,1275,1146
1962,1373,1822
1962,1490,544
1962,1625,1926
1963,40,670
1963,227,449
1963,815,1024
1963,877,345
1963,1325,185
1963,1955,863
1964,230,1176
1964,345,661
1964,1171,880
1964,1576,1794
1964,1772,1866
1965,813,0
1965,1032,1788
1965,1335,482
1965,1369,197
1965,1488,570
1966,1296,1560
1966,1369,159
1966,1484,1859
1967,696,164
1967,1232,1157
1967,1388,1254
1967,1593,515
1967,1920,112
1968,326,199
1968,345,1770
1968,842,621
1968,913,591
1969,217,137
1969,424,1202
1969,670,797
1969,926,916
1969,1085,1398
1969,1095,1733
1970,38,563
1970,934,556
1970,1755,1318
1971,355,1505
1971,1723,1547
1972,568,1801
1972,879,644
1972,885,863
1972,1240,407
1972,1542,608
1972,1943,565
1973,993,965
1973,1027,1057
1973,1150,1035
1973,1223,117
1973,1479,995
1974,267,484
1974,588,657
1974,1101,107
1974,1355,1791
1974,1651,1257
1975,433,1902
1975,1112,258
1975,1577,425
1975,1624,436
1975,1638,597
1976,438,1755
1976,446,566
1976,869,761
1976,1162,66
1976,1578,1772
1976,1708,1662
1977,41,1570
1977,1348,1838
1977,1524,1232
1977,1628,1775
1977,1656,1606
1978,264,886
1978,932,1534
1978,1308,641
1978,1619,1523
1978,1753,894
1979,462,1761
1979,1448,864
1980,824,75
1980,1103,1677
1980,1342,1603
1980,1374,509
1980,1571,1397
1980,1583,571
1981,297,1219
1981,795,526
1981,1731,654
1982,108,1
1982,879,1689
1982,1615,1088
1982,1623,1622
1983,589,1229
1983,728,811
1983,1238,52
1983,1866,971
1983,1868,1810
1984,30,1895
1984,86,1190
1984,191,1897
1984,943,1292
1984,1584,668
1984,1633,1600
1985,17,1021
1985,892,413
1985,909,1250
1985,970,1194
1985,1026,413
1985,1033,1638
1985,1397,1108
1985,1572,1701
1985,1942,1428
1986,231,692
1986,1419,1388
1986,1582,827
1986,1625,1654
1987,16,1060
1987,185,633
1987,534,365
1987,639,1863
1987,1007,1938
1987,1201,55
1987,1838,868
1988,773,1263
1988,1171,1686
1988,1617,1344
1988,1902,1796
1988,1938,94
1989,32,1100
1989,1958,1583
1990,62,187
1990,232,79
1990,342,1
1990,366,783
1990,862,1830
1990,938,1300
1990,1033,373
1990,1344,382
1990,1391,1181
1990,1589,1184
1990,1652,1999
1991,209,577
1991,274,953
1991,627,392
1991,649,1315
1991,704,1318
1991,705,1928
1991,731,692
1991,1420,389
1991,1762,81
1992,387,1433
1992,413,733
1992,609,1579
1992,1674,193
1992,1888,775
1993,100,1864
1993,860,1889
1994,265,1439
1994,326,205
1994,1209,842
1994,1612,154
1995,708,109
1995,1419,814
1995,1523,907
1996,278,173
1997,552,414
1997,729,1788
1997,1047,1253
1998,171,195
1998,322,1499
1998,1145,1239
1998,1300,651
1998,1577,297
1999,410,1311
1999,536,482
1999,574,659
