SourceID,Hop1_ID,Hop2_ID,Offset
0,313,1236,0
0,621,911,1
0,622,587,2
0,777,230,3
0,1998,322,4
1,1226,663,5
1,1348,302,6
1,1829,1625,7
2,234,830,8
2,1000,1788,9
2,1328,711,10
2,1346,1780,11
2,1554,1346,12
3,242,49,13
3,1331,90,14
3,1973,1083,15
4,1511,1292,16
4,1764,1910,17
5,90,1758,18
5,315,537,19
5,836,922,20
5,1334,430,21
5,1355,535,22
5,1604,474,23
6,136,386,24
6,670,729,25
6,787,1954,26
6,887,949,27
6,935,1782,28
7,683,1579,29
7,1169,727,30
7,1308,456,31
8,1086,469,32
9,641,504,33
9,925,560,34
9,1142,482,35
9,1867,945,36
10,519,1033,37
10,881,721,38
10,1136,915,39
10,1172,1221,40
10,1395,1071,41
10,1625,1080,42
10,1913,1409,43
10,1931,631,44
10,1975,1127,45
11,793,1588,46
11,808,238,47
11,1200,635,48
11,1245,1807,49
12,780,7,50
12,1260,942,51
13,344,1671,52
13,501,1806,53
13,615,454,54
13,1943,810,55
14,401,1681,56
14,690,1941,57
14,1122,765,58
14,1183,1070,59
15,292,912,60
15,350,767,61
15,1215,1214,62
15,1780,1604,63
15,1985,645,64
16,325,863,65
16,755,410,66
16,1159,1771,67
16,1252,1045,68
16,1367,1673,69
16,1424,703,70
16,1735,220,71
17,21,1866,72
17,461,660,73
17,1884,1765,74
18,324,732,75
18,741,1486,76
18,970,1866,77
19,992,279,78
19,1023,1659,79
19,1216,721,80
19,1377,355,81
19,1406,1051,82
19,1480,27,83
19,1947,686,84
19,1961,1621,85
20,151,732,86
20,1850,365,87
21,0,1071,88
21,201,529,89
21,401,905,90
21,513,234,91
21,1687,728,92
21,1970,1942,93
22,207,298,94
22,351,669,95
22,960,929,96
22,1188,620,97
23,535,1338,98
23,543,429,99
23,1311,412,100
23,1317,1913,101
23,1393,1476,102
24,34,1084,103
24,582,706,104
24,1380,431,105
24,1720,1528,106
25,9,669,107
25,239,1578,108
25,254,628,109
25,1165,1702,110
25,1218,1460,111
25,1610,1434,112
26,207,1460,113
26,500,1409,114
26,1364,971,115
26,1373,442,116
26,1375,182,117
26,1959,630,118
27,73,1731,119
27,331,1064,120
27,351,1343,121
27,476,43,122
27,587,227,123
27,1181,1837,124
27,1398,1130,125
27,1563,1700,126
27,1622,1979,127
28,536,441,128
28,541,1098,129
28,969,1609,130
28,1508,690,131
29,292,1299,132
29,308,1836,133
29,690,1680,134
29,1495,876,135
29,1942,312,136
30,733,1617,137
30,823,1339,138
30,1010,444,139
31,92,1888,140
31,433,1919,141
32,228,388,142
32,441,891,143
32,863,57,144
32,1273,1824,145
32,1801,997,146
32,1948,1974,147
33,63,605,148
33,414,1070,149
33,731,1614,150
33,801,967,151
33,1027,1778,152
33,1389,1730,153
33,1412,156,154
34,681,1714,155
34,754,678,156
34,963,447,157
34,1202,138,158
35,900,18,159
35,982,713,160
35,1361,1912,161
35,1712,1676,162
35,1731,531,163
36,1262,408,164
36,1385,8,165
36,1950,1564,166
37,1452,664,167
38,246,1348,168
38,903,642,169
38,1766,783,170
39,641,1046,171
40,843,248,172
40,1102,667,173
40,1328,1687,174
40,1754,1803,175
40,1760,920,176
40,1946,1479,177
41,128,1161,178
41,691,1674,179
41,1272,312,180
41,1546,1925,181
41,1770,1598,182
42,225,1692,183
42,1025,1033,184
42,1566,1376,185
42,1702,1387,186
42,1941,47,187
42,1978,665,188
43,103,1611,189
43,822,1177,190
43,1021,1712,191
43,1321,1980,192
43,1366,563,193
43,1643,776,194
44,81,506,195
44,287,1581,196
44,360,1726,197
44,899,1657,198
44,1122,803,199
44,1580,1683,200
45,1785,1642,201
46,600,853,202
46,1182,1553,203
47,287,244,204
47,618,561,205
47,1142,968,206
47,1201,1173,207
47,1307,1186,208
47,1538,1993,209
48,634,25,210
48,897,1016,211
48,898,984,212
48,1002,652,213
48,1111,547,214
48,1202,1630,215
48,1268,188,216
49,331,176,217
49,1999,931,218
50,94,501,219
50,813,1579,220
50,1788,285,221
51,1520,1503,222
51,1784,902,223
52,756,416,224
52,909,1776,225
52,1902,638,226
53,183,724,227
53,583,671,228
53,1247,1902,229
53,1506,381,230
53,1561,1253,231
53,1578,813,232
53,1863,1246,233
53,1912,1260,234
53,1974,1236,235
54,149,1308,236
54,382,407,237
54,1149,407,238
54,1660,60,239
56,236,1796,240
56,698,1486,241
56,987,238,242
56,1265,1449,243
56,1560,106,244
57,580,936,245
57,982,884,246
57,1209,92,247
57,1823,1631,248
57,1915,1036,249
58,71,1358,250
58,244,1566,251
58,335,1048,252
58,975,1355,253
58,1524,1668,254
58,1604,52,255
59,94,664,256
59,1267,459,257
59,1334,1318,258
59,1704,359,259
60,203,1511,260
60,670,283,261
60,1199,480,262
60,1298,559,263
60,1329,1902,264
60,1567,652,265
60,1705,1964,266
60,1891,356,267
61,66,692,268
61,76,1018,269
61,133,973,270
61,191,447,271
61,234,368,272
61,767,284,273
61,1018,417,274
61,1136,235,275
62,171,660,276
62,495,762,277
62,683,1920,278
62,1274,79,279
62,1314,905,280
62,1767,1470,281
64,267,1785,282
64,881,1802,283
64,1172,1941,284
65,261,1019,285
65,969,1910,286
65,1648,646,287
66,31,53,288
66,562,460,289
66,734,1667,290
66,836,1565,291
66,1353,1745,292
66,1396,1386,293
67,367,1902,294
67,702,172,295
67,1567,23,296
67,1624,1351,297
68,571,893,298
68,603,41,299
68,871,1087,300
69,553,569,301
69,561,1774,302
69,745,320,303
69,1321,1332,304
69,1710,1627,305
69,1948,1239,306
70,1318,579,307
71,258,137,308
71,1091,358,309
71,1363,649,310
71,1481,157,311
72,1220,228,312
72,1915,948,313
72,1943,1299,314
73,67,362,315
73,190,1573,316
73,395,51,317
73,481,1430,318
73,963,532,319
73,1178,545,320
73,1423,1341,321
74,424,449,322
74,525,23,323
74,658,1411,324
74,781,746,325
74,927,385,326
74,1712,813,327
75,385,290,328
75,694,114,329
75,1352,1889,330
76,352,564,331
76,543,1489,332
76,943,1347,333
76,1592,413,334
77,1355,689,335
77,1361,799,336
78,222,1221,337
78,293,1846,338
78,300,1247,339
78,377,1401,340
78,560,393,341
78,587,1878,342
78,756,59,343
78,887,205,344
78,1066,223,345
78,1118,410,346
78,1619,1317,347
79,1193,168,348
79,1260,561,349
79,1672,469,350
80,263,1177,351
80,931,1974,352
80,993,1447,353
80,1258,0,354
80,1280,962,355
80,1309,303,356
80,1509,186,357
80,1824,1172,358
80,1981,786,359
81,248,1777,360
81,594,1231,361
81,756,568,362
81,1268,167,363
81,1328,663,364
81,1397,1813,365
81,1889,123,366
82,237,495,367
82,338,1828,368
82,440,1711,369
82,1562,1548,370
83,1,106,371
83,445,579,372
83,454,1949,373
83,638,1881,374
83,781,1716,375
83,877,571,376
83,1503,144,377
83,1683,799,378
84,653,1105,379
84,711,1091,380
84,1186,1065,381
85,2,1664,382
85,213,72,383
85,385,1939,384
85,631,746,385
85,646,1911,386
85,1038,215,387
85,1131,1462,388
86,137,772,389
86,321,579,390
86,448,1553,391
86,589,1956,392
86,643,777,393
86,893,38,394
86,1488,1781,395
86,1525,1919,396
86,1736,987,397
86,1810,287,398
86,1933,395,399
87,402,220,400
87,703,1037,401
87,830,242,402
87,867,160,403
87,941,840,404
87,960,1657,405
87,1271,1318,406
88,1489,1604,407
89,261,392,408
89,841,746,409
89,1301,792,410
89,1810,1477,411
89,1886,474,412
89,1997,60,413
90,82,963,414
90,123,261,415
90,620,24,416
90,851,1049,417
90,875,1004,418
90,1227,100,419
90,1344,129,420
91,564,1246,421
91,1659,1455,422
92,60,1744,423
92,79,280,424
92,820,104,425
92,1051,220,426
92,1500,367,427
92,1677,35,428
93,19,1744,429
93,330,1513,430
93,497,1436,431
93,631,916,432
93,1238,816,433
93,1435,1737,434
93,1642,30,435
93,1942,1313,436
93,1985,1653,437
93,1995,111,438
94,966,745,439
94,1063,1420,440
94,1953,821,441
95,1497,147,442
95,1577,1797,443
96,37,734,444
96,805,611,445
96,1638,1091,446
96,1763,224,447
96,1979,620,448
97,488,859,449
97,608,1174,450
97,1690,21,451
97,1713,1300,452
97,1773,1342,453
97,1963,155,454
98,644,190,455
98,790,897,456
98,1094,57,457
98,1242,1998,458
98,1355,221,459
98,1412,237,460
98,1557,468,461
99,94,203,462
99,103,576,463
99,951,576,464
99,1581,772,465
99,1641,1318,466
99,1918,1831,467
100,388,596,468
100,749,635,469
100,1122,817,470
100,1964,1984,471
101,821,1265,472
101,1643,1011,473
102,514,282,474
102,532,776,475
102,1141,510,476
102,1323,509,477
102,1755,22,478
102,1821,1227,479
103,594,1936,480
103,1494,754,481
103,1880,738,482
103,1897,1937,483
104,865,1014,484
104,1584,1909,485
105,4,965,486
105,563,169,487
105,623,225,488
105,859,630,489
105,1195,983,490
105,1641,1908,491
106,280,1047,492
106,811,1281,493
106,1674,880,494
107,240,1055,495
107,318,322,496
107,1225,9,497
107,1616,1292,498
107,1890,1772,499
108,386,304,500
108,484,925,501
108,717,952,502
108,832,425,503
108,942,1267,504
108,952,1340,505
108,1000,626,506
108,1700,139,507
108,1880,1485,508
108,1960,1167,509
109,209,1366,510
109,753,440,511
109,1546,1730,512
109,1774,1299,513
110,189,1832,514
110,624,1073,515
110,709,1844,516
110,1076,1636,517
110,1320,745,518
110,1436,217,519
111,84,1735,520
111,173,112,521
111,384,1061,522
111,470,375,523
111,620,870,524
111,738,7,525
112,15,418,526
112,617,1250,527
112,1080,1702,528
113,53,1584,529
113,1023,1759,530
113,1523,144,531
113,1702,254,532
113,1983,837,533
114,448,803,534
114,469,1683,535
114,908,1305,536
114,914,1160,537
114,1304,19,538
114,1309,701,539
114,1529,282,540
114,1564,1941,541
114,1860,1365,542
115,409,546,543
115,476,1232,544
115,720,1039,545
115,1320,1399,546
116,228,1402,547
116,259,898,548
116,1306,215,549
116,1517,1619,550
116,1922,1216,551
117,173,1522,552
117,754,1061,553
117,1281,1671,554
117,1834,711,555
118,487,475,556
118,1144,946,557
119,223,1170,558
119,1186,1506,559
120,106,681,560
120,468,138,561
120,1258,1968,562
120,1930,1729,563
121,285,418,564
121,1546,840,565
122,20,228,566
122,281,767,567
122,339,1623,568
122,571,1750,569
122,728,1320,570
122,1069,410,571
122,1723,763,572
122,1866,715,573
122,1991,291,574
123,1265,1306,575
123,1269,1547,576
123,1911,1887,577
124,980,1735,578
124,1877,68,579
124,1949,1463,580
125,133,395,581
125,544,1539,582
125,805,1554,583
126,128,1011,584
126,1379,1409,585
126,1700,1599,586
127,482,1010,587
127,870,1819,588
127,890,1356,589
127,1367,242,590
127,1445,282,591
127,1917,1655,592
128,112,239,593
129,451,1963,594
129,535,1341,595
129,763,707,596
129,1301,1687,597
129,1341,100,598
129,1466,1589,599
129,1497,1416,600
129,1601,748,601
129,1707,1845,602
130,461,376,603
130,548,1828,604
130,691,881,605
130,1094,791,606
130,1918,1799,607
131,126,1253,608
131,692,43,609
131,1688,817,610
132,404,1848,611
132,926,1460,612
132,1126,1110,613
133,175,43,614
133,315,1171,615
133,820,1007,616
133,839,1060,617
133,889,1937,618
133,946,1241,619
133,1687,93,620
134,385,1826,621
134,991,59,622
134,1779,624,623
135,100,64,624
135,334,1758,625
135,362,1898,626
135,635,1430,627
135,674,1311,628
135,789,580,629
135,1150,173,630
135,1347,1669,631
135,1911,1966,632
135,1985,305,633
136,89,1710,634
136,375,1099,635
136,717,1303,636
136,1226,1526,637
137,133,178,638
137,555,1133,639
137,920,797,640
137,1004,1142,641
137,1148,1452,642
137,1504,154,643
137,1582,207,644
137,1987,399,645
138,495,892,646
138,686,36,647
138,706,493,648
138,988,858,649
138,1141,1091,650
138,1214,1616,651
138,1553,875,652
138,1782,91,653
138,1952,1077,654
139,24,842,655
139,169,1123,656
139,202,1678,657
139,286,310,658
139,1382,1765,659
140,156,318,660
140,193,1943,661
140,470,774,662
140,480,1292,663
140,699,387,664
140,1699,1567,665
140,1800,500,666
141,1036,1326,667
141,1796,952,668
142,93,1354,669
142,1007,1901,670
142,1727,503,671
142,1843,396,672
142,1866,1972,673
142,1957,353,674
143,14,1533,675
143,568,220,676
143,1106,462,677
143,1584,1426,678
144,319,1193,679
144,1289,1500,680
144,1603,854,681
144,1802,1544,682
144,1945,852,683
145,26,1905,684
145,1407,478,685
145,1449,1292,686
145,1655,252,687
146,137,519,688
146,545,1590,689
146,1112,962,690
146,1247,1300,691
146,1327,32,692
147,697,379,693
147,1529,1405,694
148,19,938,695
148,732,1900,696
148,765,1442,697
149,92,867,698
149,144,1170,699
149,195,1140,700
149,314,850,701
149,402,979,702
149,1410,122,703
149,1649,1941,704
149,1756,1510,705
149,1891,1698,706
150,168,548,707
150,791,1032,708
150,964,1198,709
150,996,1964,710
150,1101,436,711
150,1228,752,712
150,1636,1732,713
151,635,945,714
151,919,1224,715
151,921,954,716
151,925,353,717
151,1033,1478,718
151,1181,1289,719
151,1447,1408,720
151,1512,1885,721
152,362,764,722
152,669,320,723
152,1932,415,724
153,28,1707,725
153,338,896,726
153,1212,1162,727
153,1374,1305,728
153,1962,312,729
154,288,1544,730
154,907,1654,731
154,1935,1808,732
155,385,383,733
155,406,191,734
155,1212,1414,735
155,1308,928,736
156,308,359,737
156,512,1921,738
156,637,1236,739
156,668,763,740
156,1260,683,741
156,1353,1539,742
156,1489,154,743
156,1547,215,744
156,1873,741,745
157,188,522,746
157,504,1573,747
157,739,515,748
157,1175,281,749
157,1320,1769,750
157,1962,1419,751
158,485,417,752
158,605,1729,753
159,38,1586,754
159,153,1990,755
159,1170,763,756
159,1225,602,757
159,1834,1986,758
159,1878,1155,759
160,416,1867,760
160,870,1414,761
160,872,1484,762
160,1025,1526,763
160,1234,334,764
160,1597,114,765
160,1609,566,766
160,1808,1239,767
160,1994,1889,768
161,175,1498,769
161,501,157,770
161,808,1848,771
161,810,1782,772
161,1130,600,773
161,1171,783,774
162,38,524,775
162,120,1203,776
162,331,703,777
162,360,1995,778
162,1231,1229,779
162,1409,1597,780
162,1987,1634,781
163,290,1495,782
163,431,341,783
163,1139,1586,784
163,1247,77,785
163,1751,476,786
163,1947,1991,787
164,681,1129,788
164,800,1838,789
164,1685,1596,790
164,1727,1537,791
165,13,14,792
165,595,448,793
165,1338,1757,794
166,169,1408,795
166,496,332,796
166,845,703,797
166,1368,395,798
166,1612,1795,799
166,1886,215,800
167,684,344,801
167,963,39,802
167,969,1728,803
167,1076,914,804
167,1686,858,805
167,1802,1171,806
168,168,1630,807
168,226,323,808
168,663,460,809
168,671,1011,810
168,761,1360,811
168,946,1788,812
168,1004,48,813
169,709,1405,814
169,722,1143,815
169,1978,1775,816
170,852,1795,817
170,1397,846,818
170,1870,921,819
171,311,1834,820
171,353,908,821
171,548,292,822
171,580,1225,823
171,595,958,824
171,694,1075,825
171,1102,1739,826
172,75,1100,827
172,580,710,828
172,604,910,829
172,848,752,830
173,255,1036,831
173,275,1539,832
173,581,1055,833
173,962,772,834
173,1652,1092,835
173,1864,1409,836
174,1072,1448,837
175,21,960,838
175,237,1702,839
175,369,1498,840
175,443,919,841
175,608,1160,842
175,773,255,843
176,134,633,844
176,616,1576,845
176,873,802,846
176,1132,935,847
176,1159,1905,848
176,1366,988,849
176,1460,554,850
176,1484,480,851
177,565,1596,852
177,843,1755,853
177,972,516,854
177,1136,1733,855
177,1770,280,856
178,383,882,857
178,794,1139,858
178,1768,154,859
179,150,111,860
179,228,182,861
179,990,1482,862
179,1151,525,863
179,1175,1889,864
179,1659,1396,865
180,381,407,866
180,391,1482,867
180,894,1729,868
181,13,838,869
181,502,967,870
181,740,1482,871
181,1547,287,872
181,1682,1451,873
181,1947,1057,874
182,145,366,875
182,396,1885,876
182,628,1827,877
182,683,720,878
182,743,1862,879
183,216,890,880
183,1060,302,881
183,1330,33,882
183,1667,424,883
184,193,1456,884
184,512,663,885
184,1448,1875,886
184,1598,1443,887
184,1619,808,888
185,32,982,889
185,322,1653,890
185,445,1673,891
185,583,56,892
185,1457,1224,893
185,1637,1038,894
186,233,1446,895
186,1314,1114,896
186,1456,508,897
186,1686,297,898
186,1770,104,899
186,1840,1045,900
187,468,1969,901
187,1292,1390,902
187,1404,1266,903
188,715,453,904
188,859,135,905
188,1068,773,906
188,1168,818,907
188,1205,20,908
188,1469,1728,909
188,1545,737,910
189,668,112,911
189,1096,1483,912
189,1299,867,913
189,1319,1457,914
190,82,1051,915
190,191,52,916
190,602,453,917
190,692,1216,918
190,695,786,919
190,825,1055,920
190,987,1350,921
191,338,1178,922
191,830,776,923
191,1015,371,924
191,1604,1127,925
192,931,642,926
192,931,777,927
193,77,942,928
193,125,1279,929
193,379,1030,930
193,465,1996,931
193,951,1353,932
194,2,437,933
194,240,1979,934
195,277,1971,935
195,886,1355,936
195,945,1967,937
195,1035,273,938
195,1219,1315,939
195,1267,741,940
195,1507,1204,941
195,1832,1081,942
196,238,1528,943
196,423,1130,944
196,728,1995,945
196,1264,1540,946
196,1704,752,947
197,978,1009,948
197,1071,1349,949
197,1362,217,950
198,52,423,951
198,432,1069,952
198,453,460,953
198,506,418,954
198,675,1314,955
198,735,1735,956
198,1547,80,957
198,1786,1399,958
198,1850,1285,959
199,1284,1170,960
199,1555,1349,961
199,1566,1908,962
199,1648,30,963
199,1683,595,964
199,1683,911,965
199,1756,1114,966
200,100,1328,967
200,103,1335,968
200,485,1510,969
200,772,1984,970
200,865,1410,971
200,871,274,972
200,895,475,973
200,926,1014,974
200,1075,212,975
200,1655,1000,976
201,124,824,977
201,404,1486,978
201,1376,1701,979
201,1428,1110,980
201,1991,1779,981
202,65,1169,982
202,556,1765,983
202,598,1885,984
202,1707,1002,985
203,711,583,986
203,1109,344,987
203,1404,752,988
203,1454,1640,989
203,1940,1562,990
204,181,1031,991
204,583,1268,992
204,623,1646,993
204,726,738,994
204,773,786,995
204,964,1126,996
204,1414,1382,997
204,1665,357,998
204,1951,359,999
205,362,602,1000
205,846,676,1001
205,908,340,1002
205,1393,339,1003
205,1483,1078,1004
205,1790,1730,1005
205,1894,216,1006
206,241,1021,1007
206,564,463,1008
206,882,378,1009
206,1216,68,1010
206,1625,851,1011
207,605,766,1012
207,882,1007,1013
207,1697,981,1014
208,1387,114,1015
208,1427,1582,1016
208,1518,1894,1017
208,1637,1785,1018
208,1646,1625,1019
208,1686,1151,1020
209,15,1047,1021
209,189,778,1022
209,1070,334,1023
209,1385,1516,1024
209,1507,1699,1025
210,59,458,1026
210,163,671,1027
210,602,43,1028
210,724,1597,1029
210,785,1030,1030
210,1402,614,1031
210,1456,1732,1032
210,1787,25,1033
210,1831,1175,1034
211,181,1498,1035
211,1066,1569,1036
211,1157,1834,1037
211,1441,1983,1038
212,537,1265,1039
212,970,50,1040
212,1016,1535,1041
212,1178,8,1042
212,1291,1663,1043
212,1401,478,1044
212,1580,1191,1045
212,1653,1049,1046
212,1730,1958,1047
213,159,742,1048
213,1382,1132,1049
214,151,700,1050
214,930,1794,1051
214,1653,1692,1052
214,1756,329,1053
215,1603,1895,1054
216,336,920,1055
216,498,892,1056
216,785,110,1057
216,887,1967,1058
216,1569,1307,1059
216,1872,266,1060
217,462,1311,1061
217,857,970,1062
217,952,1651,1063
217,1019,406,1064
217,1110,1507,1065
217,1247,433,1066
217,1479,1527,1067
217,1714,662,1068
217,1893,474,1069
218,51,780,1070
218,112,1923,1071
218,133,433,1072
218,152,497,1073
218,269,378,1074
218,541,325,1075
218,809,18,1076
218,1144,148,1077
218,1291,1410,1078
218,1687,303,1079
218,1825,976,1080
219,6,489,1081
219,10,716,1082
219,277,623,1083
219,520,1251,1084
219,667,1138,1085
219,682,1217,1086
219,699,422,1087
219,950,853,1088
219,994,392,1089
219,1525,225,1090
219,1811,0,1091
219,1901,686,1092
220,39,599,1093
220,547,1215,1094
220,714,1398,1095
220,862,872,1096
220,919,258,1097
220,1014,295,1098
220,1479,92,1099
220,1623,43,1100
220,1670,669,1101
221,250,513,1102
221,975,895,1103
221,986,130,1104
221,1004,1458,1105
221,1475,2,1106
221,1878,1965,1107
221,1977,560,1108
222,294,1107,1109
222,890,469,1110
222,898,1344,1111
222,1104,598,1112
222,1403,1667,1113
222,1558,244,1114
223,158,1038,1115
223,754,494,1116
223,853,365,1117
223,925,1031,1118
223,1133,794,1119
223,1778,1303,1120
224,1610,332,1121
225,667,466,1122
225,922,1161,1123
225,1941,1982,1124
226,98,1939,1125
226,1168,592,1126
226,1304,932,1127
226,1804,588,1128
227,624,921,1129
227,784,748,1130
227,966,275,1131
227,1589,590,1132
227,1733,1077,1133
227,1996,216,1134
228,198,1370,1135
228,601,890,1136
228,1236,357,1137
228,1474,1815,1138
228,1549,1936,1139
229,126,1697,1140
229,766,1607,1141
229,1169,1504,1142
229,1671,32,1143
230,85,793,1144
230,493,1023,1145
230,677,332,1146
230,1375,847,1147
230,1972,1804,1148
230,1983,974,1149
231,483,1296,1150
231,719,980,1151
231,1172,233,1152
231,1183,875,1153
232,194,1996,1154
232,945,1939,1155
232,986,1382,1156
232,1329,979,1157
232,1359,1936,1158
232,1527,130,1159
232,1622,1986,1160
233,537,1373,1161
233,820,819,1162
233,854,943,1163
233,1264,464,1164
233,1404,682,1165
234,236,325,1166
234,400,1753,1167
234,691,347,1168
234,1212,1220,1169
234,1369,708,1170
234,1396,1812,1171
235,46,1739,1172
235,108,1833,1173
235,959,1972,1174
235,1627,1872,1175
235,1736,1055,1176
235,1840,444,1177
236,631,1607,1178
236,788,580,1179
236,896,241,1180
236,987,1357,1181
236,1058,1348,1182
236,1822,219,1183
237,207,336,1184
237,1146,81,1185
237,1236,1652,1186
238,169,249,1187
238,286,92,1188
238,905,170,1189
238,1393,420,1190
238,1625,392,1191
238,1983,724,1192
239,84,648,1193
239,374,764,1194
239,630,50,1195
240,370,1765,1196
240,493,1147,1197
240,1326,1704,1198
240,1529,1544,1199
240,1865,893,1200
240,1970,1424,1201
240,1998,702,1202
241,291,1847,1203
241,488,625,1204
241,699,954,1205
241,936,1564,1206
241,1064,14,1207
241,1422,435,1208
241,1510,1736,1209
241,1525,572,1210
242,146,737,1211
242,455,263,1212
242,738,1890,1213
243,689,1837,1214
243,1018,1526,1215
243,1531,470,1216
244,25,1449,1217
244,293,808,1218
244,1028,1378,1219
244,1332,584,1220
245,15,1018,1221
245,910,1820,1222
245,1586,145,1223
245,1755,459,1224
245,1776,1394,1225
246,84,1201,1226
246,270,821,1227
246,515,1727,1228
246,574,1316,1229
246,611,1005,1230
246,1127,1459,1231
246,1155,797,1232
246,1653,1913,1233
246,1882,1303,1234
246,1944,1550,1235
247,106,414,1236
247,424,380,1237
247,507,460,1238
247,560,289,1239
247,756,1170,1240
247,1097,733,1241
247,1150,458,1242
248,59,1993,1243
248,411,1622,1244
248,1516,1197,1245
248,1885,51,1246
249,115,1442,1247
249,333,1549,1248
249,614,828,1249
249,807,765,1250
249,1226,265,1251
249,1422,1760,1252
249,1995,1573,1253
250,19,652,1254
250,547,920,1255
250,841,724,1256
250,1121,714,1257
250,1344,157,1258
250,1943,1736,1259
251,219,290,1260
251,277,1746,1261
251,762,1484,1262
251,1737,413,1263
251,1779,1086,1264
252,359,1078,1265
252,750,1456,1266
252,885,299,1267
252,1362,278,1268
252,1486,1514,1269
252,1779,755,1270
252,1809,897,1271
253,107,1777,1272
253,715,191,1273
253,931,754,1274
253,1120,517,1275
253,1439,1559,1276
253,1884,1232,1277
254,212,298,1278
254,632,484,1279
254,788,1909,1280
254,1094,1518,1281
254,1339,1363,1282
254,1979,771,1283
255,175,1995,1284
255,190,1985,1285
255,195,504,1286
255,919,610,1287
255,1088,225,1288
255,1108,1521,1289
255,1432,1022,1290
256,429,266,1291
256,880,1436,1292
256,1490,480,1293
256,1720,1283,1294
257,132,124,1295
257,262,1351,1296
257,275,23,1297
258,292,775,1298
258,318,704,1299
258,563,1278,1300
258,1028,1977,1301
258,1032,242,1302
258,1064,1359,1303
258,1065,1107,1304
259,422,293,1305
259,1035,157,1306
259,1535,1599,1307
259,1632,1069,1308
260,465,1290,1309
260,531,1911,1310
260,981,1259,1311
260,1106,713,1312
260,1605,196,1313
261,372,1571,1314
262,661,1344,1315
262,1062,318,1316
262,1517,529,1317
262,1527,133,1318
262,1714,750,1319
262,1798,1697,1320
263,188,1853,1321
263,197,1878,1322
263,873,1598,1323
263,1357,1412,1324
263,1493,1274,1325
263,1996,198,1326
264,354,408,1327
264,432,1767,1328
264,778,1090,1329
264,902,751,1330
264,1098,856,1331
264,1238,1105,1332
264,1982,1442,1333
265,554,1481,1334
265,562,546,1335
265,1253,1810,1336
265,1258,888,1337
265,1429,663,1338
265,1906,1534,1339
266,59,964,1340
266,883,1753,1341
266,975,439,1342
266,1139,122,1343
266,1358,682,1344
266,1847,1235,1345
267,929,1299,1346
267,989,1884,1347
267,1159,1745,1348
267,1304,536,1349
267,1557,758,1350
267,1627,388,1351
268,662,1540,1352
268,694,595,1353
268,735,1362,1354
268,1179,1404,1355
268,1223,771,1356
268,1375,1321,1357
269,169,859,1358
269,184,1862,1359
269,224,1961,1360
270,183,649,1361
270,495,1764,1362
270,508,1577,1363
270,688,169,1364
270,792,1762,1365
270,1325,354,1366
270,1481,1915,1367
270,1610,1104,1368
270,1839,1616,1369
270,1982,1827,1370
271,600,132,1371
271,1425,1487,1372
271,1456,82,1373
271,1560,283,1374
271,1954,1907,1375
272,1784,662,1376
272,1886,788,1377
273,35,1599,1378
273,90,721,1379
273,204,1620,1380
273,811,440,1381
273,836,1839,1382
273,1886,225,1383
274,701,1846,1384
274,795,497,1385
274,951,1026,1386
274,1726,196,1387
274,1814,118,1388
275,64,241,1389
275,405,996,1390
275,513,1840,1391
275,658,1761,1392
275,829,1318,1393
275,1289,1049,1394
275,1391,1501,1395
275,1754,1235,1396
276,28,390,1397
276,108,1060,1398
276,342,99,1399
276,880,1861,1400
276,984,1145,1401
276,1823,618,1402
277,795,929,1403
277,805,846,1404
277,852,1135,1405
277,1568,1313,1406
277,1802,780,1407
278,1,588,1408
278,969,1012,1409
278,986,318,1410
278,1015,1561,1411
278,1477,1921,1412
278,1597,1577,1413
278,1695,365,1414
279,59,529,1415
279,704,587,1416
279,937,1474,1417
279,1464,961,1418
279,1529,800,1419
280,473,841,1420
280,654,1885,1421
280,705,39,1422
280,857,1701,1423
280,1061,576,1424
280,1200,770,1425
280,1425,528,1426
280,1723,1998,1427
281,223,1260,1428
281,658,1713,1429
281,776,1341,1430
281,1315,1650,1431
281,1436,23,1432
281,1488,1536,1433
281,1725,1291,1434
281,1797,1840,1435
282,845,1233,1436
282,1177,785,1437
282,1240,533,1438
282,1641,137,1439
282,1751,1540,1440
283,1248,1269,1441
283,1358,1325,1442
283,1735,703,1443
284,52,1232,1444
284,215,661,1445
284,408,1880,1446
284,484,1618,1447
284,1673,905,1448
284,1817,1189,1449
285,270,1516,1450
285,603,942,1451
285,958,1807,1452
285,983,1555,1453
285,1388,1128,1454
285,1549,834,1455
285,1711,1202,1456
286,248,24,1457
286,303,1068,1458
286,370,251,1459
286,570,1607,1460
286,724,1530,1461
286,956,1201,1462
286,1031,592,1463
286,1181,1004,1464
286,1484,1139,1465
286,1486,825,1466
286,1644,1617,1467
286,1996,935,1468
287,294,984,1469
287,977,662,1470
287,1423,962,1471
287,1683,1468,1472
287,1828,822,1473
287,1829,10,1474
288,580,572,1475
288,1735,509,1476
288,1769,810,1477
289,252,85,1478
289,481,1062,1479
289,490,1966,1480
289,825,1262,1481
289,963,222,1482
289,1650,209,1483
290,141,560,1484
290,533,239,1485
290,538,935,1486
290,1511,1537,1487
290,1517,1296,1488
290,1676,1524,1489
290,1720,1393,1490
291,329,376,1491
291,595,901,1492
291,845,1828,1493
291,1153,1942,1494
291,1376,564,1495
292,542,285,1496
292,550,1533,1497
292,1272,431,1498
292,1501,402,1499
292,1569,1782,1500
292,1627,1193,1501
292,1720,895,1502
292,1738,1244,1503
293,50,668,1504
293,85,1667,1505
293,147,873,1506
293,337,973,1507
293,745,1736,1508
293,1097,417,1509
293,1352,1067,1510
293,1781,1065,1511
294,291,1560,1512
294,1477,1812,1513
294,1658,1290,1514
295,218,358,1515
295,587,1304,1516
295,606,51,1517
295,1035,260,1518
295,1540,1680,1519
295,1569,1105,1520
295,1710,1747,1521
295,1807,1892,1522
296,117,486,1523
296,185,661,1524
296,785,390,1525
296,1778,343,1526
297,25,607,1527
297,108,1372,1528
297,1086,1782,1529
297,1186,1508,1530
297,1226,699,1531
297,1596,643,1532
297,1748,66,1533
298,58,594,1534
298,129,342,1535
298,423,797,1536
298,500,1087,1537
298,902,91,1538
298,1311,437,1539
298,1466,696,1540
298,1577,20,1541
298,1582,1313,1542
298,1638,1964,1543
298,1732,1528,1544
299,654,944,1545
299,1366,260,1546
299,1719,127,1547
299,1779,1634,1548
300,114,340,1549
300,655,302,1550
300,676,1157,1551
300,748,289,1552
300,1353,305,1553
300,1434,827,1554
300,1587,192,1555
300,1862,911,1556
301,520,506,1557
301,723,1342,1558
301,921,1771,1559
301,944,1794,1560
301,1572,931,1561
302,130,1396,1562
302,535,1239,1563
302,771,1946,1564
302,840,1753,1565
302,1201,1443,1566
302,1492,546,1567
302,1615,1844,1568
302,1779,1704,1569
303,422,631,1570
303,723,582,1571
303,880,261,1572
303,1179,1012,1573
303,1196,24,1574
303,1847,981,1575
304,70,1257,1576
304,261,1401,1577
304,493,393,1578
304,1592,1343,1579
305,182,1962,1580
305,600,290,1581
305,614,770,1582
305,1241,1829,1583
305,1403,1728,1584
305,1480,150,1585
305,1661,1152,1586
305,1860,544,1587
305,1871,1174,1588
305,1944,184,1589
306,336,671,1590
306,554,690,1591
306,1240,197,1592
307,393,56,1593
307,829,773,1594
307,1500,149,1595
307,1513,1818,1596
307,1829,1366,1597
308,13,1909,1598
308,473,784,1599
308,583,637,1600
308,706,50,1601
308,842,648,1602
308,1791,418,1603
308,1961,126,1604
309,18,447,1605
309,364,877,1606
309,1214,1937,1607
309,1349,914,1608
309,1540,1426,1609
309,1747,1413,1610
310,421,908,1611
310,769,418,1612
310,1519,1657,1613
310,1542,1543,1614
310,1883,843,1615
311,101,1985,1616
311,1107,1929,1617
311,1595,384,1618
312,210,1496,1619
312,386,1583,1620
312,568,171,1621
312,620,1273,1622
312,1158,1160,1623
312,1406,1890,1624
312,1493,1047,1625
313,103,1379,1626
313,241,760,1627
313,441,133,1628
313,891,360,1629
313,930,1098,1630
313,1285,327,1631
313,1445,1507,1632
314,48,940,1633
314,59,166,1634
314,330,487,1635
314,1618,766,1636
314,1910,1689,1637
315,332,370,1638
315,389,696,1639
315,628,1950,1640
315,778,1457,1641
315,848,969,1642
315,1020,1910,1643
315,1325,744,1644
315,1436,1098,1645
315,1736,1033,1646
316,153,961,1647
316,872,1334,1648
316,1344,987,1649
316,1523,1649,1650
317,81,314,1651
317,564,386,1652
317,815,1311,1653
317,920,605,1654
317,1122,1685,1655
317,1255,1884,1656
318,172,1341,1657
318,1942,962,1658
319,8,1986,1659
319,122,1804,1660
319,290,1226,1661
319,1202,1746,1662
319,1551,1491,1663
319,1678,1953,1664
320,1092,450,1665
320,1240,1007,1666
321,109,207,1667
321,479,1510,1668
321,491,355,1669
321,556,1992,1670
321,1035,1738,1671
321,1216,909,1672
321,1915,1725,1673
322,116,1967,1674
322,494,1226,1675
322,522,1583,1676
322,741,1232,1677
323,151,904,1678
323,205,30,1679
323,345,448,1680
323,560,1807,1681
323,900,851,1682
323,929,6,1683
324,125,1600,1684
324,895,473,1685
324,1002,1608,1686
324,1068,1518,1687
324,1150,1131,1688
324,1162,1298,1689
324,1288,1491,1690
325,189,1260,1691
325,970,774,1692
325,1523,1764,1693
325,1790,1910,1694
326,174,1117,1695
326,176,805,1696
326,212,852,1697
326,366,1159,1698
327,677,1146,1699
327,998,1984,1700
327,1171,446,1701
327,1709,412,1702
327,1951,63,1703
328,22,811,1704
328,80,1122,1705
328,141,1087,1706
328,186,1169,1707
328,428,1143,1708
328,558,920,1709
328,666,1480,1710
328,754,91,1711
328,1069,1669,1712
328,1364,407,1713
328,1430,534,1714
328,1751,1025,1715
329,368,611,1716
329,796,1975,1717
329,1196,1732,1718
329,1499,153,1719
330,139,573,1720
330,1308,188,1721
330,1376,582,1722
330,1518,904,1723
331,1273,424,1724
331,1672,408,1725
332,119,1462,1726
332,298,700,1727
332,804,1262,1728
332,1092,617,1729
332,1154,492,1730
332,1779,296,1731
332,1999,1638,1732
333,621,997,1733
333,1191,119,1734
333,1201,263,1735
333,1423,968,1736
333,1812,363,1737
334,122,441,1738
334,366,134,1739
334,1445,956,1740
335,395,463,1741
335,764,1348,1742
335,1016,1951,1743
335,1650,1490,1744
336,55,1513,1745
336,406,715,1746
336,979,1540,1747
336,1388,208,1748
336,1954,513,1749
337,111,1645,1750
337,331,660,1751
337,517,424,1752
337,565,229,1753
337,776,4,1754
337,898,498,1755
337,1395,565,1756
337,1551,1520,1757
338,542,1080,1758
338,1721,957,1759
339,242,589,1760
339,471,157,1761
339,1448,50,1762
339,1476,896,1763
339,1826,355,1764
339,1894,1377,1765
340,163,600,1766
340,832,994,1767
340,1811,847,1768
340,1848,312,1769
340,1888,615,1770
340,1936,1297,1771
341,149,271,1772
341,247,857,1773
341,766,325,1774
341,1066,136,1775
341,1227,561,1776
341,1622,369,1777
342,1290,241,1778
342,1346,1551,1779
342,1626,565,1780
342,1821,69,1781
342,1843,204,1782
342,1990,433,1783
343,72,1423,1784
343,483,35,1785
343,950,816,1786
343,964,903,1787
343,1482,342,1788
344,156,1045,1789
344,1892,1175,1790
344,1896,115,1791
345,56,1225,1792
345,1180,1565,1793
346,286,1475,1794
346,750,845,1795
346,1173,105,1796
346,1511,1960,1797
346,1615,21,1798
346,1783,1075,1799
346,1854,1201,1800
347,284,550,1801
347,1380,73,1802
347,1403,779,1803
347,1912,605,1804
348,1183,1986,1805
348,1721,1346,1806
348,1818,768,1807
348,1874,382,1808
349,87,1414,1809
349,673,732,1810
349,1068,1170,1811
349,1073,1288,1812
349,1282,1644,1813
349,1307,597,1814
349,1571,40,1815
350,45,1146,1816
350,145,637,1817
350,458,93,1818
350,1093,1493,1819
350,1349,1278,1820
351,1641,1940,1821
351,1745,323,1822
351,1846,1544,1823
352,1295,102,1824
352,1453,623,1825
353,724,439,1826
353,794,1132,1827
353,1562,964,1828
354,999,1691,1829
354,1136,341,1830
355,360,484,1831
355,687,129,1832
355,969,1535,1833
355,972,284,1834
355,1213,1124,1835
356,63,1949,1836
356,448,1813,1837
356,1534,442,1838
356,1847,925,1839
357,29,230,1840
357,225,1353,1841
357,300,1784,1842
357,1343,310,1843
358,161,1248,1844
358,833,1036,1845
358,963,1062,1846
358,1037,1870,1847
358,1311,1012,1848
358,1454,225,1849
359,133,1204,1850
359,1251,1753,1851
359,1301,1559,1852
360,630,1957,1853
360,939,877,1854
360,951,1958,1855
360,1646,1961,1856
360,1912,1883,1857
361,673,1038,1858
361,794,1651,1859
362,276,1278,1860
362,798,1692,1861
362,872,1575,1862
362,1113,1395,1863
362,1116,1343,1864
362,1783,1742,1865
362,1948,1582,1866
362,1992,944,1867
363,65,1692,1868
363,66,273,1869
363,974,1846,1870
363,1039,304,1871
363,1121,1942,1872
363,1156,18,1873
363,1967,1782,1874
363,1995,540,1875
364,79,856,1876
364,793,764,1877
364,1031,1111,1878
364,1572,481,1879
364,1626,515,1880
365,1041,759,1881
365,1100,804,1882
365,1321,1007,1883
365,1771,325,1884
366,232,1566,1885
366,312,1092,1886
366,590,1962,1887
366,600,730,1888
366,868,1088,1889
366,908,947,1890
366,929,1208,1891
366,1093,254,1892
366,1143,1534,1893
366,1443,1220,1894
366,1575,1458,1895
366,1907,1966,1896
366,1911,1531,1897
367,26,1380,1898
367,334,815,1899
367,533,347,1900
367,904,478,1901
367,1007,1857,1902
367,1610,373,1903
367,1711,371,1904
367,1896,182,1905
368,53,653,1906
368,1103,1793,1907
368,1468,1023,1908
369,190,158,1909
369,458,1288,1910
369,578,89,1911
369,836,1622,1912
369,852,1885,1913
369,855,78,1914
369,1179,1451,1915
369,1208,1061,1916
369,1709,344,1917
371,206,53,1918
371,393,1834,1919
371,948,562,1920
371,1374,1637,1921
371,1391,870,1922
372,805,1794,1923
372,1029,1942,1924
372,1233,651,1925
372,1914,32,1926
373,279,593,1927
373,998,13,1928
373,1661,276,1929
373,1993,359,1930
374,196,637,1931
374,457,696,1932
374,1180,434,1933
374,1285,1017,1934
374,1412,1917,1935
374,1657,1554,1936
374,1817,1326,1937
374,1939,1528,1938
375,570,947,1939
375,1566,193,1940
376,444,194,1941
376,1021,868,1942
376,1545,1101,1943
376,1684,1527,1944
376,1745,793,1945
376,1749,47,1946
377,518,603,1947
377,650,1719,1948
377,1351,882,1949
377,1977,105,1950
378,303,112,1951
378,427,1680,1952
378,483,1756,1953
378,1039,12,1954
378,1457,190,1955
378,1617,1784,1956
378,1718,1598,1957
379,900,1379,1958
379,1192,846,1959
379,1328,1880,1960
380,140,1218,1961
380,187,1470,1962
380,1392,1199,1963
382,490,1336,1964
382,510,575,1965
382,601,392,1966
382,912,91,1967
382,1016,1417,1968
382,1181,1022,1969
383,644,1724,1970
383,680,1842,1971
383,1218,239,1972
383,1870,733,1973
384,140,569,1974
384,656,39,1975
384,904,432,1976
384,998,214,1977
385,337,1941,1978
385,972,222,1979
385,1137,787,1980
385,1713,1659,1981
385,1747,140,1982
385,1961,1891,1983
386,843,1806,1984
386,1303,1271,1985
387,824,361,1986
387,1116,1935,1987
387,1749,1096,1988
388,8,26,1989
388,1160,382,1990
388,1279,424,1991
388,1562,326,1992
389,193,198,1993
389,467,1202,1994
389,521,90,1995
389,838,1427,1996
389,984,1951,1997
389,996,1242,1998
389,1021,1509,1999
389,1271,513,2000
389,1407,1404,2001
389,1501,1701,2002
389,1865,1702,2003
389,1970,1518,2004
390,656,705,2005
390,1445,1237,2006
390,1539,149,2007
391,783,766,2008
392,184,1671,2009
392,389,1098,2010
392,443,1512,2011
392,531,1847,2012
392,861,1361,2013
392,1090,774,2014
392,1974,577,2015
393,240,1085,2016
393,844,381,2017
393,1051,573,2018
393,1392,1370,2019
393,1591,546,2020
394,221,210,2021
394,352,1684,2022
394,586,566,2023
394,646,244,2024
394,974,1674,2025
394,1241,60,2026
394,1792,1705,2027
394,1956,1267,2028
395,43,1411,2029
395,816,672,2030
395,910,19,2031
395,1443,912,2032
396,230,1631,2033
396,383,222,2034
396,509,1708,2035
396,1096,1721,2036
396,1569,1286,2037
397,676,1707,2038
397,753,1389,2039
397,774,1470,2040
397,1294,734,2041
398,68,1605,2042
398,349,1669,2043
398,552,222,2044
398,812,77,2045
398,1206,1650,2046
398,1292,1199,2047
398,1952,358,2048
399,644,1539,2049
399,1064,691,2050
399,1435,1753,2051
399,1669,786,2052
400,316,1876,2053
400,1505,1333,2054
401,384,247,2055
401,675,471,2056
401,831,605,2057
401,1011,1535,2058
401,1104,1575,2059
401,1694,428,2060
401,1785,1192,2061
401,1823,501,2062
402,890,1576,2063
402,913,1351,2064
402,1300,1958,2065
404,173,1083,2066
404,271,604,2067
404,539,294,2068
404,896,1781,2069
404,1450,1014,2070
404,1804,617,2071
405,44,1018,2072
405,870,235,2073
405,999,809,2074
405,1008,443,2075
405,1460,1553,2076
405,1842,368,2077
406,226,388,2078
406,415,929,2079
406,421,1578,2080
406,493,1215,2081
406,970,1446,2082
406,1300,1793,2083
406,1410,1035,2084
406,1502,1524,2085
406,1948,1991,2086
407,405,581,2087
407,787,1747,2088
407,943,1505,2089
407,1233,1042,2090
407,1387,1989,2091
407,1843,85,2092
408,380,1704,2093
408,444,691,2094
408,480,1506,2095
408,616,624,2096
408,1403,765,2097
408,1421,192,2098
408,1952,188,2099
409,378,1373,2100
409,400,517,2101
409,1161,722,2102
409,1207,73,2103
409,1555,1167,2104
410,29,1403,2105
410,701,838,2106
410,1060,31,2107
410,1249,804,2108
410,1808,352,2109
411,120,1535,2110
411,234,137,2111
411,1714,118,2112
412,1756,1300,2113
413,326,558,2114
413,620,334,2115
413,1807,931,2116
414,158,1213,2117
414,1172,1099,2118
414,1766,282,2119
415,7,1275,2120
415,361,1135,2121
415,1522,308,2122
415,1551,418,2123
415,1597,819,2124
416,68,1658,2125
416,711,1304,2126
416,894,184,2127
416,1014,423,2128
416,1407,1298,2129
416,1732,844,2130
417,1543,1108,2131
417,1778,581,2132
418,257,187,2133
418,483,1039,2134
418,750,1284,2135
418,812,1874,2136
418,1644,1257,2137
418,1942,800,2138
419,948,267,2139
419,1057,295,2140
419,1396,512,2141
419,1876,442,2142
420,763,295,2143
420,819,377,2144
420,1085,487,2145
420,1151,1448,2146
420,1203,1845,2147
420,1423,1404,2148
420,1805,1378,2149
421,350,1609,2150
421,688,1017,2151
421,1101,1697,2152
421,1224,1617,2153
421,1953,1478,2154
422,459,307,2155
422,1336,330,2156
422,1596,1280,2157
423,376,7,2158
423,469,415,2159
423,1228,441,2160
423,1666,423,2161
423,1705,860,2162
424,1637,1260,2163
425,621,972,2164
425,1281,432,2165
426,566,108,2166
426,622,877,2167
426,1182,1403,2168
427,470,1193,2169
427,779,100,2170
427,1250,1242,2171
427,1355,1467,2172
427,1986,1566,2173
428,1515,1101,2174
428,1558,1584,2175
429,246,1926,2176
429,657,410,2177
429,1660,1510,2178
429,1904,1532,2179
429,1950,391,2180
430,880,1609,2181
430,1094,237,2182
430,1532,1518,2183
431,858,1435,2184
431,1183,1503,2185
431,1250,1033,2186
431,1469,702,2187
431,1695,459,2188
432,302,680,2189
432,379,160,2190
432,618,891,2191
432,1503,44,2192
432,1845,1777,2193
432,1870,1931,2194
433,307,382,2195
433,349,1542,2196
433,417,1119,2197
433,456,1591,2198
433,820,1267,2199
433,845,1854,2200
433,1013,549,2201
433,1194,620,2202
433,1652,1339,2203
433,1777,46,2204
434,343,389,2205
434,584,966,2206
435,939,450,2207
435,1438,1518,2208
435,1856,75,2209
435,1869,967,2210
436,1286,1532,2211
436,1353,1970,2212
436,1771,1403,2213
437,475,205,2214
437,802,753,2215
437,1263,1146,2216
438,6,889,2217
438,131,849,2218
438,213,634,2219
438,413,1695,2220
438,588,543,2221
438,699,1940,2222
438,1371,1829,2223
438,1815,1214,2224
438,1885,1032,2225
438,1986,562,2226
439,421,570,2227
439,928,1272,2228
439,1041,820,2229
439,1752,644,2230
440,775,1701,2231
440,1194,722,2232
440,1264,1030,2233
440,1557,1915,2234
440,1960,274,2235
441,374,1677,2236
441,936,1688,2237
441,1242,1232,2238
441,1490,1818,2239
441,1710,306,2240
442,905,1426,2241
442,1665,1781,2242
442,1775,747,2243
443,30,1150,2244
443,187,1903,2245
443,573,365,2246
443,852,1004,2247
443,1211,969,2248
443,1463,70,2249
443,1698,370,2250
444,981,427,2251
444,1459,391,2252
444,1946,1227,2253
445,210,1148,2254
445,411,429,2255
445,1306,767,2256
446,271,734,2257
446,316,1030,2258
446,873,513,2259
446,916,152,2260
446,955,618,2261
446,1647,1532,2262
447,626,870,2263
447,759,198,2264
447,1527,384,2265
447,1998,707,2266
448,40,1078,2267
448,959,1874,2268
448,1023,1392,2269
448,1536,864,2270
448,1559,998,2271
448,1877,744,2272
448,1960,273,2273
449,283,1043,2274
449,558,892,2275
449,1054,265,2276
449,1179,1733,2277
449,1402,664,2278
449,1485,580,2279
449,1496,1976,2280
450,170,1490,2281
450,1959,376,2282
451,606,1450,2283
451,809,1227,2284
451,897,1853,2285
451,913,731,2286
451,1305,573,2287
451,1350,290,2288
451,1431,1303,2289
452,130,1252,2290
452,846,615,2291
452,1240,1470,2292
452,1263,1709,2293
452,1511,439,2294
452,1703,385,2295
453,682,1595,2296
453,1325,461,2297
453,1521,40,2298
453,1936,1259,2299
454,4,699,2300
454,884,593,2301
454,1045,1529,2302
454,1589,34,2303
454,1813,1246,2304
455,267,405,2305
455,727,457,2306
455,775,1949,2307
455,1520,1374,2308
455,1980,832,2309
456,48,1351,2310
456,144,1305,2311
456,795,1790,2312
456,1127,1317,2313
456,1709,7,2314
456,1729,930,2315
457,285,1508,2316
457,1363,1206,2317
457,1647,1056,2318
458,2,13,2319
458,516,1245,2320
458,1183,1997,2321
458,1682,1926,2322
458,1813,346,2323
459,54,1620,2324
459,57,652,2325
459,96,569,2326
459,208,1958,2327
459,421,776,2328
459,659,508,2329
459,1489,268,2330
459,1735,221,2331
460,358,153,2332
460,1434,1506,2333
460,1533,1858,2334
460,1723,1869,2335
461,333,924,2336
461,615,1756,2337
461,980,86,2338
461,1350,168,2339
461,1759,827,2340
462,188,540,2341
462,473,813,2342
462,560,20,2343
462,1412,867,2344
462,1588,1070,2345
463,281,317,2346
463,513,378,2347
463,963,809,2348
463,1420,1796,2349
463,1668,45,2350
464,719,1325,2351
464,874,789,2352
465,739,367,2353
465,845,1530,2354
465,854,492,2355
465,867,1907,2356
465,1529,185,2357
466,43,1907,2358
466,57,1742,2359
466,275,615,2360
466,332,808,2361
466,499,1199,2362
466,648,1697,2363
466,834,231,2364
466,1583,592,2365
467,282,1642,2366
467,642,648,2367
467,728,1132,2368
467,761,1879,2369
467,1412,1469,2370
467,1517,1042,2371
467,1518,414,2372
468,77,1706,2373
468,551,750,2374
468,625,1301,2375
468,1450,1214,2376
468,1667,204,2377
469,838,638,2378
469,1436,172,2379
471,919,1610,2380
471,1243,1642,2381
471,1347,427,2382
472,105,1231,2383
472,247,1477,2384
472,511,1525,2385
472,933,644,2386
472,1890,645,2387
473,139,1448,2388
473,454,688,2389
473,935,606,2390
474,100,566,2391
474,128,541,2392
474,436,629,2393
474,1462,124,2394
474,1580,1655,2395
474,1633,829,2396
474,1636,258,2397
474,1785,188,2398
474,1791,1684,2399
475,182,1919,2400
475,414,301,2401
475,437,216,2402
475,608,1010,2403
475,915,757,2404
475,944,1306,2405
475,1039,449,2406
475,1709,1940,2407
476,184,308,2408
476,234,1340,2409
476,1034,1232,2410
476,1716,869,2411
476,1843,809,2412
476,1863,1759,2413
476,1945,312,2414
477,430,102,2415
477,596,1350,2416
477,672,1585,2417
478,717,612,2418
478,965,51,2419
478,1321,766,2420
478,1753,1588,2421
479,1011,1981,2422
479,1562,1914,2423
479,1670,1876,2424
480,59,595,2425
480,428,1140,2426
480,1306,714,2427
480,1321,995,2428
480,1817,1100,2429
480,1895,796,2430
481,161,940,2431
481,586,498,2432
481,826,245,2433
481,884,1438,2434
481,1723,1736,2435
482,975,612,2436
482,996,1800,2437
482,1137,885,2438
483,210,299,2439
483,993,370,2440
483,1026,564,2441
483,1594,1321,2442
483,1751,742,2443
484,215,1842,2444
484,310,47,2445
484,1180,43,2446
484,1932,149,2447
485,618,1794,2448
486,196,101,2449
486,616,249,2450
486,1008,1916,2451
487,331,812,2452
487,570,1370,2453
487,1228,250,2454
487,1353,901,2455
487,1689,1051,2456
488,134,1089,2457
488,258,969,2458
488,348,645,2459
488,409,187,2460
488,543,810,2461
488,1271,499,2462
488,1963,697,2463
489,1171,784,2464
489,1471,986,2465
490,118,493,2466
490,135,1594,2467
490,1013,790,2468
490,1130,658,2469
490,1453,324,2470
490,1540,1222,2471
490,1813,1782,2472
491,924,563,2473
491,1050,1236,2474
492,33,1831,2475
492,170,1143,2476
492,308,1528,2477
492,422,137,2478
492,472,451,2479
492,840,1233,2480
492,944,304,2481
492,1203,1630,2482
492,1350,1666,2483
492,1414,975,2484
492,1859,103,2485
493,90,974,2486
493,677,1986,2487
493,812,1000,2488
493,1086,14,2489
494,1103,1131,2490
494,1458,600,2491
494,1474,832,2492
494,1704,1585,2493
494,1840,579,2494
495,941,1248,2495
495,1034,1167,2496
495,1138,1993,2497
495,1471,294,2498
495,1787,543,2499
496,103,1371,2500
496,950,754,2501
497,281,1632,2502
497,1171,1067,2503
497,1801,859,2504
498,1269,162,2505
498,1856,1900,2506
499,88,261,2507
499,114,1113,2508
499,673,497,2509
499,935,1128,2510
499,1321,1428,2511
499,1762,983,2512
499,1840,1945,2513
499,1881,1690,2514
499,1975,42,2515
500,176,1893,2516
500,291,33,2517
500,507,480,2518
500,1078,1828,2519
500,1182,1517,2520
500,1886,94,2521
501,69,243,2522
501,334,946,2523
501,1400,1235,2524
501,1433,1681,2525
501,1516,90,2526
502,148,440,2527
502,671,1172,2528
502,931,1861,2529
502,1483,1701,2530
502,1487,1597,2531
502,1632,1694,2532
502,1709,1657,2533
502,1940,298,2534
503,365,401,2535
503,784,857,2536
503,802,991,2537
503,1022,1127,2538
503,1062,1101,2539
503,1122,317,2540
504,428,1934,2541
504,571,1142,2542
504,1185,1217,2543
504,1273,1369,2544
504,1562,1136,2545
505,457,1296,2546
505,1525,1149,2547
506,69,557,2548
506,158,553,2549
506,220,969,2550
506,408,1718,2551
506,943,708,2552
506,967,224,2553
506,1393,1545,2554
506,1510,68,2555
507,215,671,2556
507,288,198,2557
507,670,889,2558
507,1345,493,2559
507,1449,896,2560
508,159,1262,2561
508,242,1142,2562
508,615,94,2563
508,757,1193,2564
508,1133,1230,2565
509,322,1023,2566
509,358,172,2567
509,566,913,2568
509,620,584,2569
509,698,563,2570
509,1071,875,2571
510,67,934,2572
510,367,1843,2573
510,1291,1642,2574
511,193,946,2575
511,299,1456,2576
511,334,1464,2577
511,403,336,2578
511,767,1861,2579
511,1057,1461,2580
511,1419,138,2581
511,1790,1890,2582
511,1967,232,2583
512,162,1075,2584
512,234,76,2585
512,354,405,2586
512,1485,37,2587
513,1039,1984,2588
513,1602,1337,2589
513,1719,1392,2590
513,1887,359,2591
514,684,1263,2592
514,730,170,2593
514,799,1440,2594
514,1072,1918,2595
514,1450,1138,2596
515,395,69,2597
515,770,1992,2598
515,1964,194,2599
516,271,1261,2600
516,444,1046,2601
516,662,237,2602
516,797,382,2603
516,1482,1744,2604
516,1658,500,2605
516,1940,1836,2606
516,1942,1006,2607
517,397,234,2608
517,1825,1796,2609
517,1927,1764,2610
518,74,1542,2611
518,88,135,2612
518,727,521,2613
518,985,1307,2614
518,1199,240,2615
518,1415,262,2616
518,1812,281,2617
519,628,1183,2618
520,808,543,2619
520,941,522,2620
521,977,1568,2621
521,1672,6,2622
521,1897,249,2623
521,1913,1127,2624
522,11,676,2625
522,364,491,2626
522,416,676,2627
522,533,781,2628
522,766,1952,2629
522,1579,1870,2630
523,348,123,2631
523,592,671,2632
523,1434,969,2633
523,1573,183,2634
523,1579,1095,2635
524,100,750,2636
524,404,355,2637
524,603,1705,2638
524,1632,1514,2639
524,1661,615,2640
525,1530,981,2641
526,29,1518,2642
526,186,234,2643
526,779,949,2644
526,851,331,2645
526,1471,381,2646
526,1871,1688,2647
527,387,11,2648
527,1363,975,2649
527,1799,792,2650
528,138,783,2651
528,404,1054,2652
528,446,957,2653
528,969,524,2654
528,1163,563,2655
528,1181,1143,2656
528,1286,1404,2657
528,1806,1888,2658
528,1869,744,2659
528,1882,1171,2660
528,1889,368,2661
528,1957,1664,2662
529,834,794,2663
529,1519,1298,2664
530,211,71,2665
530,236,595,2666
530,341,761,2667
530,621,1745,2668
530,1997,527,2669
531,376,1700,2670
531,745,1476,2671
531,1241,1543,2672
531,1284,1039,2673
531,1779,1013,2674
532,318,621,2675
532,332,1966,2676
532,464,991,2677
532,701,604,2678
532,739,737,2679
532,1241,438,2680
533,355,1407,2681
533,757,377,2682
533,822,410,2683
533,1140,1087,2684
534,64,1888,2685
534,465,490,2686
534,680,1124,2687
534,785,482,2688
534,1133,1914,2689
534,1343,1456,2690
535,1131,395,2691
535,1602,1435,2692
535,1884,618,2693
536,1197,780,2694
536,1472,356,2695
536,1587,533,2696
536,1865,207,2697
537,174,816,2698
537,832,122,2699
537,1659,1542,2700
538,162,864,2701
538,454,759,2702
538,978,136,2703
538,1117,900,2704
538,1154,209,2705
538,1574,1625,2706
538,1702,1071,2707
538,1797,1942,2708
539,463,1714,2709
539,900,952,2710
539,1013,1210,2711
539,1185,1114,2712
539,1255,1698,2713
539,1435,506,2714
539,1567,1135,2715
540,950,102,2716
540,1196,1021,2717
540,1224,868,2718
540,1493,580,2719
541,343,1483,2720
541,1352,166,2721
541,1489,749,2722
541,1572,683,2723
541,1776,1089,2724
541,1985,1343,2725
542,364,902,2726
542,751,1821,2727
542,829,1166,2728
542,1745,245,2729
542,1753,1448,2730
543,107,259,2731
543,242,1898,2732
543,1273,657,2733
543,1321,155,2734
544,104,875,2735
544,212,1599,2736
544,762,1464,2737
545,310,1433,2738
545,1092,1671,2739
545,1461,1065,2740
545,1588,803,2741
546,41,1425,2742
546,326,1612,2743
546,1124,268,2744
546,1686,587,2745
547,59,369,2746
547,653,1429,2747
547,1031,1393,2748
547,1239,1320,2749
548,496,317,2750
548,560,986,2751
548,1039,440,2752
548,1477,759,2753
548,1587,1112,2754
548,1642,96,2755
549,772,1379,2756
549,1130,243,2757
550,417,1191,2758
550,1155,126,2759
550,1837,762,2760
551,124,651,2761
551,174,1167,2762
551,256,1464,2763
551,399,1712,2764
551,510,1262,2765
551,744,574,2766
551,965,1963,2767
551,1047,466,2768
551,1134,1973,2769
551,1176,1713,2770
551,1296,1427,2771
551,1492,853,2772
551,1673,1603,2773
551,1808,61,2774
552,122,50,2775
552,209,271,2776
552,328,983,2777
552,1404,1063,2778
552,1429,1937,2779
552,1430,348,2780
552,1657,995,2781
552,1946,845,2782
553,34,1834,2783
553,1699,1330,2784
554,627,514,2785
554,1008,1292,2786
555,1244,202,2787
555,1403,1429,2788
555,1791,591,2789
556,847,177,2790
557,577,1238,2791
557,1024,1105,2792
557,1051,1665,2793
558,305,322,2794
558,394,1656,2795
558,739,859,2796
558,1153,1824,2797
558,1535,1555,2798
558,1700,336,2799
558,1959,655,2800
559,503,1356,2801
559,553,46,2802
559,783,50,2803
559,1439,1561,2804
559,1527,1393,2805
560,234,31,2806
560,814,1973,2807
560,996,898,2808
560,1087,800,2809
560,1148,718,2810
560,1709,1519,2811
560,1736,1446,2812
561,175,511,2813
561,249,1392,2814
561,509,1464,2815
561,1280,117,2816
562,674,1079,2817
562,707,1990,2818
562,1005,374,2819
562,1494,1325,2820
563,124,1140,2821
563,908,1358,2822
564,679,1485,2823
564,1393,813,2824
564,1852,515,2825
564,1950,876,2826
565,388,1982,2827
565,405,1446,2828
565,633,390,2829
565,1101,756,2830
565,1882,1133,2831
566,131,700,2832
566,1027,1375,2833
566,1720,736,2834
567,582,880,2835
567,1009,1987,2836
567,1320,172,2837
568,187,1521,2838
568,1746,397,2839
569,103,1038,2840
569,318,440,2841
569,371,1198,2842
569,400,46,2843
569,650,1318,2844
569,928,1301,2845
569,1246,1593,2846
569,1466,1244,2847
570,1175,463,2848
570,1331,1277,2849
570,1498,1369,2850
570,1770,142,2851
571,287,1157,2852
571,654,1577,2853
571,1651,1216,2854
572,361,524,2855
572,784,281,2856
572,1690,1276,2857
572,1798,884,2858
572,1802,1220,2859
572,1947,1432,2860
573,461,310,2861
573,814,454,2862
573,913,1809,2863
573,1242,1200,2864
573,1767,595,2865
573,1860,1242,2866
574,279,227,2867
574,451,1472,2868
574,696,1740,2869
574,1721,63,2870
574,1726,1006,2871
575,119,1656,2872
575,563,1756,2873
575,1413,1736,2874
575,1453,576,2875
576,544,1139,2876
577,43,635,2877
577,333,1109,2878
577,1772,63,2879
577,1928,1941,2880
578,233,1607,2881
578,508,1619,2882
578,536,1832,2883
578,611,1401,2884
578,1404,1261,2885
578,1414,1534,2886
578,1426,1890,2887
578,1572,713,2888
578,1577,681,2889
579,660,839,2890
579,661,1634,2891
579,1848,1795,2892
580,298,1529,2893
580,1175,501,2894
580,1388,1389,2895
580,1437,1270,2896
581,65,805,2897
581,411,1616,2898
581,437,190,2899
581,1139,1523,2900
582,268,1723,2901
582,656,125,2902
582,930,1313,2903
582,1365,1607,2904
582,1395,1393,2905
582,1487,1699,2906
582,1680,1866,2907
582,1858,1439,2908
583,36,1318,2909
583,82,273,2910
583,171,1562,2911
583,429,890,2912
583,558,10,2913
583,753,104,2914
583,1325,1541,2915
583,1540,1533,2916
583,1595,1927,2917
583,1695,6,2918
584,294,374,2919
584,866,1426,2920
584,1322,121,2921
585,461,412,2922
585,480,556,2923
585,944,340,2924
585,1134,1903,2925
586,745,181,2926
586,1399,513,2927
586,1588,1636,2928
586,1691,1893,2929
587,35,1028,2930
587,462,1887,2931
587,992,168,2932
588,190,817,2933
588,859,1985,2934
589,153,1094,2935
589,249,1174,2936
589,1323,1804,2937
589,1387,1119,2938
589,1445,1221,2939
589,1487,393,2940
589,1491,1458,2941
589,1502,6,2942
590,6,1090,2943
590,53,452,2944
590,132,1637,2945
590,1122,963,2946
590,1447,579,2947
590,1787,1372,2948
590,1923,1879,2949
591,424,700,2950
591,633,1110,2951
591,899,254,2952
591,1443,424,2953
592,235,829,2954
592,417,846,2955
592,585,1175,2956
592,1172,547,2957
593,82,1070,2958
593,93,1957,2959
593,1314,1959,2960
593,1744,861,2961
593,1888,1696,2962
594,9,1852,2963
594,330,310,2964
594,612,989,2965
594,1071,1402,2966
594,1103,1547,2967
594,1535,1972,2968
594,1641,330,2969
594,1825,614,2970
595,75,998,2971
595,737,1641,2972
595,1840,472,2973
595,1905,307,2974
596,66,474,2975
596,460,1070,2976
596,879,3,2977
596,879,190,2978
596,1260,1713,2979
596,1307,505,2980
596,1442,1979,2981
596,1505,1423,2982
596,1727,751,2983
597,387,128,2984
597,534,1742,2985
597,847,794,2986
597,1084,1308,2987
597,1154,1606,2988
597,1327,266,2989
597,1936,1293,2990
598,265,1241,2991
598,302,1667,2992
598,1450,904,2993
599,964,275,2994
599,1662,815,2995
599,1779,1338,2996
600,79,1758,2997
600,412,89,2998
600,761,1264,2999
600,1289,1242,3000
600,1748,333,3001
601,13,1277,3002
601,199,964,3003
601,447,1946,3004
601,542,436,3005
601,1338,1445,3006
601,1355,1019,3007
602,266,1064,3008
602,919,363,3009
602,995,57,3010
602,1045,88,3011
602,1273,63,3012
602,1474,1888,3013
602,1598,289,3014
602,1617,304,3015
603,31,929,3016
603,260,363,3017
603,1166,1698,3018
603,1725,1027,3019
604,44,1699,3020
604,531,1428,3021
604,669,1530,3022
604,1236,321,3023
605,197,448,3024
605,258,1788,3025
605,489,1326,3026
605,858,823,3027
605,1135,260,3028
605,1164,97,3029
605,1502,124,3030
606,1570,1677,3031
607,240,891,3032
607,445,1983,3033
607,628,541,3034
607,872,1541,3035
607,1231,844,3036
609,205,1833,3037
609,324,42,3038
609,430,1760,3039
609,1577,71,3040
609,1791,66,3041
610,534,418,3042
610,1807,1240,3043
610,1942,595,3044
611,385,307,3045
611,406,738,3046
611,460,1928,3047
611,744,1978,3048
611,1163,1234,3049
612,280,783,3050
612,532,1679,3051
612,661,754,3052
612,1175,409,3053
612,1308,1970,3054
612,1669,1350,3055
613,18,1568,3056
613,962,842,3057
613,972,1670,3058
613,991,1602,3059
613,1167,1626,3060
613,1709,1406,3061
613,1753,1705,3062
614,0,153,3063
614,513,1151,3064
614,833,46,3065
614,936,647,3066
614,1037,1126,3067
614,1361,1974,3068
614,1387,806,3069
614,1563,1001,3070
614,1721,474,3071
614,1957,1311,3072
615,76,1496,3073
615,183,809,3074
615,272,1529,3075
615,1021,1992,3076
615,1852,1705,3077
616,184,1917,3078
616,549,1009,3079
616,562,649,3080
616,712,857,3081
617,49,471,3082
617,420,1060,3083
617,629,164,3084
617,1367,21,3085
617,1571,1226,3086
617,1741,1401,3087
617,1936,432,3088
618,660,279,3089
618,989,501,3090
618,1025,1981,3091
618,1091,944,3092
618,1329,836,3093
618,1836,628,3094
619,28,1450,3095
619,179,256,3096
619,779,408,3097
619,1024,1556,3098
619,1408,1220,3099
620,124,425,3100
620,495,517,3101
620,1319,459,3102
620,1959,1861,3103
621,207,1643,3104
621,759,296,3105
621,1803,1661,3106
622,597,1537,3107
622,1487,865,3108
622,1488,1607,3109
622,1514,1275,3110
622,1835,1135,3111
623,153,540,3112
623,190,351,3113
623,193,1895,3114
623,676,476,3115
623,1163,833,3116
623,1584,1694,3117
624,64,1109,3118
624,766,621,3119
624,934,491,3120
624,973,1460,3121
624,1820,580,3122
625,642,1179,3123
625,832,1578,3124
625,1486,1432,3125
625,1931,1511,3126
626,207,1872,3127
626,826,1280,3128
626,928,580,3129
626,1420,1196,3130
627,333,956,3131
627,351,1616,3132
627,538,919,3133
627,683,1488,3134
627,1359,1191,3135
627,1433,1297,3136
627,1574,1229,3137
628,437,804,3138
628,1503,1410,3139
628,1934,1466,3140
629,1218,1533,3141
629,1717,1848,3142
629,1948,1781,3143
630,749,844,3144
630,842,1622,3145
630,1023,1093,3146
630,1714,1394,3147
631,1444,1756,3148
632,369,1947,3149
632,1281,901,3150
632,1410,1444,3151
632,1887,695,3152
633,469,506,3153
633,1120,1776,3154
633,1150,1931,3155
633,1364,1518,3156
633,1365,836,3157
633,1495,1574,3158
634,161,1047,3159
634,676,204,3160
634,1144,771,3161
634,1158,926,3162
634,1166,1267,3163
634,1861,711,3164
635,109,776,3165
635,950,994,3166
635,1055,815,3167
635,1203,415,3168
635,1527,695,3169
635,1528,826,3170
636,126,1208,3171
636,1128,28,3172
636,1909,90,3173
637,221,1185,3174
637,975,961,3175
637,1073,210,3176
637,1453,1037,3177
637,1723,1557,3178
638,339,1626,3179
638,817,1375,3180
638,1197,892,3181
638,1407,1999,3182
638,1415,742,3183
638,1436,384,3184
638,1477,664,3185
638,1914,596,3186
639,680,1674,3187
639,720,212,3188
639,1308,1827,3189
639,1607,662,3190
639,1917,661,3191
640,776,1376,3192
640,847,93,3193
640,1298,1875,3194
640,1731,184,3195
640,1764,1471,3196
641,90,261,3197
641,409,848,3198
641,752,1804,3199
641,1011,1254,3200
641,1031,1914,3201
641,1118,1525,3202
641,1121,21,3203
641,1299,118,3204
641,1336,1314,3205
641,1898,1855,3206
641,1953,778,3207
642,117,102,3208
642,241,166,3209
642,724,447,3210
642,1232,610,3211
642,1457,1509,3212
643,25,1442,3213
643,363,1975,3214
643,716,1233,3215
643,723,829,3216
643,732,1464,3217
643,1330,570,3218
643,1952,131,3219
644,435,1342,3220
644,1453,64,3221
644,1827,1893,3222
645,921,630,3223
645,924,1381,3224
645,1126,664,3225
645,1896,1640,3226
646,847,462,3227
646,1411,17,3228
646,1608,996,3229
647,24,797,3230
647,296,1671,3231
647,1693,1730,3232
648,531,1076,3233
648,773,1168,3234
648,1117,867,3235
648,1838,1452,3236
649,503,639,3237
649,982,714,3238
650,686,349,3239
650,995,922,3240
650,1210,1283,3241
651,89,1164,3242
651,1457,783,3243
651,1819,253,3244
651,1938,1539,3245
652,534,1949,3246
652,555,289,3247
652,836,59,3248
652,1204,1579,3249
652,1275,220,3250
652,1761,1700,3251
652,1764,1042,3252
653,137,614,3253
653,263,1176,3254
653,495,955,3255
653,1352,232,3256
653,1503,1762,3257
653,1617,1298,3258
653,1765,303,3259
653,1829,1995,3260
654,719,63,3261
654,924,979,3262
654,1394,286,3263
654,1865,1489,3264
655,149,1462,3265
655,405,403,3266
655,555,1691,3267
655,1057,1181,3268
655,1106,731,3269
655,1163,64,3270
656,277,917,3271
656,722,1838,3272
656,1052,168,3273
656,1235,1940,3274
656,1280,1084,3275
656,1505,1309,3276
657,220,1430,3277
657,781,1875,3278
657,959,466,3279
658,111,928,3280
658,166,1083,3281
658,375,905,3282
658,699,431,3283
658,756,1354,3284
658,795,553,3285
659,42,1022,3286
659,944,1451,3287
659,952,904,3288
659,1315,755,3289
659,1459,765,3290
659,1600,1295,3291
659,1696,506,3292
660,23,1171,3293
660,1151,1283,3294
661,462,80,3295
661,634,1131,3296
661,762,1154,3297
661,786,652,3298
661,1696,580,3299
661,1769,1988,3300
661,1958,34,3301
662,121,44,3302
662,527,331,3303
662,920,272,3304
662,923,51,3305
662,1441,599,3306
663,32,356,3307
663,320,393,3308
663,528,769,3309
663,1158,1549,3310
663,1570,12,3311
663,1857,490,3312
664,247,1998,3313
664,609,1302,3314
664,1587,1500,3315
664,1623,988,3316
665,93,1756,3317
665,841,775,3318
665,928,998,3319
665,1356,979,3320
665,1378,1045,3321
665,1764,567,3322
665,1775,937,3323
666,130,1461,3324
666,371,55,3325
666,740,1254,3326
666,1769,975,3327
666,1959,1057,3328
667,403,937,3329
667,471,1595,3330
667,770,574,3331
667,839,923,3332
667,858,407,3333
667,1142,1146,3334
667,1168,760,3335
667,1202,47,3336
668,824,1427,3337
668,995,1215,3338
668,1131,977,3339
668,1409,478,3340
669,691,1558,3341
669,800,1201,3342
669,928,1423,3343
669,1210,784,3344
669,1215,771,3345
669,1372,1533,3346
670,342,1932,3347
670,433,931,3348
670,1191,5,3349
671,177,820,3350
671,506,109,3351
672,32,1871,3352
672,192,1865,3353
672,611,724,3354
672,1262,1350,3355
672,1924,1042,3356
673,132,649,3357
673,437,953,3358
673,1166,1970,3359
673,1455,1994,3360
674,512,619,3361
674,636,128,3362
674,901,685,3363
674,1408,1254,3364
674,1704,1196,3365
674,1986,89,3366
675,193,1142,3367
675,843,1420,3368
675,1852,801,3369
675,1892,1551,3370
676,145,1052,3371
676,149,372,3372
676,1651,205,3373
677,480,5,3374
677,731,262,3375
678,396,635,3376
678,420,1995,3377
678,738,1518,3378
678,761,533,3379
678,873,224,3380
678,1430,398,3381
678,1770,124,3382
678,1786,1884,3383
678,1845,64,3384
679,58,1820,3385
679,182,192,3386
679,250,87,3387
679,559,254,3388
679,678,738,3389
679,980,316,3390
679,1147,1571,3391
679,1404,935,3392
679,1637,1876,3393
679,1797,982,3394
680,1723,1270,3395
681,36,834,3396
681,1087,66,3397
681,1292,362,3398
681,1893,734,3399
682,166,1193,3400
682,283,1642,3401
682,312,1695,3402
682,657,1372,3403
682,1009,466,3404
682,1396,620,3405
682,1868,722,3406
683,16,210,3407
683,402,1382,3408
683,498,257,3409
683,716,1147,3410
683,1003,805,3411
683,1064,1626,3412
683,1593,559,3413
683,1825,1060,3414
684,1721,512,3415
685,400,669,3416
685,488,1105,3417
685,798,1485,3418
685,1677,282,3419
685,1818,1566,3420
686,191,1676,3421
686,553,546,3422
686,691,856,3423
686,947,1605,3424
686,1104,916,3425
686,1158,1784,3426
686,1997,835,3427
687,57,490,3428
687,232,1897,3429
687,260,65,3430
687,654,1828,3431
687,1261,613,3432
687,1340,182,3433
688,58,1012,3434
688,326,1224,3435
688,566,1311,3436
688,730,965,3437
688,1369,1390,3438
689,559,137,3439
689,759,1396,3440
689,1891,1536,3441
690,5,214,3442
690,186,1416,3443
690,863,1292,3444
690,1237,879,3445
690,1661,1711,3446
690,1920,931,3447
691,527,1563,3448
691,667,1362,3449
691,865,1388,3450
691,988,1389,3451
691,1120,1183,3452
691,1169,808,3453
691,1278,1473,3454
691,1346,323,3455
691,1613,1476,3456
691,1708,308,3457
691,1725,1892,3458
691,1732,1506,3459
691,1899,1304,3460
692,220,1550,3461
692,504,748,3462
692,644,822,3463
692,1063,1071,3464
692,1390,1224,3465
692,1888,1377,3466
693,410,1218,3467
693,468,1172,3468
693,1276,1418,3469
693,1906,1985,3470
693,1917,430,3471
694,768,1283,3472
694,1107,93,3473
694,1142,1922,3474
694,1797,958,3475
694,1887,1233,3476
695,461,858,3477
695,1303,1676,3478
695,1735,1135,3479
695,1968,1588,3480
696,76,593,3481
696,895,369,3482
696,1113,1399,3483
696,1242,294,3484
696,1516,1212,3485
696,1747,797,3486
697,426,1666,3487
697,427,1667,3488
697,654,709,3489
697,1182,1625,3490
697,1891,484,3491
698,2,985,3492
698,25,1739,3493
698,98,1155,3494
698,322,757,3495
698,1652,1785,3496
699,299,521,3497
699,621,1712,3498
699,811,1483,3499
699,916,1608,3500
699,1760,1946,3501
699,1837,804,3502
699,1979,1880,3503
699,1993,949,3504
700,155,1135,3505
700,860,638,3506
701,460,633,3507
701,496,421,3508
701,611,486,3509
701,1237,995,3510
701,1300,535,3511
702,596,755,3512
702,617,1485,3513
702,772,1864,3514
702,794,767,3515
702,894,1880,3516
702,1327,223,3517
702,1987,602,3518
703,450,1815,3519
703,1095,1594,3520
703,1420,1647,3521
704,302,763,3522
704,384,1287,3523
704,1236,541,3524
704,1848,1501,3525
705,182,1193,3526
705,278,828,3527
705,639,264,3528
705,833,1290,3529
705,1434,130,3530
705,1585,1444,3531
706,680,1130,3532
706,731,843,3533
706,880,227,3534
706,1287,28,3535
706,1303,931,3536
706,1875,1968,3537
706,1955,1583,3538
707,170,425,3539
707,1303,699,3540
707,1997,816,3541
708,1359,1385,3542
708,1491,868,3543
708,1940,1926,3544
710,590,225,3545
710,654,343,3546
710,833,356,3547
710,860,909,3548
710,918,1428,3549
710,991,1257,3550
710,1071,1059,3551
710,1273,668,3552
710,1401,720,3553
711,628,926,3554
711,806,1762,3555
711,1427,815,3556
711,1629,157,3557
711,1832,749,3558
712,711,1972,3559
712,720,1731,3560
712,1197,1264,3561
712,1801,1673,3562
713,364,51,3563
713,638,702,3564
713,876,1923,3565
713,1450,1129,3566
713,1469,1437,3567
714,940,516,3568
714,954,959,3569
714,1434,1171,3570
714,1657,1519,3571
714,1837,456,3572
715,671,1380,3573
715,1905,54,3574
716,625,1680,3575
716,635,1981,3576
716,705,334,3577
716,1262,1682,3578
717,144,463,3579
717,525,1611,3580
717,946,410,3581
717,1206,1647,3582
717,1731,1139,3583
717,1799,580,3584
718,12,371,3585
718,1090,575,3586
718,1943,1989,3587
718,1981,1625,3588
719,59,185,3589
719,115,1354,3590
719,630,912,3591
719,1118,768,3592
719,1313,1043,3593
719,1776,1391,3594
720,611,1543,3595
720,1147,1035,3596
720,1343,1472,3597
720,1439,929,3598
720,1538,445,3599
721,448,1303,3600
721,730,1266,3601
721,1151,983,3602
721,1993,1977,3603
722,426,1928,3604
722,616,1454,3605
722,839,952,3606
722,1990,1664,3607
723,385,1781,3608
724,1076,1230,3609
724,1322,1649,3610
724,1610,1240,3611
724,1698,1526,3612
724,1958,1729,3613
725,133,1955,3614
725,253,97,3615
726,509,1662,3616
726,1681,1049,3617
726,1829,1802,3618
726,1945,919,3619
727,363,1448,3620
727,462,380,3621
727,638,1717,3622
727,1280,619,3623
727,1699,1297,3624
728,319,283,3625
729,99,593,3626
729,974,1365,3627
730,662,355,3628
730,1539,578,3629
730,1762,1874,3630
731,334,108,3631
731,1019,63,3632
731,1112,985,3633
731,1498,74,3634
731,1765,1599,3635
731,1838,1874,3636
732,139,1786,3637
733,120,1877,3638
733,149,1605,3639
733,792,362,3640
733,1520,1660,3641
733,1535,648,3642
734,124,815,3643
734,767,882,3644
734,983,1306,3645
734,1780,1845,3646
735,224,1763,3647
735,631,535,3648
735,982,1115,3649
735,996,173,3650
735,1846,168,3651
736,422,1524,3652
736,489,1341,3653
736,815,773,3654
736,978,522,3655
736,1050,1807,3656
736,1418,483,3657
736,1585,835,3658
737,1276,1752,3659
737,1630,967,3660
738,218,187,3661
738,1456,702,3662
738,1547,799,3663
738,1896,880,3664
739,814,302,3665
739,831,1109,3666
739,1077,399,3667
739,1142,1522,3668
739,1362,816,3669
739,1443,590,3670
739,1738,1739,3671
739,1912,648,3672
740,5,416,3673
740,321,1491,3674
740,550,1350,3675
740,1041,459,3676
740,1059,1554,3677
740,1190,984,3678
740,1275,1549,3679
740,1459,1111,3680
740,1545,326,3681
740,1556,1641,3682
740,1617,880,3683
741,37,742,3684
741,1051,1215,3685
741,1301,1825,3686
742,1104,471,3687
742,1133,591,3688
742,1461,596,3689
742,1906,903,3690
743,75,574,3691
743,973,1465,3692
743,1290,216,3693
743,1849,1663,3694
744,684,623,3695
744,714,1581,3696
744,1360,67,3697
744,1375,1346,3698
744,1759,587,3699
744,1997,407,3700
745,1028,21,3701
745,1818,105,3702
746,947,302,3703
746,1654,647,3704
747,228,1608,3705
747,233,1908,3706
747,1743,517,3707
747,1800,1894,3708
748,750,358,3709
748,1094,1747,3710
748,1118,1398,3711
748,1546,295,3712
749,30,1591,3713
749,803,457,3714
750,741,784,3715
750,1429,1207,3716
750,1626,1431,3717
751,68,77,3718
751,929,1,3719
751,1291,43,3720
751,1597,1129,3721
751,1719,273,3722
752,23,245,3723
752,235,1561,3724
752,1258,452,3725
753,260,1747,3726
753,348,1939,3727
753,720,396,3728
753,1682,631,3729
754,231,1188,3730
754,925,1266,3731
754,952,1588,3732
754,1156,1189,3733
754,1257,381,3734
754,1300,1113,3735
754,1479,1485,3736
754,1686,950,3737
755,89,137,3738
755,106,1424,3739
755,290,645,3740
755,343,1240,3741
755,664,170,3742
755,741,696,3743
755,969,1133,3744
755,1703,587,3745
755,1875,519,3746
755,1910,543,3747
756,479,87,3748
756,583,323,3749
756,1157,1987,3750
756,1192,1131,3751
756,1845,1124,3752
757,790,763,3753
757,1380,1329,3754
757,1654,359,3755
757,1657,762,3756
758,46,1521,3757
758,242,630,3758
758,727,429,3759
758,746,1843,3760
758,924,1415,3761
758,1283,950,3762
759,1373,1944,3763
760,221,1382,3764
760,949,1427,3765
760,1135,1913,3766
760,1271,645,3767
760,1324,868,3768
760,1578,183,3769
761,122,1044,3770
761,909,1562,3771
761,925,1698,3772
761,1988,590,3773
762,938,1995,3774
762,1154,1346,3775
762,1328,693,3776
763,155,573,3777
763,1562,1119,3778
763,1594,993,3779
763,1879,579,3780
764,48,659,3781
764,195,345,3782
764,362,1132,3783
764,519,1530,3784
764,1106,344,3785
764,1123,1918,3786
764,1861,1723,3787
764,1945,28,3788
764,1964,831,3789
765,48,644,3790
765,800,921,3791
765,1561,330,3792
765,1838,1295,3793
765,1920,1265,3794
766,521,1127,3795
766,612,746,3796
766,774,1772,3797
766,1046,795,3798
766,1174,968,3799
766,1175,362,3800
767,381,1441,3801
767,1601,458,3802
768,121,207,3803
768,687,751,3804
768,1151,1241,3805
768,1340,420,3806
768,1795,1311,3807
769,164,1398,3808
769,260,1550,3809
769,324,1167,3810
769,1344,1564,3811
769,1582,1096,3812
769,1825,451,3813
770,248,389,3814
770,859,929,3815
770,866,1434,3816
770,906,941,3817
770,1592,323,3818
770,1694,1231,3819
770,1738,1511,3820
770,1789,145,3821
771,89,619,3822
771,120,1659,3823
771,1193,1855,3824
772,569,1725,3825
772,641,1822,3826
772,683,967,3827
772,973,1708,3828
772,1131,974,3829
772,1153,990,3830
772,1561,1225,3831
772,1934,1709,3832
773,344,1613,3833
773,442,712,3834
773,676,1352,3835
773,733,1483,3836
773,1064,1510,3837
773,1348,1205,3838
775,825,1673,3839
775,1243,1943,3840
775,1250,117,3841
776,349,764,3842
776,670,1012,3843
776,1396,1400,3844
776,1502,379,3845
776,1686,470,3846
777,552,1895,3847
777,1166,1706,3848
777,1189,206,3849
777,1229,1797,3850
777,1399,1445,3851
777,1595,734,3852
778,79,1971,3853
778,719,1725,3854
778,834,1075,3855
778,966,1279,3856
778,1292,1195,3857
778,1645,860,3858
778,1646,1765,3859
778,1954,648,3860
779,199,876,3861
779,922,1860,3862
779,1208,1668,3863
779,1474,640,3864
780,41,1005,3865
780,957,1527,3866
780,1256,586,3867
780,1426,971,3868
780,1490,1268,3869
781,189,816,3870
781,421,1843,3871
781,592,1134,3872
781,793,853,3873
781,809,1683,3874
781,1085,611,3875
781,1171,735,3876
781,1220,958,3877
781,1492,1163,3878
781,1696,25,3879
782,976,1200,3880
782,1389,646,3881
783,35,1017,3882
783,769,613,3883
783,918,1780,3884
783,1173,774,3885
783,1200,630,3886
783,1399,873,3887
783,1499,1900,3888
783,1601,1460,3889
784,182,1496,3890
784,416,1109,3891
784,676,1178,3892
784,1341,994,3893
784,1884,307,3894
785,9,77,3895
785,1188,1337,3896
785,1450,866,3897
786,526,1304,3898
786,950,1628,3899
786,991,1320,3900
786,1488,1620,3901
786,1769,1260,3902
787,171,1189,3903
787,448,1942,3904
787,627,56,3905
787,909,90,3906
787,1742,1259,3907
788,385,720,3908
788,722,653,3909
788,1294,98,3910
788,1829,1414,3911
788,1842,1180,3912
788,1944,235,3913
789,270,222,3914
789,318,1101,3915
789,388,395,3916
789,859,1944,3917
789,1446,971,3918
789,1897,868,3919
789,1996,926,3920
790,167,767,3921
790,525,1106,3922
790,581,421,3923
790,1359,1622,3924
790,1428,1638,3925
791,101,333,3926
791,315,1402,3927
791,473,779,3928
791,694,1994,3929
792,641,244,3930
792,920,1864,3931
792,1382,1681,3932
792,1676,1070,3933
793,263,651,3934
793,378,759,3935
793,388,1073,3936
793,837,1586,3937
793,1346,1229,3938
793,1461,1771,3939
793,1548,1299,3940
793,1574,1161,3941
793,1648,834,3942
794,377,171,3943
794,867,654,3944
794,961,1879,3945
795,73,1423,3946
795,681,123,3947
795,856,1221,3948
795,949,744,3949
795,1352,555,3950
795,1474,670,3951
795,1508,72,3952
795,1596,824,3953
796,9,1443,3954
796,486,1046,3955
796,626,1019,3956
796,974,1904,3957
796,1386,1836,3958
796,1395,1968,3959
796,1685,20,3960
796,1956,1850,3961
797,370,706,3962
797,1378,242,3963
797,1853,1576,3964
798,202,655,3965
798,320,726,3966
798,523,825,3967
798,971,537,3968
798,1260,1183,3969
798,1747,1826,3970
798,1793,965,3971
798,1845,1068,3972
799,543,1897,3973
799,660,1172,3974
799,814,1811,3975
799,914,1477,3976
799,1050,128,3977
799,1788,962,3978
800,113,1896,3979
800,206,1005,3980
800,321,226,3981
800,344,158,3982
800,392,706,3983
800,1486,728,3984
800,1687,1004,3985
801,394,1262,3986
801,778,313,3987
801,800,147,3988
801,1656,905,3989
801,1742,1578,3990
802,264,1218,3991
802,375,1432,3992
802,398,685,3993
802,517,1709,3994
802,1726,1560,3995
803,324,621,3996
803,1202,233,3997
804,207,450,3998
804,210,1195,3999
804,257,825,4000
804,1002,291,4001
804,1170,1125,4002
804,1435,1703,4003
805,575,951,4004
805,772,1584,4005
806,764,1627,4006
806,1138,1674,4007
806,1212,1155,4008
807,451,85,4009
807,981,1658,4010
807,1100,1121,4011
807,1252,1923,4012
807,1550,1118,4013
808,56,394,4014
808,862,1523,4015
808,1016,60,4016
808,1071,1345,4017
808,1127,1108,4018
808,1374,759,4019
808,1685,1813,4020
809,555,1817,4021
809,830,1200,4022
809,877,891,4023
810,15,1924,4024
810,59,1510,4025
810,338,943,4026
810,364,668,4027
810,447,432,4028
810,1505,80,4029
811,897,1070,4030
811,1205,438,4031
811,1650,996,4032
812,1028,882,4033
813,4,880,4034
813,210,195,4035
813,435,311,4036
813,1130,667,4037
813,1764,1519,4038
813,1918,1073,4039
813,1980,1732,4040
814,466,464,4041
814,964,1001,4042
814,980,1346,4043
814,1330,164,4044
814,1388,772,4045
814,1620,993,4046
814,1679,1927,4047
815,202,1414,4048
815,1266,1424,4049
815,1431,630,4050
815,1468,1472,4051
815,1506,282,4052
815,1873,158,4053
815,1983,653,4054
816,182,42,4055
816,272,1481,4056
816,1108,305,4057
816,1282,202,4058
817,955,1459,4059
817,1748,149,4060
818,499,302,4061
818,723,1371,4062
818,748,28,4063
818,995,1051,4064
818,1284,1178,4065
818,1391,1727,4066
818,1467,1899,4067
818,1583,669,4068
819,934,170,4069
819,1888,395,4070
819,1969,1756,4071
820,45,376,4072
820,113,1294,4073
820,268,1675,4074
820,409,1286,4075
820,1116,127,4076
820,1209,846,4077
820,1243,556,4078
820,1257,1343,4079
820,1423,1209,4080
821,222,956,4081
821,548,135,4082
821,614,82,4083
821,837,1755,4084
821,1038,1882,4085
821,1126,836,4086
821,1306,1886,4087
821,1542,713,4088
821,1848,120,4089
822,79,810,4090
822,865,1579,4091
822,873,1405,4092
822,1024,82,4093
822,1264,1722,4094
823,168,1311,4095
823,514,1279,4096
823,726,18,4097
823,898,479,4098
823,1371,1724,4099
823,1427,1140,4100
823,1647,462,4101
824,1763,1921,4102
825,294,1266,4103
825,1548,1224,4104
825,1615,469,4105
826,39,467,4106
826,277,1598,4107
826,844,73,4108
826,1540,1906,4109
826,1562,1594,4110
827,424,446,4111
827,578,1816,4112
827,891,772,4113
827,1154,1146,4114
827,1728,1490,4115
827,1735,261,4116
827,1937,830,4117
828,1416,498,4118
828,1745,539,4119
828,1750,926,4120
828,1895,851,4121
828,1906,1022,4122
829,167,610,4123
829,1061,1597,4124
829,1575,1208,4125
829,1589,85,4126
829,1694,779,4127
829,1779,1347,4128
830,28,1262,4129
830,419,378,4130
830,880,1739,4131
830,1405,1029,4132
831,142,1225,4133
831,488,232,4134
831,609,928,4135
831,640,1273,4136
831,722,1673,4137
831,744,1050,4138
831,781,891,4139
831,862,1809,4140
831,1122,1707,4141
831,1669,885,4142
832,1775,1064,4143
832,1994,1271,4144
833,424,38,4145
834,94,434,4146
834,95,1104,4147
834,341,1030,4148
834,677,1111,4149
834,1297,478,4150
834,1389,346,4151
834,1817,1359,4152
834,1836,1518,4153
835,737,1968,4154
835,1274,1432,4155
835,1408,1539,4156
835,1584,362,4157
836,119,1186,4158
836,767,1318,4159
836,862,1034,4160
837,124,1151,4161
837,368,1574,4162
837,741,218,4163
838,354,1301,4164
838,1413,20,4165
838,1839,939,4166
839,48,477,4167
839,453,1172,4168
839,741,163,4169
840,194,21,4170
840,386,1303,4171
840,720,721,4172
840,944,56,4173
840,1623,1923,4174
841,89,651,4175
841,253,1870,4176
841,477,1770,4177
841,1444,1946,4178
842,902,94,4179
842,1284,294,4180
843,152,1997,4181
843,167,188,4182
843,637,1516,4183
843,696,1886,4184
843,1159,1396,4185
843,1185,702,4186
843,1807,1127,4187
843,1817,677,4188
844,50,367,4189
844,358,1992,4190
844,1642,58,4191
844,1781,409,4192
845,305,1633,4193
845,1435,1834,4194
845,1577,784,4195
846,110,1783,4196
846,441,1132,4197
846,1138,1833,4198
846,1304,915,4199
847,694,1694,4200
847,1074,429,4201
847,1495,330,4202
847,1688,310,4203
848,95,1897,4204
848,306,303,4205
848,358,1138,4206
848,559,441,4207
848,1814,1289,4208
849,49,1760,4209
849,109,811,4210
849,696,1913,4211
849,847,93,4212
849,1686,322,4213
850,41,30,4214
850,242,1090,4215
850,290,2,4216
850,359,411,4217
850,391,430,4218
850,867,1437,4219
850,935,1154,4220
850,1877,6,4221
851,146,1314,4222
851,190,997,4223
851,1437,1124,4224
851,1535,1715,4225
851,1686,847,4226
851,1761,933,4227
851,1885,1969,4228
851,1965,105,4229
852,367,307,4230
852,1875,1475,4231
853,909,778,4232
853,1141,1085,4233
853,1687,333,4234
853,1706,1927,4235
854,35,914,4236
855,429,898,4237
855,604,312,4238
855,943,1502,4239
855,985,1173,4240
855,1075,853,4241
855,1338,45,4242
855,1637,1691,4243
855,1806,1715,4244
855,1991,1826,4245
856,350,1557,4246
856,505,655,4247
856,508,1971,4248
856,817,18,4249
856,1113,75,4250
856,1127,1457,4251
856,1165,396,4252
856,1844,1227,4253
856,1995,856,4254
857,310,845,4255
857,470,1166,4256
857,673,332,4257
857,1247,1875,4258
857,1977,1096,4259
858,353,357,4260
858,408,1316,4261
858,800,1211,4262
858,1346,1195,4263
859,351,1172,4264
859,1007,1968,4265
859,1365,1712,4266
860,222,173,4267
860,766,1825,4268
860,1426,1118,4269
860,1684,1003,4270
861,1233,1493,4271
861,1355,206,4272
861,1614,1816,4273
862,244,254,4274
862,722,1967,4275
862,985,1484,4276
862,1001,1126,4277
863,516,1709,4278
863,534,410,4279
863,1023,275,4280
863,1328,1814,4281
863,1397,1548,4282
864,44,238,4283
864,152,1126,4284
864,704,400,4285
864,725,261,4286
864,767,1354,4287
864,1421,270,4288
864,1476,1298,4289
864,1935,732,4290
865,397,602,4291
865,602,1255,4292
865,817,1980,4293
865,1034,1248,4294
865,1393,1168,4295
865,1795,1881,4296
866,336,1405,4297
866,339,1699,4298
866,380,996,4299
866,419,81,4300
866,552,516,4301
866,567,111,4302
866,979,1924,4303
866,1519,1794,4304
866,1616,772,4305
867,748,713,4306
867,841,956,4307
868,361,1240,4308
868,438,1053,4309
868,555,477,4310
868,1172,1472,4311
868,1386,1041,4312
868,1413,512,4313
868,1711,212,4314
869,161,881,4315
869,1222,806,4316
869,1238,15,4317
870,816,533,4318
870,1049,1522,4319
870,1438,1094,4320
871,691,1382,4321
871,1153,805,4322
871,1404,1541,4323
871,1432,158,4324
871,1925,1422,4325
872,341,1412,4326
872,923,957,4327
872,981,125,4328
872,1774,1692,4329
873,1315,52,4330
873,1701,1857,4331
873,1793,579,4332
873,1962,946,4333
874,308,530,4334
874,517,1416,4335
874,640,1362,4336
874,1125,282,4337
874,1246,1736,4338
874,1312,1378,4339
874,1391,1723,4340
874,1417,1850,4341
874,1426,714,4342
874,1808,213,4343
875,179,603,4344
875,1619,783,4345
876,684,42,4346
876,1802,1270,4347
877,824,1394,4348
877,1354,758,4349
877,1827,373,4350
878,507,1264,4351
878,846,1880,4352
878,1229,532,4353
878,1976,977,4354
879,163,673,4355
879,1174,828,4356
879,1999,1222,4357
880,42,1450,4358
880,432,1255,4359
880,662,1402,4360
880,1276,1247,4361
880,1763,1853,4362
881,203,1624,4363
881,1634,599,4364
881,1651,1924,4365
881,1670,1686,4366
881,1800,516,4367
882,274,1807,4368
882,275,639,4369
882,349,361,4370
882,1960,1151,4371
883,49,1413,4372
883,143,1943,4373
883,434,308,4374
883,564,583,4375
883,850,1566,4376
884,177,1233,4377
884,197,1524,4378
884,315,1408,4379
884,851,1737,4380
884,1198,1880,4381
884,1250,1880,4382
884,1504,660,4383
885,837,752,4384
885,1010,538,4385
885,1675,1453,4386
885,1700,953,4387
885,1729,833,4388
886,647,34,4389
886,691,82,4390
886,1358,1105,4391
886,1621,1404,4392
887,223,1395,4393
887,408,822,4394
887,1682,1483,4395
887,1996,1472,4396
888,11,735,4397
888,201,1557,4398
888,710,1323,4399
888,989,557,4400
888,1094,36,4401
888,1818,1406,4402
888,1986,304,4403
889,237,928,4404
889,664,30,4405
889,699,61,4406
889,707,1492,4407
889,853,1905,4408
889,1229,800,4409
889,1291,872,4410
889,1323,663,4411
889,1353,544,4412
889,1620,1674,4413
890,24,591,4414
890,562,1309,4415
890,565,862,4416
890,957,53,4417
890,1470,1874,4418
891,180,131,4419
891,650,1665,4420
891,839,251,4421
891,1940,1744,4422
892,296,442,4423
892,463,348,4424
892,592,1551,4425
892,781,583,4426
892,1300,1667,4427
892,1691,1497,4428
893,42,330,4429
893,132,1952,4430
893,237,1833,4431
893,1035,1018,4432
893,1049,1938,4433
893,1133,1924,4434
893,1171,222,4435
893,1483,912,4436
894,196,283,4437
894,562,1529,4438
895,23,1287,4439
895,100,516,4440
895,162,1857,4441
895,522,713,4442
895,1494,1952,4443
896,478,1552,4444
896,1018,1210,4445
896,1144,603,4446
896,1636,936,4447
897,371,1251,4448
897,611,1683,4449
897,1489,16,4450
897,1633,596,4451
897,1707,1112,4452
897,1891,582,4453
898,361,1041,4454
898,724,1635,4455
898,875,1280,4456
898,1293,649,4457
898,1564,195,4458
899,21,413,4459
899,517,996,4460
899,1073,1070,4461
899,1772,240,4462
899,1985,851,4463
900,139,960,4464
900,158,1461,4465
900,541,189,4466
900,815,1811,4467
900,836,520,4468
900,1378,603,4469
900,1832,1958,4470
901,204,1077,4471
901,719,1479,4472
901,877,1612,4473
901,1331,1565,4474
901,1753,561,4475
902,368,528,4476
902,733,364,4477
903,187,731,4478
903,558,757,4479
903,934,1,4480
903,1374,240,4481
903,1471,277,4482
904,730,1452,4483
904,1563,766,4484
905,451,664,4485
905,1293,620,4486
905,1383,437,4487
905,1428,707,4488
906,608,1761,4489
906,795,16,4490
906,1254,1669,4491
906,1592,1316,4492
906,1691,83,4493
907,1355,868,4494
907,1507,568,4495
907,1527,1912,4496
908,231,1046,4497
908,495,1631,4498
908,910,1946,4499
909,478,1242,4500
909,719,915,4501
909,1030,1190,4502
909,1518,851,4503
909,1640,1173,4504
910,87,1859,4505
910,141,1028,4506
910,737,1559,4507
910,1213,1187,4508
911,571,646,4509
911,1066,258,4510
911,1376,252,4511
911,1599,1767,4512
912,492,1852,4513
912,766,801,4514
912,1386,1375,4515
912,1541,1218,4516
912,1656,113,4517
912,1813,794,4518
913,38,1836,4519
913,159,756,4520
913,171,1733,4521
913,474,1494,4522
913,867,1221,4523
913,1234,1469,4524
913,1262,728,4525
913,1318,420,4526
914,972,693,4527
914,1103,991,4528
914,1224,1376,4529
914,1543,546,4530
914,1603,1432,4531
915,295,301,4532
915,400,421,4533
915,666,506,4534
915,757,854,4535
915,898,817,4536
915,1821,160,4537
916,799,978,4538
916,1597,397,4539
916,1830,40,4540
917,180,1754,4541
917,1623,35,4542
917,1933,238,4543
918,287,864,4544
918,325,236,4545
918,826,684,4546
918,1105,1997,4547
918,1144,1331,4548
918,1289,1469,4549
918,1975,345,4550
919,305,1774,4551
919,354,1943,4552
919,647,10,4553
919,783,1046,4554
919,870,352,4555
919,1140,1136,4556
919,1206,569,4557
920,321,1892,4558
920,411,1409,4559
920,462,1266,4560
920,542,614,4561
920,773,272,4562
920,1212,879,4563
920,1298,743,4564
920,1308,1985,4565
920,1962,1794,4566
920,1979,33,4567
921,538,713,4568
921,644,1746,4569
921,1516,1709,4570
921,1524,685,4571
921,1734,759,4572
921,1746,1143,4573
921,1943,759,4574
922,211,1660,4575
922,843,489,4576
922,847,342,4577
922,1565,1126,4578
922,1931,1704,4579
923,368,1170,4580
923,1268,109,4581
923,1290,828,4582
924,59,912,4583
924,443,1256,4584
924,691,248,4585
924,935,1693,4586
924,1308,1832,4587
924,1818,467,4588
924,1821,1803,4589
925,77,116,4590
925,154,1297,4591
925,185,1479,4592
925,562,779,4593
925,631,948,4594
925,1282,1117,4595
925,1539,192,4596
926,209,1261,4597
926,909,1950,4598
926,995,1026,4599
926,1139,1425,4600
926,1947,243,4601
927,322,1697,4602
927,350,1231,4603
927,556,478,4604
927,665,1940,4605
927,1088,596,4606
927,1648,273,4607
928,88,213,4608
928,270,1051,4609
928,694,483,4610
928,776,656,4611
928,816,851,4612
928,1221,1209,4613
928,1291,1506,4614
929,4,1920,4615
929,839,904,4616
929,1035,1239,4617
929,1080,1599,4618
929,1694,1379,4619
929,1951,233,4620
930,78,1116,4621
930,200,300,4622
931,23,995,4623
931,180,644,4624
931,1129,780,4625
931,1805,95,4626
931,1904,827,4627
931,1946,999,4628
932,290,1970,4629
932,969,66,4630
932,1046,737,4631
932,1606,423,4632
932,1781,1815,4633
932,1910,659,4634
932,1933,1394,4635
933,148,656,4636
933,301,1231,4637
933,635,1401,4638
933,1490,1065,4639
933,1958,340,4640
934,1,515,4641
934,91,582,4642
934,183,1820,4643
934,273,1641,4644
934,363,82,4645
934,1358,197,4646
935,33,14,4647
935,1229,1507,4648
935,1546,1216,4649
935,1731,618,4650
936,128,227,4651
936,1699,227,4652
936,1945,380,4653
936,1979,493,4654
936,1999,246,4655
937,293,647,4656
937,622,1161,4657
937,755,1480,4658
937,787,1865,4659
937,800,1232,4660
937,1264,353,4661
937,1340,335,4662
938,1411,1264,4663
938,1431,1300,4664
938,1878,1788,4665
938,1900,655,4666
939,27,1695,4667
939,415,204,4668
939,564,413,4669
939,1019,1751,4670
939,1395,943,4671
939,1438,1362,4672
939,1912,302,4673
940,378,1670,4674
940,1098,255,4675
940,1157,498,4676
940,1898,1220,4677
941,33,254,4678
941,1886,159,4679
941,1964,1227,4680
942,166,1796,4681
942,947,1179,4682
942,1265,727,4683
942,1701,1449,4684
943,125,1355,4685
943,245,258,4686
943,383,546,4687
943,741,682,4688
943,1083,1636,4689
944,1013,1250,4690
944,1583,1382,4691
944,1732,349,4692
945,780,703,4693
945,1575,577,4694
946,1368,1209,4695
946,1370,191,4696
946,1454,1163,4697
946,1478,1971,4698
946,1749,1520,4699
947,406,536,4700
947,503,931,4701
947,758,1917,4702
947,912,734,4703
947,1188,1135,4704
947,1226,1618,4705
948,180,238,4706
948,666,1136,4707
948,1379,1472,4708
948,1517,1619,4709
948,1581,1391,4710
948,1873,118,4711
949,111,1326,4712
949,303,970,4713
949,1293,1959,4714
949,1446,497,4715
949,1580,283,4716
949,1699,1323,4717
949,1771,1675,4718
949,1779,1841,4719
950,21,419,4720
950,201,1099,4721
950,992,944,4722
950,1343,352,4723
950,1862,1435,4724
951,850,1753,4725
951,926,312,4726
951,1132,833,4727
951,1367,1087,4728
951,1968,1698,4729
952,760,1807,4730
952,1058,160,4731
952,1280,1631,4732
952,1899,186,4733
953,628,327,4734
953,963,474,4735
953,1267,83,4736
954,225,1064,4737
954,643,832,4738
954,851,127,4739
954,1092,1328,4740
954,1578,1372,4741
955,75,1978,4742
955,861,1969,4743
955,1394,307,4744
955,1453,1919,4745
955,1477,1799,4746
956,637,336,4747
956,844,1095,4748
956,1352,1917,4749
956,1821,94,4750
956,1996,1783,4751
957,60,319,4752
957,548,1919,4753
957,711,1571,4754
957,1015,1118,4755
957,1645,1129,4756
958,1676,788,4757
959,503,1777,4758
959,725,875,4759
959,1028,587,4760
959,1217,320,4761
959,1249,1331,4762
959,1410,622,4763
960,82,1038,4764
960,243,1860,4765
960,319,1733,4766
960,589,1498,4767
960,1095,17,4768
960,1851,1710,4769
960,1957,1958,4770
961,632,1235,4771
961,704,897,4772
961,1204,45,4773
961,1744,1015,4774
961,1946,254,4775
961,1967,49,4776
962,194,1699,4777
962,310,992,4778
962,712,836,4779
962,1453,1089,4780
962,1765,789,4781
963,70,1505,4782
963,137,11,4783
963,455,408,4784
963,585,1099,4785
963,1094,221,4786
963,1619,1358,4787
963,1930,1993,4788
964,46,679,4789
964,475,1352,4790
964,1680,571,4791
965,1896,1229,4792
966,64,587,4793
966,947,431,4794
966,1084,732,4795
966,1240,1349,4796
967,1350,1074,4797
967,1919,1459,4798
968,497,1606,4799
968,776,976,4800
968,1653,833,4801
969,129,36,4802
969,239,1013,4803
969,428,344,4804
969,437,110,4805
969,493,1739,4806
969,713,1551,4807
969,1123,110,4808
969,1458,686,4809
970,20,650,4810
970,367,1935,4811
970,549,1190,4812
970,699,587,4813
970,1020,1803,4814
970,1063,935,4815
970,1338,1219,4816
971,137,186,4817
971,478,1056,4818
971,1201,1129,4819
971,1437,313,4820
971,1558,413,4821
971,1889,787,4822
972,921,530,4823
972,1149,1686,4824
972,1172,1805,4825
972,1398,504,4826
973,555,95,4827
973,685,689,4828
973,874,429,4829
973,1054,846,4830
973,1096,1410,4831
973,1251,1740,4832
973,1939,1125,4833
974,404,204,4834
974,1029,1836,4835
974,1096,642,4836
974,1170,1526,4837
974,1995,1421,4838
975,8,1846,4839
975,199,897,4840
975,234,570,4841
975,549,1153,4842
975,617,975,4843
975,662,1556,4844
975,918,1593,4845
975,958,659,4846
975,1348,1755,4847
976,12,1930,4848
976,159,271,4849
976,274,1028,4850
976,588,1005,4851
976,1153,223,4852
976,1244,592,4853
976,1513,625,4854
976,1715,1216,4855
976,1767,1366,4856
976,1776,1446,4857
976,1973,799,4858
977,326,705,4859
977,942,1416,4860
977,1433,275,4861
978,1,679,4862
978,70,1887,4863
978,145,468,4864
978,233,1683,4865
978,621,1600,4866
978,993,1377,4867
978,1051,148,4868
978,1354,1003,4869
979,313,931,4870
979,1300,1259,4871
979,1433,125,4872
979,1521,140,4873
979,1668,137,4874
980,223,228,4875
980,438,202,4876
980,815,89,4877
980,902,697,4878
980,981,431,4879
980,1076,841,4880
980,1843,82,4881
980,1872,496,4882
980,1893,1550,4883
981,124,179,4884
981,138,721,4885
981,1192,820,4886
981,1876,971,4887
981,1882,1840,4888
982,42,203,4889
982,1019,1054,4890
982,1928,1477,4891
983,592,577,4892
983,593,592,4893
983,758,1023,4894
984,71,534,4895
984,147,682,4896
984,990,1756,4897
984,1504,1573,4898
985,437,1770,4899
985,1328,297,4900
986,349,449,4901
986,1105,465,4902
986,1656,872,4903
986,1969,1414,4904
987,106,792,4905
987,248,1161,4906
987,359,991,4907
987,559,1224,4908
987,786,135,4909
987,995,510,4910
988,214,605,4911
988,366,758,4912
988,430,541,4913
988,1580,1688,4914
988,1611,135,4915
988,1853,1024,4916
989,218,485,4917
989,1053,581,4918
989,1053,1136,4919
990,376,1679,4920
990,771,1971,4921
991,393,1960,4922
991,566,1483,4923
991,951,417,4924
991,1086,1345,4925
991,1551,883,4926
992,111,1823,4927
992,643,1238,4928
992,819,1513,4929
992,1047,571,4930
992,1456,937,4931
993,869,1562,4932
993,1003,1631,4933
993,1277,1408,4934
993,1614,703,4935
994,59,796,4936
994,438,1104,4937
994,718,690,4938
994,1243,905,4939
994,1282,1735,4940
994,1491,448,4941
995,169,1558,4942
995,969,1550,4943
995,1671,141,4944
996,89,607,4945
996,317,388,4946
996,519,746,4947
996,528,696,4948
996,1347,894,4949
997,406,1536,4950
998,14,318,4951
998,434,726,4952
998,790,1551,4953
998,1489,802,4954
998,1554,1855,4955
998,1581,1124,4956
998,1586,1508,4957
999,32,13,4958
999,117,728,4959
999,231,1817,4960
999,476,648,4961
999,887,1808,4962
1000,39,229,4963
1000,342,169,4964
1000,514,1854,4965
1000,1137,1552,4966
1000,1371,1516,4967
1000,1704,1684,4968
1001,239,666,4969
1001,576,546,4970
1001,796,129,4971
1001,1216,913,4972
1001,1313,1369,4973
1001,1516,1238,4974
1001,1943,560,4975
1002,195,1083,4976
1002,591,287,4977
1002,630,1312,4978
1002,942,751,4979
1002,1018,472,4980
1002,1498,1993,4981
1002,1772,304,4982
1002,1997,701,4983
1003,727,1185,4984
1003,735,1536,4985
1003,1387,1544,4986
1003,1451,1152,4987
1004,77,184,4988
1004,86,1685,4989
1004,650,1235,4990
1004,943,344,4991
1004,979,893,4992
1004,1033,535,4993
1004,1092,767,4994
1004,1254,512,4995
1004,1504,718,4996
1005,480,768,4997
1005,896,1390,4998
1005,947,1234,4999
1006,14,715,5000
1006,64,1023,5001
1006,213,658,5002
1006,894,1617,5003
1006,970,281,5004
1006,983,1148,5005
1006,1376,215,5006
1006,1901,1822,5007
1007,3,198,5008
1007,347,225,5009
1007,1900,1962,5010
1007,1984,186,5011
1008,48,1371,5012
1008,237,199,5013
1008,1654,368,5014
1008,1839,1804,5015
1009,230,1732,5016
1009,1655,1790,5017
1009,1805,775,5018
1009,1852,1441,5019
1010,186,1547,5020
1010,233,163,5021
1010,487,444,5022
1010,842,1560,5023
1010,882,1828,5024
1011,53,739,5025
1011,896,164,5026
1012,123,435,5027
1012,242,459,5028
1012,459,1706,5029
1012,868,985,5030
1012,1383,1110,5031
1012,1713,1436,5032
1012,1729,740,5033
1013,1223,1807,5034
1013,1402,1090,5035
1013,1492,244,5036
1013,1549,950,5037
1014,279,457,5038
1014,590,1356,5039
1014,902,906,5040
1014,1125,1046,5041
1014,1638,1396,5042
1014,1960,569,5043
1014,1975,75,5044
1015,449,1884,5045
1015,1509,1185,5046
1016,288,678,5047
1016,483,1843,5048
1016,1811,184,5049
1016,1864,425,5050
1017,130,1898,5051
1017,578,269,5052
1017,1039,461,5053
1017,1301,1735,5054
1017,1796,486,5055
1018,47,184,5056
1018,361,327,5057
1018,605,531,5058
1018,752,1892,5059
1018,954,201,5060
1018,1218,1636,5061
1018,1309,381,5062
1019,304,1337,5063
1019,395,1235,5064
1019,411,260,5065
1020,372,1096,5066
1020,631,1512,5067
1020,915,647,5068
1020,1054,956,5069
1020,1280,905,5070
1020,1386,193,5071
1020,1388,54,5072
1021,8,1086,5073
1021,95,562,5074
1021,431,1090,5075
1021,607,413,5076
1021,940,1166,5077
1021,1113,1653,5078
1021,1800,631,5079
1022,285,1297,5080
1022,810,1811,5081
1022,1060,792,5082
1022,1770,648,5083
1022,1785,1993,5084
1022,1913,1391,5085
1023,185,377,5086
1023,208,1459,5087
1023,384,90,5088
1023,1366,1051,5089
1023,1731,888,5090
1023,1939,1474,5091
1024,27,1571,5092
1024,639,817,5093
1024,1011,349,5094
1024,1313,227,5095
1024,1568,1710,5096
1024,1910,247,5097
1025,231,368,5098
1025,654,661,5099
1025,1560,365,5100
1025,1752,1763,5101
1025,1757,833,5102
1025,1979,937,5103
1026,643,1071,5104
1026,1273,1614,5105
1026,1685,3,5106
1027,551,841,5107
1027,625,655,5108
1027,626,1452,5109
1027,889,1584,5110
1027,1587,1252,5111
1028,763,1599,5112
1028,765,482,5113
1028,1169,1844,5114
1028,1410,252,5115
1028,1429,452,5116
1028,1677,1777,5117
1029,217,593,5118
1029,1467,1402,5119
1029,1661,1566,5120
1029,1865,1778,5121
1029,1887,26,5122
1030,164,1227,5123
1030,342,1546,5124
1030,431,714,5125
1030,602,696,5126
1030,1540,240,5127
1031,33,233,5128
1031,65,1652,5129
1031,206,1028,5130
1031,413,153,5131
1031,1009,1905,5132
1031,1176,1290,5133
1031,1203,1443,5134
1031,1619,44,5135
1032,275,1973,5136
1032,1322,593,5137
1032,1805,787,5138
1033,1303,943,5139
1033,1569,1596,5140
1033,1646,614,5141
1034,226,1499,5142
1034,326,851,5143
1034,350,174,5144
1034,812,1301,5145
1034,1017,1553,5146
1035,302,150,5147
1035,743,845,5148
1035,933,764,5149
1036,51,1636,5150
1036,91,946,5151
1036,135,720,5152
1036,137,1982,5153
1036,543,271,5154
1036,921,538,5155
1036,1434,1315,5156
1037,114,801,5157
1037,586,1287,5158
1037,1311,584,5159
1037,1762,901,5160
1038,614,1731,5161
1038,686,565,5162
1038,786,1405,5163
1038,1293,63,5164
1038,1677,1710,5165
1039,449,950,5166
1039,580,548,5167
1039,678,1325,5168
1039,937,1971,5169
1039,1134,41,5170
1039,1260,794,5171
1039,1869,217,5172
1040,164,1743,5173
1040,210,830,5174
1040,683,108,5175
1040,1604,1190,5176
1040,1937,833,5177
1040,1983,1196,5178
1041,229,1935,5179
1041,794,1538,5180
1041,1073,1739,5181
1041,1151,423,5182
1041,1453,203,5183
1041,1526,1782,5184
1041,1540,1033,5185
1041,1599,1886,5186
1041,1757,1242,5187
1042,524,727,5188
1042,556,1282,5189
1042,766,1021,5190
1042,1126,375,5191
1043,447,1291,5192
1043,488,835,5193
1043,868,1130,5194
1043,963,1015,5195
1043,1452,1000,5196
1044,397,1855,5197
1044,874,1318,5198
1044,1567,593,5199
1045,185,812,5200
1045,870,845,5201
1046,250,985,5202
1046,969,1625,5203
1047,114,1480,5204
1047,1130,639,5205
1047,1139,1168,5206
1047,1288,1330,5207
1047,1518,1432,5208
1047,1768,395,5209
1047,1815,1713,5210
1048,764,260,5211
1048,807,398,5212
1048,1558,312,5213
1049,409,1002,5214
1049,612,1726,5215
1049,764,33,5216
1049,835,211,5217
1049,1272,688,5218
1049,1485,161,5219
1049,1501,1178,5220
1049,1730,1279,5221
1049,1855,960,5222
1050,932,1031,5223
1050,1119,1318,5224
1050,1179,1966,5225
1050,1376,1591,5226
1050,1965,1334,5227
1051,100,1386,5228
1051,1214,121,5229
1051,1583,431,5230
1051,1733,1743,5231
1051,1767,1083,5232
1051,1959,527,5233
1052,209,423,5234
1052,244,772,5235
1052,287,913,5236
1052,723,1950,5237
1052,1758,641,5238
1053,1317,575,5239
1053,1840,314,5240
1054,196,1016,5241
1054,237,145,5242
1054,1150,217,5243
1054,1775,1084,5244
1054,1846,862,5245
1055,286,671,5246
1055,928,1375,5247
1055,1691,1829,5248
1056,357,1130,5249
1056,563,1085,5250
1056,1743,255,5251
1057,29,1926,5252
1057,1192,394,5253
1057,1776,765,5254
1058,641,892,5255
1058,831,976,5256
1058,1093,1475,5257
1058,1639,1170,5258
1058,1850,291,5259
1058,1962,830,5260
1059,672,1203,5261
1059,884,369,5262
1059,1226,1087,5263
1059,1567,492,5264
1060,942,1718,5265
1060,1837,1075,5266
1060,1908,1251,5267
1061,73,960,5268
1061,313,622,5269
1061,955,1014,5270
1062,365,1700,5271
1062,424,1148,5272
1062,431,741,5273
1062,720,471,5274
1062,950,366,5275
1062,1142,1188,5276
1062,1714,1197,5277
1062,1782,1894,5278
1062,1832,581,5279
1063,198,207,5280
1063,569,1177,5281
1063,1238,514,5282
1063,1905,1994,5283
1064,186,1358,5284
1064,1058,1182,5285
1064,1320,687,5286
1064,1571,1008,5287
1064,1895,1651,5288
1065,283,1346,5289
1065,355,240,5290
1065,903,649,5291
1065,1851,1875,5292
1066,139,1610,5293
1066,472,624,5294
1066,1479,7,5295
1066,1621,849,5296
1066,1928,1471,5297
1066,1949,1284,5298
1067,586,1457,5299
1067,589,1018,5300
1067,613,1157,5301
1067,617,938,5302
1067,650,389,5303
1067,697,1550,5304
1067,760,49,5305
1067,989,713,5306
1067,1297,1699,5307
1068,387,1537,5308
1068,1001,1765,5309
1068,1360,1697,5310
1069,237,8,5311
1069,521,1412,5312
1069,605,297,5313
1069,649,1086,5314
1069,861,758,5315
1069,1864,1572,5316
1070,507,501,5317
1070,660,1259,5318
1070,1333,1577,5319
1071,1536,529,5320
1071,1822,1249,5321
1071,1905,1574,5322
1071,1979,593,5323
1071,1994,1566,5324
1072,130,538,5325
1072,527,41,5326
1072,1636,1032,5327
1072,1907,1950,5328
1072,1996,738,5329
1073,1,816,5330
1073,69,1718,5331
1073,143,931,5332
1073,504,496,5333
1073,1464,1698,5334
1073,1566,170,5335
1074,852,1314,5336
1074,997,286,5337
1074,1363,544,5338
1074,1702,540,5339
1075,619,358,5340
1075,955,1970,5341
1075,1234,1227,5342
1075,1838,1420,5343
1076,673,1864,5344
1076,771,642,5345
1076,1422,989,5346
1077,146,1703,5347
1077,1345,509,5348
1077,1570,1168,5349
1078,191,1323,5350
1078,209,1027,5351
1078,318,1367,5352
1078,905,1421,5353
1078,1698,251,5354
1078,1717,349,5355
1079,358,543,5356
1079,1153,1177,5357
1079,1636,1276,5358
1080,80,690,5359
1080,114,1253,5360
1080,492,1183,5361
1080,857,1978,5362
1080,1250,1885,5363
1080,1430,1943,5364
1081,38,864,5365
1081,649,782,5366
1081,1016,389,5367
1081,1441,740,5368
1081,1488,579,5369
1081,1820,24,5370
1082,6,305,5371
1082,123,1869,5372
1082,254,1823,5373
1082,642,1170,5374
1083,260,1490,5375
1083,444,1465,5376
1083,514,1988,5377
1084,577,698,5378
1084,751,815,5379
1084,863,1612,5380
1085,421,503,5381
1085,878,469,5382
1085,977,702,5383
1085,1000,130,5384
1086,685,1228,5385
1086,721,815,5386
1086,1153,17,5387
1087,704,871,5388
1087,745,153,5389
1087,927,720,5390
1087,1027,1870,5391
1088,1512,811,5392
1089,324,1635,5393
1089,651,1395,5394
1089,1008,787,5395
1089,1129,842,5396
1089,1459,1128,5397
1090,107,1352,5398
1090,653,1582,5399
1090,937,1338,5400
1090,1429,255,5401
1091,724,812,5402
1091,1058,1262,5403
1091,1258,517,5404
1091,1348,1815,5405
1092,191,1029,5406
1092,487,597,5407
1092,1037,500,5408
1092,1232,1934,5409
1092,1476,314,5410
1092,1729,1219,5411
1093,55,1857,5412
1093,146,710,5413
1093,259,561,5414
1093,408,1496,5415
1093,489,633,5416
1093,1008,1090,5417
1093,1153,143,5418
1093,1228,907,5419
1094,35,1266,5420
1094,814,446,5421
1094,1037,1891,5422
1094,1187,720,5423
1094,1245,1761,5424
1094,1725,339,5425
1095,12,1313,5426
1095,45,380,5427
1095,193,258,5428
1095,1512,1480,5429
1096,388,1734,5430
1096,406,321,5431
1096,1090,803,5432
1096,1239,669,5433
1096,1604,749,5434
1096,1667,1842,5435
1096,1802,704,5436
1096,1914,735,5437
1097,19,1435,5438
1097,47,1060,5439
1097,834,1926,5440
1098,15,1874,5441
1098,586,583,5442
1098,678,1923,5443
1098,1075,1313,5444
1098,1101,1261,5445
1098,1604,1663,5446
1098,1620,1888,5447
1098,1662,551,5448
1098,1682,471,5449
1099,382,749,5450
1099,1216,1306,5451
1099,1537,546,5452
1099,1683,871,5453
1100,8,1993,5454
1100,191,531,5455
1100,360,323,5456
1100,378,830,5457
1100,1642,1360,5458
1101,591,344,5459
1101,939,677,5460
1101,1092,15,5461
1102,1045,429,5462
1102,1406,1473,5463
1102,1427,1381,5464
1102,1530,1504,5465
1102,1745,943,5466
1103,63,1827,5467
1103,402,539,5468
1103,538,1529,5469
1103,555,1910,5470
1103,1007,578,5471
1103,1461,1676,5472
1103,1501,248,5473
1104,110,1856,5474
1104,272,1338,5475
1104,362,1210,5476
1104,497,1795,5477
1104,1546,1494,5478
1104,1694,2,5479
1104,1952,1594,5480
1105,444,1544,5481
1105,748,1959,5482
1105,1213,529,5483
1106,165,283,5484
1106,513,1635,5485
1106,858,1202,5486
1106,877,1008,5487
1106,1295,1703,5488
1106,1471,91,5489
1107,66,1029,5490
1107,294,172,5491
1107,493,498,5492
1107,677,46,5493
1107,679,786,5494
1107,908,103,5495
1107,1712,30,5496
1107,1914,557,5497
1108,73,1264,5498
1108,123,1914,5499
1108,847,1988,5500
1108,1031,213,5501
1108,1313,1350,5502
1108,1400,1638,5503
1108,1566,556,5504
1109,307,1755,5505
1109,591,1604,5506
1109,709,1302,5507
1109,1181,1551,5508
1110,124,1531,5509
1110,269,423,5510
1110,632,359,5511
1110,703,1657,5512
1110,1207,440,5513
1111,717,1125,5514
1111,946,846,5515
1111,1335,926,5516
1111,1427,1003,5517
1112,1073,1011,5518
1112,1099,826,5519
1112,1154,1347,5520
1113,188,169,5521
1113,252,43,5522
1113,421,1013,5523
1113,660,1786,5524
1113,712,662,5525
1113,1627,39,5526
1113,1811,151,5527
1113,1885,1991,5528
1114,85,1064,5529
1114,351,866,5530
1114,1039,1610,5531
1115,204,1297,5532
1115,460,1326,5533
1115,607,210,5534
1115,868,1089,5535
1115,1385,300,5536
1115,1472,1303,5537
1115,1841,1868,5538
1115,1846,1320,5539
1115,1898,162,5540
1116,432,1356,5541
1116,859,451,5542
1117,73,1709,5543
1117,368,1396,5544
1117,375,769,5545
1117,438,768,5546
1117,527,1358,5547
1117,601,657,5548
1117,604,1966,5549
1117,1023,641,5550
1117,1653,212,5551
1118,447,870,5552
1118,693,1666,5553
1118,696,1504,5554
1118,725,1384,5555
1118,764,1141,5556
1118,1638,1235,5557
1119,164,1510,5558
1119,381,1540,5559
1119,410,975,5560
1119,533,1682,5561
1119,1000,376,5562
1119,1562,1353,5563
1119,1777,33,5564
1119,1924,853,5565
1120,569,1269,5566
1120,1163,522,5567
1120,1672,1502,5568
1120,1928,1839,5569
1120,1949,1233,5570
1120,1974,650,5571
1121,487,121,5572
1121,1069,765,5573
1121,1849,1035,5574
1122,325,1994,5575
1122,806,199,5576
1122,913,1837,5577
1122,1503,856,5578
1122,1821,1845,5579
1123,538,485,5580
1123,911,276,5581
1123,989,1275,5582
1123,1096,549,5583
1123,1925,1489,5584
1124,540,1478,5585
1124,944,1320,5586
1124,1647,1738,5587
1125,149,595,5588
1125,261,1715,5589
1125,568,466,5590
1125,1018,1103,5591
1125,1066,250,5592
1126,52,1287,5593
1126,139,82,5594
1126,822,1033,5595
1126,1545,1108,5596
1127,172,725,5597
1127,779,89,5598
1127,1257,1427,5599
1128,156,1878,5600
1128,422,1672,5601
1128,562,256,5602
1128,1107,298,5603
1129,222,359,5604
1129,315,1255,5605
1129,413,1307,5606
1129,533,1113,5607
1129,977,82,5608
1129,980,1938,5609
1129,1043,1314,5610
1129,1217,1806,5611
1129,1445,875,5612
1129,1699,1521,5613
1129,1822,320,5614
1129,1990,1907,5615
1130,110,26,5616
1130,153,320,5617
1130,396,1351,5618
1130,1605,1141,5619
1131,724,1721,5620
1131,787,633,5621
1131,835,190,5622
1132,248,755,5623
1132,657,418,5624
1132,1488,359,5625
1132,1751,470,5626
1133,124,1721,5627
1133,598,1428,5628
1133,1129,1486,5629
1133,1196,648,5630
1133,1469,466,5631
1133,1762,1930,5632
1133,1789,623,5633
1133,1791,1136,5634
1134,834,595,5635
1134,859,1163,5636
1134,1172,755,5637
1134,1403,1104,5638
1134,1456,1698,5639
1134,1478,1895,5640
1135,190,1222,5641
1135,424,1200,5642
1135,613,1908,5643
1136,457,1729,5644
1137,1097,38,5645
1137,1635,188,5646
1138,20,1058,5647
1138,1015,96,5648
1138,1355,1471,5649
1138,1428,1025,5650
1138,1532,1126,5651
1138,1874,1083,5652
1139,541,266,5653
1139,1128,1163,5654
1140,121,1398,5655
1140,329,293,5656
1140,547,1835,5657
1140,1350,1762,5658
1141,1124,0,5659
1141,1437,864,5660
1141,1478,83,5661
1142,25,702,5662
1142,49,107,5663
1142,144,1177,5664
1142,793,1057,5665
1143,850,1528,5666
1143,970,1961,5667
1143,1598,230,5668
1143,1614,1320,5669
1144,756,1887,5670
1144,1219,649,5671
1144,1706,1368,5672
1145,84,1188,5673
1145,106,603,5674
1145,1136,990,5675
1145,1515,949,5676
1145,1758,111,5677
1145,1809,462,5678
1145,1873,1193,5679
1146,893,864,5680
1146,1102,364,5681
1146,1810,1791,5682
1147,606,1549,5683
1147,904,1003,5684
1147,981,808,5685
1147,1141,1908,5686
1147,1912,1913,5687
1148,16,316,5688
1148,19,229,5689
1148,317,1953,5690
1148,346,425,5691
1148,570,989,5692
1148,895,808,5693
1148,993,937,5694
1148,1242,1715,5695
1148,1486,672,5696
1148,1603,1830,5697
1148,1897,1459,5698
1148,1995,1571,5699
1149,671,1874,5700
1149,991,1248,5701
1149,1261,1506,5702
1149,1319,1848,5703
1149,1321,253,5704
1150,180,897,5705
1150,299,1604,5706
1150,327,1844,5707
1150,675,1372,5708
1150,1771,459,5709
1151,845,1982,5710
1151,1425,556,5711
1151,1516,1980,5712
1151,1596,799,5713
1151,1627,1000,5714
1151,1749,320,5715
1152,119,1666,5716
1152,1016,1064,5717
1152,1596,206,5718
1152,1769,453,5719
1152,1827,909,5720
1153,251,482,5721
1153,694,941,5722
1153,767,1759,5723
1153,962,1823,5724
1153,1321,1387,5725
1153,1575,319,5726
1154,84,1690,5727
1154,409,1212,5728
1154,533,125,5729
1154,892,1390,5730
1154,1117,151,5731
1154,1852,1249,5732
1155,730,196,5733
1155,890,1072,5734
1156,91,1154,5735
1156,306,669,5736
1156,748,1253,5737
1157,63,1629,5738
1157,188,1995,5739
1157,1070,647,5740
1157,1226,832,5741
1157,1432,1909,5742
1157,1492,1857,5743
1158,213,1918,5744
1158,332,397,5745
1158,769,1242,5746
1158,893,1778,5747
1158,895,65,5748
1158,986,1414,5749
1158,1463,1831,5750
1158,1757,1994,5751
1158,1797,600,5752
1159,124,1626,5753
1159,337,505,5754
1159,391,713,5755
1159,1488,1283,5756
1160,341,753,5757
1160,678,612,5758
1160,1204,1193,5759
1160,1640,1087,5760
1160,1709,1739,5761
1161,240,28,5762
1161,370,49,5763
1161,441,1953,5764
1161,1254,472,5765
1161,1285,1018,5766
1161,1392,595,5767
1161,1745,111,5768
1161,1794,1470,5769
1162,269,190,5770
1162,814,1984,5771
1162,861,407,5772
1162,1366,352,5773
1162,1506,547,5774
1162,1608,65,5775
1162,1628,658,5776
1163,940,1100,5777
1163,989,1443,5778
1163,1119,1770,5779
1163,1539,285,5780
1163,1574,1062,5781
1163,1712,1426,5782
1164,59,355,5783
1164,80,1808,5784
1164,195,805,5785
1164,398,1941,5786
1164,431,1438,5787
1164,806,445,5788
1164,999,81,5789
1164,1271,123,5790
1164,1353,657,5791
1165,19,1191,5792
1165,78,62,5793
1165,160,260,5794
1165,537,1489,5795
1165,938,83,5796
1165,1261,1966,5797
1165,1281,966,5798
1165,1435,1774,5799
1165,1800,1005,5800
1165,1879,445,5801
1166,1004,1931,5802
1166,1828,1856,5803
1167,356,771,5804
1167,1150,398,5805
1167,1280,1940,5806
1167,1635,1793,5807
1167,1752,466,5808
1168,284,670,5809
1168,382,1361,5810
1168,853,383,5811
1168,1499,837,5812
1168,1530,1195,5813
1169,401,257,5814
1169,534,620,5815
1169,873,1499,5816
1169,1111,355,5817
1169,1240,797,5818
1169,1311,1255,5819
1169,1376,316,5820
1170,256,203,5821
1170,706,736,5822
1170,1320,790,5823
1170,1981,160,5824
1171,853,1265,5825
1171,962,974,5826
1171,1247,968,5827
1171,1290,1630,5828
1172,982,560,5829
1172,1509,10,5830
1172,1988,1866,5831
1173,258,1305,5832
1173,312,873,5833
1174,1213,329,5834
1174,1999,706,5835
1175,281,961,5836
1175,582,961,5837
1175,979,1292,5838
1175,1370,1011,5839
1175,1502,678,5840
1175,1603,571,5841
1175,1713,996,5842
1175,1828,1323,5843
1176,7,1055,5844
1176,118,1293,5845
1176,259,902,5846
1177,9,534,5847
1177,151,256,5848
1177,605,1432,5849
1177,683,1299,5850
1177,1276,724,5851
1178,398,1471,5852
1178,494,1747,5853
1178,568,0,5854
1178,600,1865,5855
1178,1033,184,5856
1178,1202,1947,5857
1179,1387,1859,5858
1179,1422,890,5859
1179,1569,1892,5860
1179,1601,496,5861
1180,377,1667,5862
1180,646,1133,5863
1180,733,1381,5864
1180,744,723,5865
1180,918,1981,5866
1180,965,771,5867
1180,1678,1858,5868
1181,719,1535,5869
1181,768,1494,5870
1181,1179,1330,5871
1181,1509,3,5872
1182,281,904,5873
1182,393,1442,5874
1182,466,1477,5875
1182,820,1214,5876
1182,830,925,5877
1182,944,940,5878
1182,1224,1582,5879
1182,1295,550,5880
1182,1327,209,5881
1182,1471,1715,5882
1182,1789,262,5883
1183,878,263,5884
1183,1020,1734,5885
1183,1039,435,5886
1183,1476,640,5887
1183,1590,1420,5888
1184,194,1212,5889
1184,199,74,5890
1184,285,1399,5891
1184,355,1496,5892
1184,1159,1972,5893
1184,1483,1057,5894
1184,1563,28,5895
1185,661,97,5896
1185,737,1907,5897
1186,455,1826,5898
1186,747,1499,5899
1186,786,1304,5900
1186,919,1394,5901
1187,649,85,5902
1187,712,721,5903
1187,1040,1728,5904
1187,1242,1340,5905
1187,1423,1141,5906
1187,1763,1228,5907
1188,437,1093,5908
1188,822,762,5909
1188,1377,1452,5910
1188,1784,1964,5911
1188,1944,1587,5912
1189,997,1948,5913
1189,1971,543,5914
1191,635,1861,5915
1191,1215,559,5916
1192,49,1288,5917
1192,511,477,5918
1192,1480,1173,5919
1192,1616,85,5920
1192,1639,161,5921
1193,66,1345,5922
1193,469,1894,5923
1193,964,1918,5924
1193,1168,1930,5925
1193,1653,339,5926
1194,1078,454,5927
1194,1450,1171,5928
1194,1852,1696,5929
1195,55,1567,5930
1195,84,952,5931
1195,630,1631,5932
1195,817,741,5933
1195,1188,1933,5934
1195,1812,1108,5935
1195,1989,8,5936
1196,786,178,5937
1196,976,1029,5938
1196,1186,1474,5939
1196,1937,1424,5940
1197,223,318,5941
1197,245,810,5942
1197,877,1838,5943
1197,1171,372,5944
1198,344,1794,5945
1198,496,412,5946
1198,519,535,5947
1198,622,1011,5948
1198,989,1893,5949
1199,167,1574,5950
1199,602,949,5951
1199,675,1815,5952
1199,1013,453,5953
1199,1086,18,5954
1199,1934,1376,5955
1200,206,689,5956
1200,218,685,5957
1200,408,1287,5958
1200,484,1009,5959
1200,530,1878,5960
1200,1382,207,5961
1200,1409,1675,5962
1201,839,601,5963
1201,930,712,5964
1201,1346,1389,5965
1201,1959,1150,5966
1202,645,1809,5967
1202,1066,1977,5968
1202,1187,1351,5969
1202,1270,1803,5970
1202,1320,1568,5971
1202,1482,931,5972
1202,1609,1131,5973
1203,372,1572,5974
1203,1338,1839,5975
1203,1531,1843,5976
1203,1861,1402,5977
1204,145,837,5978
1204,786,615,5979
1204,861,1300,5980
1204,1134,471,5981
1204,1144,1062,5982
1204,1411,718,5983
1205,252,1581,5984
1205,451,14,5985
1205,626,342,5986
1205,878,625,5987
1205,1009,752,5988
1205,1119,1512,5989
1205,1350,974,5990
1205,1414,1024,5991
1205,1682,1652,5992
1205,1822,921,5993
1205,1956,1189,5994
1206,92,1006,5995
1206,820,1073,5996
1206,854,1935,5997
1206,1284,1976,5998
1207,1033,346,5999
1207,1065,1397,6000
1207,1423,1147,6001
1207,1556,1074,6002
1208,679,1781,6003
1208,807,1280,6004
1208,855,346,6005
1209,330,1325,6006
1209,391,1529,6007
1209,864,65,6008
1209,1094,1582,6009
1209,1548,769,6010
1209,1559,1080,6011
1209,1562,734,6012
1209,1618,1553,6013
1209,1902,1948,6014
1210,130,1674,6015
1210,202,1736,6016
1210,443,1550,6017
1210,888,1363,6018
1210,1484,1252,6019
1210,1924,1149,6020
1211,735,568,6021
1211,1246,1262,6022
1211,1990,1010,6023
1212,1426,18,6024
1213,100,1486,6025
1213,261,530,6026
1213,549,660,6027
1213,651,1651,6028
1214,962,1949,6029
1214,996,1079,6030
1214,1693,670,6031
1215,85,1390,6032
1215,463,1063,6033
1215,511,171,6034
1215,688,1038,6035
1216,565,1084,6036
1216,1038,787,6037
1216,1342,49,6038
1216,1347,11,6039
1216,1964,136,6040
1217,73,1559,6041
1217,278,615,6042
1217,1051,466,6043
1217,1066,1149,6044
1217,1091,1352,6045
1218,333,1111,6046
1218,1100,312,6047
1219,673,1108,6048
1220,5,567,6049
1220,33,1060,6050
1220,991,230,6051
1220,1497,1135,6052
1220,1619,1266,6053
1220,1788,1612,6054
1221,130,788,6055
1221,173,1809,6056
1221,475,472,6057
1221,1073,691,6058
1221,1579,1679,6059
1221,1643,429,6060
1222,22,1549,6061
1222,406,159,6062
1222,448,60,6063
1222,473,1631,6064
1222,579,205,6065
1222,584,1628,6066
1222,636,354,6067
1222,795,1251,6068
1222,971,543,6069
1222,1097,33,6070
1222,1103,344,6071
1222,1575,84,6072
1223,935,1292,6073
1223,1072,1893,6074
1223,1086,603,6075
1223,1239,246,6076
1224,81,1821,6077
1224,176,294,6078
1224,752,934,6079
1224,1005,882,6080
1224,1606,664,6081
1225,997,614,6082
1225,1099,1528,6083
1225,1467,1416,6084
1225,1514,1254,6085
1226,576,800,6086
1226,655,632,6087
1226,1423,368,6088
1226,1541,342,6089
1227,879,1302,6090
1227,1045,1056,6091
1227,1353,1609,6092
1227,1612,1351,6093
1227,1985,1154,6094
1228,63,854,6095
1228,664,1292,6096
1228,827,1352,6097
1228,931,1077,6098
1228,1119,10,6099
1228,1476,1244,6100
1229,21,1283,6101
1229,480,716,6102
1229,866,184,6103
1229,983,408,6104
1229,1649,247,6105
1230,132,1318,6106
1230,843,1407,6107
1231,1584,1554,6108
1231,1585,778,6109
1231,1640,17,6110
1231,1809,1617,6111
1232,136,1575,6112
1232,220,1209,6113
1232,434,1079,6114
1232,1082,589,6115
1232,1209,454,6116
1232,1625,1303,6117
1233,313,1556,6118
1233,1130,442,6119
1233,1184,1949,6120
1233,1684,369,6121
1234,1065,1970,6122
1234,1459,157,6123
1234,1637,1013,6124
1234,1788,307,6125
1235,402,1589,6126
1235,611,678,6127
1235,1594,1733,6128
1235,1945,828,6129
1235,1965,1226,6130
1235,1981,1334,6131
1236,512,52,6132
1236,961,70,6133
1236,1177,1923,6134
1236,1531,1910,6135
1236,1693,1796,6136
1237,13,1027,6137
1237,466,1474,6138
1237,1176,260,6139
1237,1851,844,6140
1237,1905,871,6141
1237,1972,1267,6142
1238,335,859,6143
1238,567,1979,6144
1238,761,487,6145
1238,1234,80,6146
1238,1322,182,6147
1238,1391,669,6148
1238,1555,1229,6149
1238,1653,505,6150
1238,1882,310,6151
1239,314,1390,6152
1239,674,919,6153
1239,974,1026,6154
1239,1047,1932,6155
1239,1446,381,6156
1239,1574,1257,6157
1241,147,517,6158
1241,1047,236,6159
1241,1526,1017,6160
1241,1712,1775,6161
1241,1807,659,6162
1241,1972,398,6163
1242,177,576,6164
1242,451,667,6165
1242,458,1411,6166
1242,559,68,6167
1242,656,822,6168
1242,928,583,6169
1242,965,1776,6170
1242,1043,386,6171
1242,1292,1721,6172
1242,1750,64,6173
1243,399,1458,6174
1243,784,879,6175
1243,1614,737,6176
1243,1822,889,6177
1243,1973,1531,6178
1244,181,1675,6179
1244,384,142,6180
1244,598,1759,6181
1244,1010,1062,6182
1245,303,134,6183
1245,1313,399,6184
1245,1505,1688,6185
1246,492,1153,6186
1246,1080,866,6187
1246,1394,1420,6188
1246,1867,1198,6189
1247,86,1243,6190
1247,407,313,6191
1247,409,1593,6192
1247,544,1130,6193
1247,1693,943,6194
1247,1708,752,6195
1248,108,1458,6196
1248,325,745,6197
1248,485,1665,6198
1248,511,340,6199
1248,786,1014,6200
1248,1048,1133,6201
1248,1622,708,6202
1248,1966,1515,6203
1249,453,1326,6204
1249,930,314,6205
1249,1331,336,6206
1249,1356,321,6207
1249,1368,776,6208
1249,1703,1427,6209
1250,1227,1539,6210
1250,1647,337,6211
1250,1910,1563,6212
1251,349,1710,6213
1251,371,386,6214
1251,427,1454,6215
1251,1353,1416,6216
1251,1713,1627,6217
1252,59,1766,6218
1252,243,191,6219
1252,452,1309,6220
1252,603,664,6221
1253,584,1421,6222
1253,1246,112,6223
1253,1283,468,6224
1253,1946,180,6225
1254,251,887,6226
1254,582,283,6227
1254,1086,1505,6228
1254,1110,1178,6229
1254,1170,828,6230
1254,1395,899,6231
1254,1626,166,6232
1254,1897,1253,6233
1255,108,1850,6234
1255,702,749,6235
1255,1653,1421,6236
1255,1686,1658,6237
1255,1712,1557,6238
1255,1827,693,6239
1255,1831,1460,6240
1256,1167,1988,6241
1256,1176,1636,6242
1256,1250,675,6243
1256,1280,620,6244
1256,1368,1467,6245
1256,1412,1702,6246
1256,1611,730,6247
1256,1829,988,6248
1257,13,1565,6249
1257,130,1084,6250
1257,130,1473,6251
1257,1317,217,6252
1257,1808,404,6253
1258,1208,173,6254
1258,1482,254,6255
1258,1746,1575,6256
1259,132,342,6257
1259,215,511,6258
1259,613,744,6259
1259,722,492,6260
1259,1228,79,6261
1259,1568,1917,6262
1259,1857,619,6263
1260,10,1855,6264
1260,451,129,6265
1260,759,897,6266
1260,835,1923,6267
1260,1052,1104,6268
1260,1165,616,6269
1261,285,1607,6270
1261,1369,1862,6271
1261,1406,906,6272
1262,35,1954,6273
1262,296,663,6274
1262,400,937,6275
1262,934,1215,6276
1262,1102,1515,6277
1262,1554,1836,6278
1262,1909,842,6279
1263,544,1083,6280
1263,546,1240,6281
1263,738,1414,6282
1263,786,564,6283
1263,1003,1408,6284
1265,923,1858,6285
1265,927,557,6286
1265,942,1703,6287
1265,1343,101,6288
1265,1501,884,6289
1266,116,1118,6290
1266,463,1726,6291
1266,729,319,6292
1266,878,1252,6293
1266,1236,1168,6294
1266,1665,1994,6295
1266,1843,348,6296
1266,1892,329,6297
1268,207,695,6298
1268,1207,1883,6299
1268,1263,503,6300
1268,1810,1931,6301
1269,780,619,6302
1269,1078,516,6303
1269,1228,968,6304
1269,1878,1393,6305
1270,489,656,6306
1270,1779,1599,6307
1271,106,1172,6308
1271,145,967,6309
1271,592,1337,6310
1271,753,1638,6311
1271,910,380,6312
1271,1112,1843,6313
1271,1305,990,6314
1272,499,1963,6315
1272,1153,204,6316
1273,549,1799,6317
1273,995,572,6318
1275,1240,1435,6319
1275,1922,1323,6320
1276,99,1216,6321
1276,197,1556,6322
1276,368,930,6323
1276,642,1358,6324
1276,985,1942,6325
1276,1203,1070,6326
1276,1350,1046,6327
1276,1862,646,6328
1277,21,928,6329
1277,436,489,6330
1277,813,1197,6331
1277,838,793,6332
1277,844,104,6333
1277,1143,1360,6334
1277,1176,1874,6335
1277,1436,1208,6336
1277,1654,542,6337
1278,720,1156,6338
1278,1463,595,6339
1278,1570,825,6340
1278,1594,1303,6341
1279,905,146,6342
1279,1197,341,6343
1279,1521,1961,6344
1279,1656,1848,6345
1279,1660,66,6346
1280,490,1058,6347
1280,620,1258,6348
1280,914,1185,6349
1280,1015,1216,6350
1280,1260,1726,6351
1280,1622,486,6352
1281,156,430,6353
1281,782,1137,6354
1281,1501,529,6355
1282,370,240,6356
1282,470,1160,6357
1282,634,419,6358
1282,884,134,6359
1282,1280,198,6360
1282,1299,1237,6361
1282,1390,874,6362
1282,1605,1713,6363
1282,1977,1784,6364
1283,134,431,6365
1283,258,268,6366
1283,489,562,6367
1283,955,872,6368
1283,1471,1817,6369
1283,1502,509,6370
1283,1542,846,6371
1283,1869,1278,6372
1284,16,503,6373
1284,398,687,6374
1284,647,309,6375
1284,943,1826,6376
1284,1479,827,6377
1284,1692,1602,6378
1284,1877,532,6379
1285,157,1016,6380
1285,848,768,6381
1285,1359,1993,6382
1285,1524,1275,6383
1286,396,534,6384
1286,636,1472,6385
1286,1002,1219,6386
1286,1011,950,6387
1286,1101,597,6388
1286,1793,72,6389
1286,1930,275,6390
1286,1956,551,6391
1287,961,1433,6392
1287,1141,1679,6393
1288,549,1913,6394
1288,969,1184,6395
1288,1921,1558,6396
1289,12,132,6397
1289,135,1325,6398
1289,377,381,6399
1289,1325,1074,6400
1289,1361,502,6401
1289,1520,1232,6402
1289,1629,573,6403
1289,1636,1234,6404
1289,1654,1757,6405
1290,19,616,6406
1290,803,1224,6407
1290,908,1620,6408
1290,1246,1636,6409
1291,636,1400,6410
1291,1518,1359,6411
1291,1735,1460,6412
1291,1937,673,6413
1292,381,973,6414
1293,128,515,6415
1293,324,693,6416
1293,719,61,6417
1293,996,1149,6418
1293,1181,1606,6419
1293,1361,668,6420
1293,1581,1409,6421
1293,1592,733,6422
1294,435,1198,6423
1294,930,1004,6424
1294,1055,1177,6425
1295,876,339,6426
1295,1239,1991,6427
1295,1337,911,6428
1295,1805,1582,6429
1296,167,695,6430
1296,233,1086,6431
1296,1005,1981,6432
1296,1198,1123,6433
1296,1715,1376,6434
1297,737,1788,6435
1297,879,826,6436
1297,1284,1108,6437
1297,1441,1787,6438
1297,1443,1453,6439
1297,1615,451,6440
1297,1700,690,6441
1298,295,610,6442
1298,656,598,6443
1299,162,157,6444
1299,289,1921,6445
1299,304,469,6446
1299,1563,1709,6447
1300,1258,1547,6448
1300,1299,1759,6449
1300,1410,754,6450
1301,327,47,6451
1301,360,171,6452
1301,412,556,6453
1301,1100,1420,6454
1301,1712,1213,6455
1302,10,1647,6456
1302,44,378,6457
1302,650,1028,6458
1302,1024,416,6459
1302,1172,1590,6460
1302,1813,1972,6461
1303,867,901,6462
1303,1634,901,6463
1303,1867,1956,6464
1304,240,1066,6465
1304,1439,1018,6466
1305,38,1799,6467
1305,567,1568,6468
1305,623,1822,6469
1305,1175,1139,6470
1305,1679,807,6471
1306,249,1450,6472
1306,356,1625,6473
1306,476,107,6474
1306,1091,1656,6475
1306,1216,145,6476
1306,1406,1103,6477
1306,1961,1929,6478
1307,197,1948,6479
1307,811,227,6480
1308,62,1019,6481
1308,1625,1275,6482
1308,1837,830,6483
1308,1872,559,6484
1308,1962,1434,6485
1309,228,51,6486
1309,1222,1988,6487
1309,1967,997,6488
1309,1995,758,6489
1310,554,1071,6490
1310,1241,1545,6491
1310,1309,1093,6492
1310,1409,1140,6493
1311,1,1910,6494
1311,1040,673,6495
1311,1346,885,6496
1311,1519,476,6497
1311,1654,1901,6498
1312,278,6,6499
1312,345,1212,6500
1312,642,1513,6501
1312,659,226,6502
1312,1188,245,6503
1313,309,1848,6504
1313,788,304,6505
1313,823,1177,6506
1313,984,1790,6507
1313,1313,376,6508
1314,77,487,6509
1314,1071,920,6510
1314,1712,795,6511
1314,1960,120,6512
1315,65,1237,6513
1315,509,1686,6514
1315,541,1547,6515
1315,841,875,6516
1315,1095,1843,6517
1315,1256,1881,6518
1315,1607,1150,6519
1315,1930,1846,6520
1316,358,1700,6521
1316,563,867,6522
1316,636,680,6523
1316,877,277,6524
1316,1301,1279,6525
1316,1726,1428,6526
1317,381,1397,6527
1317,411,578,6528
1317,1374,780,6529
1317,1589,1433,6530
1317,1621,672,6531
1317,1974,63,6532
1318,929,318,6533
1318,1145,174,6534
1318,1931,819,6535
1319,805,1696,6536
1319,832,1616,6537
1319,1454,1569,6538
1319,1745,86,6539
1319,1914,89,6540
1320,33,142,6541
1320,172,1192,6542
1320,1352,125,6543
1320,1606,678,6544
1320,1999,1134,6545
1321,955,923,6546
1321,1371,1365,6547
1321,1669,302,6548
1321,1946,1976,6549
1321,1987,824,6550
1322,181,1773,6551
1322,390,1988,6552
1322,394,1463,6553
1322,471,282,6554
1322,908,1657,6555
1322,1242,167,6556
1322,1457,1005,6557
1322,1743,1049,6558
1323,80,632,6559
1323,111,1605,6560
1323,328,525,6561
1323,353,80,6562
1324,161,1888,6563
1324,391,585,6564
1324,502,1938,6565
1324,818,1980,6566
1324,1672,1924,6567
1324,1854,75,6568
1325,563,1314,6569
1325,604,1021,6570
1325,685,134,6571
1325,1093,1463,6572
1325,1216,1247,6573
1325,1254,90,6574
1325,1614,901,6575
1325,1931,1064,6576
1326,131,818,6577
1326,753,1546,6578
1326,760,117,6579
1326,1178,695,6580
1326,1662,442,6581
1326,1680,1047,6582
1326,1849,205,6583
1327,571,164,6584
1327,639,1213,6585
1327,659,1516,6586
1327,854,1820,6587
1327,1144,1443,6588
1327,1239,1019,6589
1327,1664,590,6590
1328,267,29,6591
1328,828,1588,6592
1328,933,847,6593
1328,1521,1089,6594
1329,489,1434,6595
1329,649,356,6596
1329,1102,357,6597
1329,1333,158,6598
1329,1562,266,6599
1330,145,1622,6600
1330,495,892,6601
1330,764,897,6602
1330,1394,1317,6603
1330,1555,64,6604
1330,1850,334,6605
1331,140,1599,6606
1331,339,289,6607
1331,403,730,6608
1331,565,430,6609
1331,693,1215,6610
1331,717,883,6611
1331,782,563,6612
1331,1652,1878,6613
1331,1892,287,6614
1331,1997,1962,6615
1332,408,1548,6616
1332,553,1261,6617
1332,1318,1659,6618
1332,1622,76,6619
1332,1756,501,6620
1333,431,1570,6621
1333,1552,1407,6622
1333,1920,1383,6623
1334,385,658,6624
1334,838,1051,6625
1334,905,1876,6626
1334,1608,257,6627
1334,1687,618,6628
1335,602,956,6629
1335,1170,401,6630
1335,1175,475,6631
1335,1757,558,6632
1336,283,1189,6633
1336,1739,1233,6634
1337,596,1454,6635
1337,714,75,6636
1337,1013,837,6637
1337,1914,1803,6638
1338,36,210,6639
1338,775,748,6640
1338,991,1239,6641
1338,1483,99,6642
1338,1538,506,6643
1338,1712,40,6644
1338,1786,887,6645
1339,39,965,6646
1339,368,871,6647
1339,527,1781,6648
1339,797,1130,6649
1339,1049,1558,6650
1339,1587,304,6651
1339,1965,1372,6652
1340,590,1501,6653
1340,738,512,6654
1340,1196,801,6655
1340,1333,1797,6656
1340,1375,934,6657
1340,1603,1606,6658
1340,1674,390,6659
1340,1932,1402,6660
1341,656,1867,6661
1341,1257,1510,6662
1341,1823,500,6663
1341,1823,1982,6664
1342,24,966,6665
1342,186,1441,6666
1342,1323,1611,6667
1342,1573,1053,6668
1343,1274,1947,6669
1343,1408,11,6670
1343,1430,1356,6671
1343,1910,1156,6672
1344,597,1656,6673
1344,695,290,6674
1344,938,1350,6675
1344,1830,1711,6676
1344,1975,1856,6677
1345,281,179,6678
1345,496,1461,6679
1345,761,761,6680
1345,959,268,6681
1345,1912,1869,6682
1346,492,349,6683
1346,598,1375,6684
1346,820,142,6685
1346,1777,1593,6686
1347,682,551,6687
1347,1003,1076,6688
1347,1476,898,6689
1347,1516,359,6690
1347,1698,1420,6691
1348,183,1592,6692
1348,315,1464,6693
1348,644,1962,6694
1348,810,562,6695
1348,1057,1637,6696
1348,1127,360,6697
1348,1206,1958,6698
1348,1385,174,6699
1348,1979,814,6700
1349,375,1430,6701
1349,882,725,6702
1349,1076,530,6703
1349,1093,911,6704
1349,1526,639,6705
1349,1708,726,6706
1349,1721,350,6707
1350,787,1919,6708
1350,982,929,6709
1350,1062,1393,6710
1350,1161,1292,6711
1350,1325,1505,6712
1350,1766,307,6713
1351,737,1770,6714
1352,384,6,6715
1352,576,609,6716
1352,1525,658,6717
1352,1708,1,6718
1353,63,970,6719
1353,350,1927,6720
1353,391,612,6721
1353,471,849,6722
1353,605,627,6723
1353,778,175,6724
1354,825,21,6725
1354,1131,588,6726
1354,1646,1912,6727
1355,515,1926,6728
1355,616,1004,6729
1355,925,634,6730
1355,1854,353,6731
1356,497,1003,6732
1356,870,237,6733
1356,1065,552,6734
1356,1467,1351,6735
1356,1723,1110,6736
1356,1979,1727,6737
1357,55,171,6738
1357,434,1314,6739
1357,489,1736,6740
1357,1191,151,6741
1357,1371,159,6742
1357,1723,330,6743
1357,1745,1869,6744
1357,1912,1031,6745
1358,104,1017,6746
1358,212,1922,6747
1358,1078,89,6748
1358,1199,434,6749
1358,1832,1777,6750
1358,1868,1798,6751
1359,289,1877,6752
1359,972,979,6753
1359,1296,1268,6754
1360,96,1897,6755
1360,825,852,6756
1360,1368,175,6757
1360,1428,733,6758
1360,1686,1923,6759
1360,1811,1406,6760
1360,1885,676,6761
1361,216,1254,6762
1361,727,340,6763
1361,732,972,6764
1361,966,669,6765
1361,972,325,6766
1361,1414,49,6767
1361,1929,337,6768
1362,410,1576,6769
1362,544,243,6770
1362,1739,1641,6771
1362,1963,1574,6772
1363,122,723,6773
1363,426,968,6774
1363,1427,1085,6775
1363,1757,1938,6776
1364,570,288,6777
1364,668,431,6778
1364,1171,179,6779
1364,1596,1122,6780
1364,1680,878,6781
1365,19,1840,6782
1365,301,1637,6783
1365,446,1993,6784
1365,795,394,6785
1365,1876,136,6786
1365,1912,1262,6787
1366,198,175,6788
1366,631,93,6789
1366,695,341,6790
1366,1071,938,6791
1366,1183,1716,6792
1366,1454,854,6793
1366,1755,1920,6794
1367,204,1964,6795
1367,560,53,6796
1367,563,801,6797
1367,711,1453,6798
1367,783,86,6799
1367,974,1422,6800
1367,1576,1577,6801
1367,1745,1052,6802
1368,250,1068,6803
1368,638,427,6804
1368,704,1655,6805
1368,770,1702,6806
1368,1180,1105,6807
1368,1258,569,6808
1368,1753,701,6809
1368,1852,1186,6810
1369,403,1969,6811
1369,423,1060,6812
1369,1135,134,6813
1369,1939,132,6814
1370,195,378,6815
1370,624,331,6816
1370,941,1662,6817
1371,213,1446,6818
1371,234,1155,6819
1371,650,271,6820
1371,1349,385,6821
1371,1466,643,6822
1372,12,947,6823
1372,546,1437,6824
1372,810,39,6825
1372,1289,1584,6826
1372,1308,1493,6827
1372,1356,1233,6828
1372,1889,88,6829
1373,403,745,6830
1373,867,1041,6831
1373,1657,1092,6832
1374,556,1972,6833
1374,631,891,6834
1374,1342,480,6835
1375,137,513,6836
1375,266,1221,6837
1375,490,518,6838
1375,1048,1576,6839
1375,1160,704,6840
1375,1487,1906,6841
1375,1563,22,6842
1376,274,641,6843
1376,553,1427,6844
1376,1205,1577,6845
1376,1737,1842,6846
1377,17,1703,6847
1377,271,1454,6848
1377,286,1462,6849
1377,635,460,6850
1377,1533,1376,6851
1377,1539,1821,6852
1377,1652,631,6853
1377,1676,656,6854
1378,134,289,6855
1378,255,343,6856
1378,494,8,6857
1378,1336,1504,6858
1378,1936,1419,6859
1379,224,853,6860
1379,400,543,6861
1379,1338,1323,6862
1379,1533,1681,6863
1379,1972,1413,6864
1380,167,557,6865
1380,832,538,6866
1380,1197,1363,6867
1380,1480,236,6868
1380,1531,1830,6869
1380,1565,1840,6870
1380,1712,1762,6871
1381,163,307,6872
1381,199,678,6873
1381,1046,1514,6874
1381,1092,538,6875
1381,1495,1787,6876
1381,1550,395,6877
1381,1572,668,6878
1381,1759,1092,6879
1381,1905,1806,6880
1382,650,842,6881
1382,808,1647,6882
1382,1004,1351,6883
1382,1316,1140,6884
1384,198,1611,6885
1384,842,570,6886
1384,1212,1771,6887
1385,271,420,6888
1385,459,1326,6889
1385,722,1569,6890
1385,1112,777,6891
1385,1473,486,6892
1385,1483,1381,6893
1386,292,140,6894
1386,324,357,6895
1386,387,856,6896
1386,640,872,6897
1386,1066,1688,6898
1386,1077,824,6899
1386,1087,1945,6900
1386,1436,470,6901
1386,1638,336,6902
1387,423,551,6903
1387,559,314,6904
1387,1270,301,6905
1387,1413,368,6906
1387,1816,1872,6907
1388,588,1758,6908
1388,604,1486,6909
1388,1149,1030,6910
1388,1246,856,6911
1388,1547,1476,6912
1388,1600,897,6913
1388,1964,134,6914
1389,791,581,6915
1389,1304,791,6916
1389,1329,883,6917
1389,1558,1749,6918
1389,1608,1758,6919
1389,1690,1091,6920
1389,1699,700,6921
1390,1404,1880,6922
1390,1788,1350,6923
1391,1557,1747,6924
1391,1912,1631,6925
1392,911,19,6926
1392,1059,705,6927
1393,336,1822,6928
1393,895,1298,6929
1393,1251,243,6930
1393,1348,1756,6931
1394,1147,1808,6932
1394,1317,1645,6933
1394,1431,91,6934
1394,1464,1905,6935
1394,1998,1123,6936
1395,142,341,6937
1395,1201,644,6938
1395,1339,288,6939
1395,1578,281,6940
1395,1796,648,6941
1396,511,1365,6942
1396,549,481,6943
1396,1710,1467,6944
1397,948,161,6945
1397,1059,1708,6946
1397,1234,1157,6947
1397,1494,1961,6948
1398,152,382,6949
1398,793,489,6950
1399,493,1019,6951
1399,515,576,6952
1399,891,413,6953
1399,1018,1568,6954
1399,1731,562,6955
1399,1858,201,6956
1399,1905,1863,6957
1400,262,1215,6958
1400,808,272,6959
1400,1123,833,6960
1400,1297,1104,6961
1400,1695,1736,6962
1401,186,1949,6963
1401,339,1550,6964
1401,484,106,6965
1401,859,1692,6966
1401,1179,1117,6967
1401,1325,938,6968
1401,1447,106,6969
1401,1726,1828,6970
1401,1802,1717,6971
1401,1886,588,6972
1402,165,1270,6973
1402,556,583,6974
1402,1004,55,6975
1402,1007,851,6976
1402,1137,1731,6977
1402,1638,616,6978
1403,246,1142,6979
1403,249,1095,6980
1403,640,1978,6981
1403,913,719,6982
1403,1386,1818,6983
1403,1459,732,6984
1403,1567,614,6985
1404,701,1888,6986
1404,1593,1525,6987
1404,1806,298,6988
1405,109,310,6989
1405,623,1692,6990
1405,756,516,6991
1405,1094,1307,6992
1405,1290,1920,6993
1405,1349,1781,6994
1405,1461,317,6995
1405,1589,357,6996
1405,1915,1153,6997
1406,317,1983,6998
1406,434,1460,6999
1406,707,1886,7000
1406,807,1431,7001
1406,1231,483,7002
1406,1308,117,7003
1406,1810,1464,7004
1407,53,735,7005
1407,617,1279,7006
1407,859,768,7007
1407,1732,1817,7008
1407,1736,1217,7009
1407,1775,1917,7010
1408,202,1357,7011
1408,538,1256,7012
1408,655,1186,7013
1408,1178,452,7014
1408,1320,501,7015
1408,1647,646,7016
1408,1888,1007,7017
1408,1965,1861,7018
1409,22,1468,7019
1409,464,629,7020
1409,742,196,7021
1409,782,1936,7022
1409,1221,317,7023
1409,1288,54,7024
1409,1434,1266,7025
1409,1911,984,7026
1410,1238,1912,7027
1410,1593,380,7028
1410,1769,262,7029
1410,1862,270,7030
1411,230,1498,7031
1411,238,1892,7032
1411,567,1108,7033
1411,910,677,7034
1411,1216,962,7035
1411,1235,1000,7036
1411,1675,1597,7037
1411,1906,1941,7038
1412,411,1460,7039
1412,917,1659,7040
1412,1095,397,7041
1412,1883,741,7042
1413,240,1308,7043
1413,428,1546,7044
1413,576,521,7045
1413,631,909,7046
1413,758,444,7047
1413,1443,1001,7048
1414,54,1736,7049
1414,417,840,7050
1414,486,100,7051
1414,1101,613,7052
1414,1118,608,7053
1414,1606,604,7054
1414,1878,1615,7055
1415,1851,305,7056
1416,77,1221,7057
1416,273,1323,7058
1416,549,1014,7059
1416,957,1228,7060
1416,1123,1308,7061
1416,1328,1857,7062
1416,1494,470,7063
1416,1628,1373,7064
1416,1924,259,7065
1417,547,1285,7066
1417,1164,122,7067
1417,1817,1160,7068
1418,678,1744,7069
1418,809,85,7070
1418,959,977,7071
1418,1514,1679,7072
1418,1561,508,7073
1419,471,955,7074
1419,493,911,7075
1419,541,1249,7076
1420,151,938,7077
1420,272,680,7078
1420,289,1046,7079
1420,1526,193,7080
1420,1653,1622,7081
1420,1821,1902,7082
1420,1939,1087,7083
1420,1992,847,7084
1421,36,1240,7085
1421,312,1446,7086
1421,422,790,7087
1421,483,354,7088
1421,613,1850,7089
1421,906,1978,7090
1421,1210,882,7091
1421,1304,660,7092
1421,1636,100,7093
1422,766,651,7094
1422,1383,1535,7095
1423,263,300,7096
1423,411,981,7097
1423,448,502,7098
1423,640,1070,7099
1423,815,583,7100
1423,1159,1249,7101
1423,1615,513,7102
1424,980,1293,7103
1424,1132,102,7104
1424,1237,1441,7105
1424,1442,518,7106
1425,28,846,7107
1425,428,1253,7108
1425,589,1419,7109
1425,798,1835,7110
1425,988,596,7111
1425,1060,951,7112
1425,1492,13,7113
1425,1571,919,7114
1425,1647,556,7115
1425,1987,385,7116
1425,1993,882,7117
1426,118,1333,7118
1426,757,1133,7119
1426,786,1012,7120
1426,795,1388,7121
1426,819,1267,7122
1426,852,836,7123
1426,894,726,7124
1426,930,1010,7125
1426,1265,555,7126
1426,1440,1001,7127
1426,1981,264,7128
1427,17,255,7129
1427,303,1016,7130
1427,462,614,7131
1427,1157,794,7132
1428,137,1999,7133
1428,348,1378,7134
1428,1327,311,7135
1428,1363,1321,7136
1428,1826,227,7137
1428,1930,1073,7138
1429,267,1560,7139
1429,865,696,7140
1429,1058,1005,7141
1429,1223,614,7142
1429,1394,1240,7143
1429,1487,1479,7144
1430,251,1700,7145
1430,474,1259,7146
1430,822,1485,7147
1430,959,199,7148
1430,1061,942,7149
1430,1936,89,7150
1431,1368,37,7151
1432,524,1570,7152
1432,1664,340,7153
1432,1853,205,7154
1432,1942,231,7155
1432,1983,1031,7156
1433,824,1930,7157
1433,1218,1172,7158
1433,1815,1532,7159
1434,225,390,7160
1434,1275,1007,7161
1434,1725,1457,7162
1435,1495,1028,7163
1435,1941,1867,7164
1435,1943,1403,7165
1436,214,1289,7166
1436,221,783,7167
1436,800,22,7168
1436,1121,1762,7169
1436,1744,345,7170
1436,1773,271,7171
1436,1802,565,7172
1436,1833,1663,7173
1437,165,1191,7174
1437,217,93,7175
1437,234,1746,7176
1437,703,1708,7177
1437,1942,1173,7178
1438,1089,1068,7179
1438,1548,1643,7180
1439,178,481,7181
1439,350,169,7182
1439,429,1542,7183
1439,888,611,7184
1439,1153,982,7185
1439,1697,1939,7186
1439,1710,1567,7187
1439,1760,929,7188
1439,1799,1999,7189
1440,158,1230,7190
1440,317,75,7191
1440,358,593,7192
1440,619,1252,7193
1440,839,604,7194
1440,940,1757,7195
1440,1057,1766,7196
1440,1146,1680,7197
1440,1434,720,7198
1440,1561,1500,7199
1440,1576,636,7200
1440,1786,99,7201
1441,293,773,7202
1441,471,1024,7203
1441,530,522,7204
1441,913,439,7205
1441,1297,2,7206
1441,1606,1517,7207
1442,63,883,7208
1442,609,642,7209
1442,1565,1930,7210
1442,1826,1591,7211
1443,262,1584,7212
1443,407,561,7213
1443,1427,1235,7214
1444,559,850,7215
1444,605,970,7216
1444,960,918,7217
1444,1505,1665,7218
1445,587,364,7219
1446,336,1006,7220
1446,997,511,7221
1446,1173,1277,7222
1446,1200,1995,7223
1446,1882,1730,7224
1447,860,522,7225
1447,937,374,7226
1447,1241,428,7227
1447,1334,1215,7228
1447,1385,57,7229
1448,174,414,7230
1448,700,271,7231
1448,1592,510,7232
1448,1983,1150,7233
1449,132,1645,7234
1449,295,1650,7235
1449,650,1076,7236
1449,1475,1075,7237
1449,1545,1718,7238
1449,1924,1578,7239
1450,119,1686,7240
1451,250,808,7241
1451,594,396,7242
1451,893,3,7243
1451,929,1342,7244
1451,1921,173,7245
1452,1522,1616,7246
1452,1878,279,7247
1453,1311,855,7248
1453,1416,1772,7249
1453,1613,685,7250
1453,1899,1434,7251
1454,236,1558,7252
1454,1086,886,7253
1454,1720,909,7254
1454,1768,1847,7255
1455,127,643,7256
1455,1580,943,7257
1455,1801,1108,7258
1456,133,242,7259
1456,799,1965,7260
1456,1623,1943,7261
1456,1904,962,7262
1457,573,190,7263
1457,871,1696,7264
1457,1096,584,7265
1457,1631,335,7266
1458,665,780,7267
1458,1330,765,7268
1458,1996,1180,7269
1459,704,1924,7270
1459,909,906,7271
1459,1026,1571,7272
1459,1510,1672,7273
1459,1681,815,7274
1459,1980,1452,7275
1460,119,610,7276
1460,318,1346,7277
1460,619,1928,7278
1460,1636,1352,7279
1461,416,390,7280
1461,508,331,7281
1461,682,1646,7282
1461,910,1655,7283
1461,1136,1810,7284
1462,161,709,7285
1462,172,1033,7286
1462,260,665,7287
1462,900,1498,7288
1463,221,926,7289
1463,509,788,7290
1463,927,522,7291
1463,1331,686,7292
1463,1427,849,7293
1464,863,1079,7294
1464,1758,1611,7295
1464,1776,1181,7296
1465,59,328,7297
1465,796,998,7298
1465,1292,1888,7299
1465,1590,1243,7300
1465,1599,1519,7301
1465,1957,1013,7302
1466,828,802,7303
1466,913,24,7304
1466,926,233,7305
1466,1100,247,7306
1466,1330,1436,7307
1466,1515,1112,7308
1466,1748,875,7309
1467,431,1736,7310
1467,597,1042,7311
1467,1345,744,7312
1468,108,1436,7313
1468,162,792,7314
1468,226,1699,7315
1468,363,1881,7316
1468,554,1909,7317
1468,679,77,7318
1468,1194,1001,7319
1468,1461,270,7320
1469,575,1969,7321
1469,967,205,7322
1469,1521,1507,7323
1469,1651,1059,7324
1469,1673,242,7325
1471,234,1592,7326
1471,1076,891,7327
1471,1501,253,7328
1471,1731,315,7329
1472,306,723,7330
1472,565,1166,7331
1472,981,415,7332
1472,1210,1120,7333
1472,1265,241,7334
1472,1515,1801,7335
1473,455,1245,7336
1473,539,1990,7337
1473,1490,1355,7338
1473,1826,1033,7339
1474,1214,488,7340
1474,1707,1240,7341
1474,1775,303,7342
1475,347,1482,7343
1475,1164,1664,7344
1475,1266,129,7345
1475,1847,1239,7346
1476,129,1348,7347
1476,552,1646,7348
1476,1269,1586,7349
1476,1383,755,7350
1477,52,1342,7351
1477,404,501,7352
1477,1337,1521,7353
1477,1521,642,7354
1478,185,1309,7355
1478,1426,926,7356
1478,1933,750,7357
1479,295,839,7358
1479,562,1097,7359
1479,690,909,7360
1479,1075,347,7361
1479,1204,572,7362
1479,1300,547,7363
1480,322,1928,7364
1480,938,567,7365
1480,1367,1184,7366
1480,1719,1160,7367
1481,44,810,7368
1481,764,1230,7369
1481,1314,1514,7370
1481,1481,207,7371
1481,1534,429,7372
1482,579,50,7373
1482,1022,886,7374
1482,1157,458,7375
1482,1306,1663,7376
1483,74,940,7377
1483,467,1064,7378
1483,501,315,7379
1483,787,1906,7380
1483,828,105,7381
1483,1327,1608,7382
1483,1375,1144,7383
1483,1480,1794,7384
1483,1931,505,7385
1484,764,1652,7386
1484,781,1339,7387
1484,1280,1691,7388
1484,1388,646,7389
1484,1974,396,7390
1485,202,1892,7391
1485,473,1088,7392
1485,766,1006,7393
1485,1007,185,7394
1485,1022,570,7395
1485,1655,1144,7396
1486,611,1715,7397
1486,996,620,7398
1486,1305,342,7399
1486,1868,1482,7400
1486,1891,1519,7401
1487,70,582,7402
1487,307,780,7403
1487,551,468,7404
1487,827,1820,7405
1487,888,754,7406
1487,1460,455,7407
1488,296,1296,7408
1488,509,986,7409
1489,166,1606,7410
1489,629,212,7411
1489,1962,1677,7412
1489,1993,1826,7413
1490,56,1461,7414
1490,513,1591,7415
1490,666,182,7416
1490,762,1742,7417
1490,806,1948,7418
1491,355,825,7419
1491,454,1652,7420
1491,694,1639,7421
1491,1310,42,7422
1491,1793,627,7423
1492,3,1943,7424
1492,1246,1334,7425
1492,1450,259,7426
1492,1533,1159,7427
1492,1616,244,7428
1492,1835,848,7429
1493,47,1369,7430
1493,335,740,7431
1493,369,1326,7432
1493,626,752,7433
1493,935,1739,7434
1493,1203,619,7435
1493,1294,1019,7436
1493,1322,1973,7437
1493,1326,764,7438
1493,1901,1506,7439
1494,176,380,7440
1494,194,640,7441
1494,289,1423,7442
1494,491,1935,7443
1494,782,1066,7444
1494,1106,543,7445
1494,1288,1083,7446
1495,786,719,7447
1495,1350,616,7448
1496,484,1458,7449
1496,629,834,7450
1496,817,969,7451
1497,357,1972,7452
1497,431,881,7453
1497,528,346,7454
1497,939,1327,7455
1497,1078,1759,7456
1497,1406,1242,7457
1498,804,1988,7458
1498,832,1945,7459
1498,1179,653,7460
1498,1503,1857,7461
1498,1713,1632,7462
1499,959,563,7463
1500,190,1496,7464
1500,207,1343,7465
1500,325,474,7466
1500,398,509,7467
1500,627,1476,7468
1500,859,1984,7469
1500,1628,721,7470
1500,1680,1072,7471
1500,1782,203,7472
1500,1844,1119,7473
1500,1913,1659,7474
1500,1961,1802,7475
1501,53,1425,7476
1501,190,763,7477
1501,509,1925,7478
1501,1345,1286,7479
1501,1755,595,7480
1502,375,1482,7481
1502,1068,1977,7482
1502,1574,1032,7483
1502,1815,1283,7484
1503,158,1481,7485
1503,788,601,7486
1503,842,1541,7487
1503,1521,1690,7488
1503,1687,1801,7489
1504,1174,39,7490
1505,388,286,7491
1505,887,1557,7492
1505,1549,680,7493
1505,1660,508,7494
1505,1866,358,7495
1506,289,1001,7496
1506,505,496,7497
1506,666,1388,7498
1506,668,651,7499
1506,1530,611,7500
1506,1812,399,7501
1507,99,1133,7502
1507,347,1349,7503
1507,687,926,7504
1507,1223,524,7505
1507,1499,990,7506
1507,1668,1794,7507
1507,1787,505,7508
1508,1501,648,7509
1508,1523,1034,7510
1508,1652,698,7511
1508,1871,558,7512
1508,1893,680,7513
1509,798,1650,7514
1509,845,1897,7515
1509,1006,1564,7516
1509,1322,798,7517
1509,1434,1092,7518
1509,1441,140,7519
1510,16,889,7520
1510,17,307,7521
1510,581,907,7522
1510,1278,55,7523
1510,1320,43,7524
1510,1923,1540,7525
1511,37,1131,7526
1511,877,1550,7527
1511,1389,823,7528
1511,1428,734,7529
1512,10,535,7530
1512,148,210,7531
1512,237,194,7532
1512,267,1561,7533
1512,292,905,7534
1512,306,968,7535
1512,1118,1998,7536
1512,1809,1078,7537
1513,46,1009,7538
1513,311,1332,7539
1513,408,1633,7540
1513,642,1960,7541
1513,763,1662,7542
1513,1158,1376,7543
1513,1354,1947,7544
1513,1403,1868,7545
1513,1438,911,7546
1514,111,497,7547
1514,464,1400,7548
1514,797,648,7549
1514,1001,4,7550
1514,1725,612,7551
1514,1906,1457,7552
1515,42,884,7553
1515,525,1956,7554
1515,1312,893,7555
1516,107,1894,7556
1516,1257,1994,7557
1516,1342,858,7558
1516,1354,947,7559
1516,1668,814,7560
1516,1795,552,7561
1517,106,280,7562
1517,992,1555,7563
1517,1186,477,7564
1517,1201,490,7565
1518,298,33,7566
1518,563,501,7567
1518,1101,1787,7568
1518,1587,891,7569
1518,1859,1559,7570
1519,331,888,7571
1519,862,1077,7572
1519,1132,431,7573
1520,114,1710,7574
1520,764,786,7575
1520,818,858,7576
1520,1133,318,7577
1520,1171,1216,7578
1520,1325,1149,7579
1520,1477,838,7580
1520,1488,316,7581
1520,1582,1568,7582
1520,1700,1109,7583
1521,206,258,7584
1521,1097,1947,7585
1521,1426,1937,7586
1522,194,1468,7587
1522,286,1532,7588
1523,514,415,7589
1523,1435,1535,7590
1523,1749,1515,7591
1524,81,711,7592
1524,321,37,7593
1524,520,737,7594
1524,1381,180,7595
1524,1456,1150,7596
1524,1652,1339,7597
1524,1784,628,7598
1524,1950,1396,7599
1525,326,1743,7600
1525,464,1709,7601
1525,968,1444,7602
1525,1558,461,7603
1526,159,487,7604
1526,768,1588,7605
1526,1656,1015,7606
1526,1670,1573,7607
1527,14,1462,7608
1527,446,1184,7609
1527,817,1752,7610
1527,973,1885,7611
1527,1127,677,7612
1527,1494,1384,7613
1527,1755,1496,7614
1527,1786,1007,7615
1527,1897,166,7616
1528,321,1933,7617
1528,1012,782,7618
1528,1086,440,7619
1528,1800,279,7620
1528,1942,1540,7621
1529,535,1447,7622
1529,881,359,7623
1529,1237,531,7624
1529,1474,1745,7625
1529,1724,1715,7626
1530,87,1698,7627
1530,556,1670,7628
1530,1386,1839,7629
1531,173,1189,7630
1531,802,605,7631
1531,1084,756,7632
1531,1240,765,7633
1531,1855,1637,7634
1532,248,340,7635
1532,486,1398,7636
1532,939,1073,7637
1532,1523,483,7638
1532,1658,93,7639
1532,1848,356,7640
1532,1991,236,7641
1533,1302,1796,7642
1533,1701,1410,7643
1533,1702,1744,7644
1533,1790,1120,7645
1534,286,1329,7646
1534,316,1895,7647
1534,495,1503,7648
1534,618,865,7649
1534,690,494,7650
1534,829,1539,7651
1534,1104,106,7652
1535,253,1665,7653
1535,569,1422,7654
1535,706,500,7655
1535,1041,1684,7656
1536,303,1277,7657
1536,866,1777,7658
1536,920,1965,7659
1536,951,1167,7660
1536,1181,262,7661
1536,1253,1559,7662
1536,1608,329,7663
1536,1609,842,7664
1537,48,469,7665
1537,142,1008,7666
1537,778,47,7667
1537,1043,786,7668
1537,1595,572,7669
1538,355,1030,7670
1538,1006,656,7671
1538,1565,1598,7672
1538,1669,509,7673
1539,506,1720,7674
1539,546,1900,7675
1539,1277,1898,7676
1539,1479,713,7677
1540,116,1653,7678
1540,762,747,7679
1540,884,87,7680
1540,1329,18,7681
1540,1441,1656,7682
1540,1948,1703,7683
1541,252,1207,7684
1541,501,1550,7685
1541,598,534,7686
1541,679,1977,7687
1541,809,318,7688
1541,1103,1576,7689
1541,1266,1086,7690
1541,1449,927,7691
1541,1819,1654,7692
1542,25,1419,7693
1542,385,1466,7694
1542,1196,1818,7695
1543,338,1885,7696
1543,708,819,7697
1543,1104,1764,7698
1543,1542,424,7699
1543,1738,484,7700
1544,63,1944,7701
1544,330,132,7702
1544,732,637,7703
1544,1244,524,7704
1545,197,1602,7705
1545,733,1203,7706
1545,833,1231,7707
1545,849,738,7708
1545,1154,1556,7709
1545,1265,101,7710
1545,1829,688,7711
1546,417,846,7712
1546,479,879,7713
1546,1049,233,7714
1546,1873,280,7715
1547,831,620,7716
1547,1511,271,7717
1547,1514,286,7718
1547,1565,953,7719
1548,46,611,7720
1548,1527,1199,7721
1548,1616,1640,7722
1549,711,1649,7723
1549,783,414,7724
1549,865,1660,7725
1549,1207,465,7726
1549,1333,1927,7727
1549,1468,267,7728
1549,1802,1558,7729
1550,365,1952,7730
1551,595,1774,7731
1551,850,344,7732
1551,959,1479,7733
1551,1372,921,7734
1551,1961,1368,7735
1553,575,1393,7736
1553,643,220,7737
1553,998,887,7738
1553,1975,1924,7739
1554,493,1090,7740
1554,1342,154,7741
1554,1650,326,7742
1555,785,1782,7743
1555,999,1786,7744
1555,1280,122,7745
1555,1747,1732,7746
1556,105,416,7747
1556,659,943,7748
1556,1472,903,7749
1557,206,19,7750
1557,476,120,7751
1557,670,22,7752
1557,884,1378,7753
1557,1090,1568,7754
1557,1126,75,7755
1557,1630,502,7756
1557,1934,638,7757
1558,451,598,7758
1558,755,1481,7759
1559,544,1908,7760
1559,643,253,7761
1559,697,245,7762
1559,921,1366,7763
1559,1190,977,7764
1559,1719,655,7765
1559,1727,1384,7766
1559,1897,540,7767
1560,219,497,7768
1560,781,875,7769
1560,1036,1020,7770
1560,1286,72,7771
1560,1413,379,7772
1561,79,125,7773
1561,450,351,7774
1561,804,1102,7775
1561,854,11,7776
1561,863,161,7777
1561,1084,133,7778
1561,1329,160,7779
1561,1348,620,7780
1561,1420,1651,7781
1561,1925,827,7782
1562,712,1919,7783
1562,893,1960,7784
1562,1112,772,7785
1562,1261,1202,7786
1562,1605,228,7787
1562,1767,843,7788
1562,1795,905,7789
1562,1866,1779,7790
1562,1869,374,7791
1562,1877,196,7792
1562,1915,273,7793
1563,405,599,7794
1563,1052,74,7795
1563,1063,538,7796
1563,1121,369,7797
1563,1596,180,7798
1563,1986,700,7799
1564,224,1165,7800
1564,384,1082,7801
1564,488,738,7802
1564,825,749,7803
1564,1072,1850,7804
1565,4,770,7805
1565,13,844,7806
1565,93,1214,7807
1565,322,433,7808
1565,852,1241,7809
1565,870,514,7810
1565,1296,881,7811
1565,1638,1863,7812
1565,1875,1046,7813
1566,1461,1568,7814
1567,231,65,7815
1567,373,962,7816
1567,518,25,7817
1567,1179,779,7818
1567,1291,1971,7819
1567,1897,896,7820
1568,772,1424,7821
1568,1126,1896,7822
1568,1207,1876,7823
1568,1611,565,7824
1569,176,129,7825
1569,238,1214,7826
1569,389,1653,7827
1569,593,1326,7828
1569,606,1456,7829
1569,811,1609,7830
1569,995,393,7831
1569,1086,966,7832
1569,1756,241,7833
1570,235,1769,7834
1570,561,39,7835
1570,1196,476,7836
1570,1278,1172,7837
1570,1310,1613,7838
1570,1568,1132,7839
1570,1592,1504,7840
1570,1995,387,7841
1571,281,1565,7842
1571,413,1902,7843
1571,1010,516,7844
1571,1350,1394,7845
1571,1400,882,7846
1571,1522,1180,7847
1572,408,512,7848
1572,447,520,7849
1572,1126,55,7850
1573,149,932,7851
1573,297,1941,7852
1573,349,1868,7853
1573,430,1484,7854
1573,1255,1823,7855
1573,1412,1576,7856
1574,81,744,7857
1574,508,1346,7858
1574,883,447,7859
1574,1129,1476,7860
1574,1312,696,7861
1574,1471,329,7862
1575,838,1686,7863
1575,1344,512,7864
1575,1574,13,7865
1575,1785,201,7866
1576,139,1783,7867
1576,498,1551,7868
1576,565,1457,7869
1576,624,346,7870
1576,1409,604,7871
1576,1731,96,7872
1577,464,1531,7873
1577,533,1350,7874
1577,613,577,7875
1577,767,1053,7876
1577,1215,313,7877
1577,1282,1350,7878
1577,1626,1553,7879
1577,1765,266,7880
1577,1813,218,7881
1577,1929,1429,7882
1578,18,1293,7883
1578,192,1067,7884
1578,937,793,7885
1578,1105,1710,7886
1578,1400,1431,7887
1578,1768,1120,7888
1579,747,1633,7889
1579,1111,605,7890
1579,1181,542,7891
1579,1996,907,7892
1580,661,535,7893
1580,1177,587,7894
1580,1287,1225,7895
1580,1448,632,7896
1580,1711,41,7897
1581,336,888,7898
1581,462,1496,7899
1581,727,55,7900
1581,1024,1817,7901
1581,1266,604,7902
1581,1747,1212,7903
1581,1776,1476,7904
1582,913,1530,7905
1582,974,1417,7906
1582,1496,988,7907
1582,1589,400,7908
1582,1617,1749,7909
1583,153,886,7910
1583,636,1740,7911
1583,1652,641,7912
1583,1884,1901,7913
1584,419,283,7914
1584,1200,1531,7915
1584,1665,1542,7916
1585,340,1230,7917
1585,551,1953,7918
1585,1691,657,7919
1586,625,997,7920
1586,990,952,7921
1586,1359,1755,7922
1587,642,1896,7923
1587,1307,1536,7924
1588,298,301,7925
1588,579,779,7926
1588,670,293,7927
1588,766,10,7928
1588,1228,1268,7929
1588,1662,485,7930
1588,1662,824,7931
1589,366,1754,7932
1589,715,719,7933
1589,1306,1036,7934
1589,1984,880,7935
1590,1862,834,7936
1590,1928,1162,7937
1591,127,783,7938
1591,1441,1750,7939
1592,120,970,7940
1592,395,1620,7941
1592,539,46,7942
1592,884,1370,7943
1592,1067,992,7944
1592,1294,783,7945
1593,782,1029,7946
1593,1622,691,7947
1593,1836,502,7948
1594,222,1562,7949
1594,849,229,7950
1594,870,448,7951
1594,1198,1920,7952
1594,1206,1083,7953
1595,165,998,7954
1595,173,1484,7955
1595,218,245,7956
1595,808,1785,7957
1595,947,1133,7958
1595,999,519,7959
1595,1131,1475,7960
1595,1402,951,7961
1596,237,1751,7962
1596,620,1811,7963
1596,1047,153,7964
1596,1094,952,7965
1597,55,1587,7966
1597,159,1973,7967
1597,310,1152,7968
1597,1129,1310,7969
1598,151,567,7970
1598,582,727,7971
1598,936,1158,7972
1598,1345,607,7973
1599,1012,1141,7974
1599,1350,798,7975
1599,1492,1255,7976
1599,1663,1608,7977
1599,1670,352,7978
1600,390,1467,7979
1600,859,230,7980
1600,992,704,7981
1600,1250,1248,7982
1600,1320,1423,7983
1600,1916,1571,7984
1600,1984,542,7985
1601,502,1100,7986
1601,545,589,7987
1601,848,1345,7988
1601,1640,405,7989
1601,1661,401,7990
1601,1757,1940,7991
1602,40,113,7992
1602,261,126,7993
1602,561,392,7994
1602,1059,610,7995
1602,1793,1707,7996
1602,1906,843,7997
1603,53,929,7998
1603,1658,211,7999
1603,1684,1476,8000
1603,1982,291,8001
1604,448,1803,8002
1604,922,1004,8003
1604,1414,973,8004
1604,1753,1179,8005
1604,1831,1103,8006
1605,97,664,8007
1605,301,831,8008
1605,329,1977,8009
1605,773,1342,8010
1605,869,833,8011
1605,919,479,8012
1605,1207,863,8013
1605,1267,744,8014
1605,1298,315,8015
1605,1452,1766,8016
1605,1607,931,8017
1606,891,1161,8018
1606,1039,1450,8019
1606,1631,1635,8020
1606,1918,296,8021
1607,727,1575,8022
1607,974,1856,8023
1608,59,993,8024
1608,170,729,8025
1608,1439,1205,8026
1608,1759,1028,8027
1609,453,1458,8028
1609,585,1776,8029
1609,693,1640,8030
1609,1074,652,8031
1609,1432,1456,8032
1609,1637,1020,8033
1610,34,1581,8034
1610,170,726,8035
1610,326,1323,8036
1610,642,893,8037
1610,807,303,8038
1610,1578,588,8039
1610,1710,1306,8040
1611,17,666,8041
1611,285,1642,8042
1611,421,502,8043
1611,496,1188,8044
1611,574,1136,8045
1611,1156,420,8046
1611,1404,617,8047
1611,1557,81,8048
1612,253,1114,8049
1612,700,1115,8050
1612,922,1432,8051
1612,1151,363,8052
1612,1291,1532,8053
1612,1812,227,8054
1613,888,776,8055
1613,1014,381,8056
1613,1039,547,8057
1613,1073,1839,8058
1614,24,230,8059
1614,207,1039,8060
1614,487,1205,8061
1614,648,781,8062
1614,1266,1335,8063
1614,1447,588,8064
1614,1965,110,8065
1615,188,723,8066
1615,853,1596,8067
1615,902,68,8068
1615,1762,1807,8069
1615,1769,1183,8070
1616,348,1837,8071
1616,497,18,8072
1616,1627,1306,8073
1616,1864,86,8074
1617,393,176,8075
1617,810,1422,8076
1617,1103,390,8077
1617,1172,1126,8078
1617,1574,780,8079
1617,1645,568,8080
1618,138,630,8081
1618,990,93,8082
1618,1334,254,8083
1618,1411,1483,8084
1619,380,732,8085
1619,604,1162,8086
1619,1195,1330,8087
1619,1983,736,8088
1620,64,676,8089
1620,219,257,8090
1620,286,507,8091
1620,292,291,8092
1620,299,281,8093
1620,325,134,8094
1620,408,1814,8095
1620,1188,1773,8096
1620,1280,1207,8097
1620,1878,1509,8098
1620,1941,117,8099
1621,14,769,8100
1621,128,971,8101
1621,175,641,8102
1621,228,1478,8103
1621,474,1465,8104
1621,1663,777,8105
1622,31,747,8106
1622,609,800,8107
1622,1393,864,8108
1622,1996,1754,8109
1623,62,1802,8110
1623,368,348,8111
1623,801,397,8112
1623,954,413,8113
1623,987,1816,8114
1623,1107,1317,8115
1623,1549,885,8116
1623,1568,289,8117
1624,455,1489,8118
1624,1098,1163,8119
1624,1177,512,8120
1624,1569,1203,8121
1625,199,934,8122
1625,618,811,8123
1625,620,636,8124
1625,987,40,8125
1626,405,373,8126
1626,550,185,8127
1626,827,85,8128
1626,1214,370,8129
1626,1734,633,8130
1627,424,1613,8131
1627,997,1553,8132
1627,1397,740,8133
1627,1494,1589,8134
1627,1802,1574,8135
1628,812,161,8136
1628,837,1378,8137
1628,931,1160,8138
1628,1477,560,8139
1628,1784,466,8140
1628,1837,1144,8141
1628,1862,849,8142
1629,44,847,8143
1629,587,699,8144
1629,1102,1185,8145
1629,1416,681,8146
1630,114,600,8147
1630,128,1182,8148
1630,562,1211,8149
1630,881,216,8150
1630,1159,1602,8151
1630,1935,232,8152
1631,178,617,8153
1631,745,1645,8154
1631,1422,259,8155
1631,1608,1999,8156
1631,1633,1739,8157
1632,72,1322,8158
1632,341,231,8159
1632,1063,546,8160
1632,1282,1915,8161
1633,529,697,8162
1633,705,1667,8163
1633,795,726,8164
1634,98,1703,8165
1634,105,1243,8166
1634,504,1460,8167
1634,603,592,8168
1634,669,1618,8169
1634,828,1483,8170
1634,947,1191,8171
1634,1187,639,8172
1634,1426,1682,8173
1635,156,1615,8174
1635,1174,285,8175
1635,1255,942,8176
1636,399,13,8177
1636,1572,741,8178
1636,1926,111,8179
1637,577,406,8180
1637,753,894,8181
1637,1080,1765,8182
1637,1397,1947,8183
1637,1988,1729,8184
1638,44,796,8185
1638,646,844,8186
1638,1259,763,8187
1638,1279,1360,8188
1638,1853,1163,8189
1639,609,1881,8190
1639,643,251,8191
1639,1873,419,8192
1640,169,1489,8193
1640,437,386,8194
1640,885,1507,8195
1640,1058,1199,8196
1640,1238,283,8197
1640,1308,124,8198
1640,1535,1391,8199
1641,485,1595,8200
1641,539,883,8201
1641,708,939,8202
1641,978,615,8203
1641,1407,1425,8204
1641,1767,527,8205
1641,1894,1097,8206
1642,547,49,8207
1642,1371,1769,8208
1643,201,522,8209
1643,850,1481,8210
1643,1165,1389,8211
1643,1225,1453,8212
1643,1645,560,8213
1643,1729,1778,8214
1643,1860,922,8215
1644,905,1276,8216
1644,1041,912,8217
1644,1049,1748,8218
1644,1479,961,8219
1644,1871,1462,8220
1644,1980,378,8221
1645,161,1524,8222
1645,906,591,8223
1645,1237,1715,8224
1645,1259,300,8225
1646,1061,585,8226
1647,218,1521,8227
1647,299,594,8228
1647,415,872,8229
1647,952,1845,8230
1647,1018,649,8231
1647,1141,749,8232
1647,1559,1203,8233
1647,1985,1624,8234
1648,74,423,8235
1648,110,1740,8236
1648,183,904,8237
1648,1653,1402,8238
1648,1712,1978,8239
1648,1769,1001,8240
1648,1822,1553,8241
1648,1931,625,8242
1649,121,1167,8243
1649,201,899,8244
1649,512,1620,8245
1649,614,294,8246
1649,1286,1524,8247
1649,1364,1870,8248
1649,1527,1191,8249
1649,1929,292,8250
1650,19,361,8251
1650,66,1367,8252
1650,209,211,8253
1650,896,1834,8254
1650,994,497,8255
1650,1305,434,8256
1650,1518,1388,8257
1650,1714,212,8258
1650,1979,1689,8259
1651,267,697,8260
1651,407,301,8261
1651,604,1528,8262
1651,725,147,8263
1651,1887,635,8264
1652,25,329,8265
1652,88,1494,8266
1652,879,557,8267
1652,1339,1083,8268
1652,1609,774,8269
1652,1678,456,8270
1652,1905,481,8271
1653,72,708,8272
1653,300,1761,8273
1653,878,1730,8274
1653,900,871,8275
1653,1509,1784,8276
1653,1515,769,8277
1653,1562,1791,8278
1653,1587,307,8279
1654,24,1235,8280
1654,49,1213,8281
1654,51,1510,8282
1654,318,1098,8283
1654,641,1046,8284
1654,769,1780,8285
1654,1304,1199,8286
1654,1968,400,8287
1655,26,1070,8288
1655,394,258,8289
1655,477,457,8290
1655,1180,781,8291
1655,1470,452,8292
1655,1883,1102,8293
1656,550,845,8294
1656,660,879,8295
1656,1926,1808,8296
1657,1304,1,8297
1657,1352,858,8298
1657,1780,13,8299
1658,0,1550,8300
1658,527,704,8301
1658,740,1521,8302
1658,1017,767,8303
1659,400,1732,8304
1659,926,734,8305
1659,1369,371,8306
1659,1538,1869,8307
1659,1580,1245,8308
1660,263,1651,8309
1660,362,1805,8310
1660,1396,1630,8311
1660,1857,1456,8312
1661,676,1475,8313
1661,1070,1312,8314
1661,1532,449,8315
1662,126,1281,8316
1662,1459,1124,8317
1662,1913,521,8318
1664,116,156,8319
1664,153,44,8320
1664,302,1229,8321
1664,659,34,8322
1664,1019,949,8323
1664,1191,1185,8324
1664,1258,1490,8325
1664,1435,40,8326
1664,1643,1883,8327
1665,261,1372,8328
1665,740,1292,8329
1665,1121,1510,8330
1665,1127,805,8331
1665,1429,1380,8332
1666,383,1502,8333
1666,520,975,8334
1666,670,1912,8335
1666,745,33,8336
1666,852,306,8337
1666,870,303,8338
1666,1082,1656,8339
1666,1379,1445,8340
1667,435,380,8341
1667,847,1900,8342
1667,944,697,8343
1667,1253,685,8344
1667,1519,677,8345
1667,1677,911,8346
1668,359,774,8347
1668,391,48,8348
1668,821,856,8349
1668,1086,1034,8350
1669,262,212,8351
1669,701,374,8352
1669,725,547,8353
1669,806,1471,8354
1669,1112,969,8355
1669,1464,1173,8356
1669,1552,1736,8357
1670,334,629,8358
1670,566,463,8359
1670,669,1526,8360
1670,777,313,8361
1671,388,702,8362
1671,1613,290,8363
1671,1622,421,8364
1671,1849,1100,8365
1672,490,1927,8366
1672,923,1811,8367
1672,1609,804,8368
1672,1776,999,8369
1672,1880,942,8370
1673,246,1761,8371
1673,443,1629,8372
1673,596,1412,8373
1674,217,233,8374
1674,567,953,8375
1674,587,713,8376
1674,621,739,8377
1674,807,1407,8378
1674,880,163,8379
1674,1005,385,8380
1674,1462,1631,8381
1675,244,764,8382
1675,693,1746,8383
1675,952,223,8384
1675,1368,99,8385
1676,268,1891,8386
1676,1273,1256,8387
1676,1398,704,8388
1676,1442,414,8389
1676,1746,22,8390
1677,335,1975,8391
1677,1736,1629,8392
1678,91,485,8393
1678,131,920,8394
1678,237,107,8395
1678,510,1000,8396
1678,539,1109,8397
1678,804,448,8398
1679,205,1688,8399
1679,589,28,8400
1679,921,787,8401
1679,1518,1228,8402
1679,1918,1043,8403
1680,5,579,8404
1680,967,1115,8405
1680,1206,1098,8406
1680,1335,311,8407
1680,1571,372,8408
1681,115,1055,8409
1681,458,952,8410
1681,567,1046,8411
1682,314,647,8412
1682,348,1607,8413
1682,466,1865,8414
1682,551,1180,8415
1682,580,1939,8416
1682,920,489,8417
1682,1000,1979,8418
1682,1176,1895,8419
1682,1394,496,8420
1682,1831,1304,8421
1682,1889,393,8422
1683,97,1039,8423
1683,755,1626,8424
1683,1187,1551,8425
1683,1769,1397,8426
1683,1921,1057,8427
1684,328,1565,8428
1684,374,396,8429
1684,709,1603,8430
1684,910,310,8431
1684,1284,302,8432
1684,1307,1925,8433
1684,1549,85,8434
1684,1549,482,8435
1685,1220,245,8436
1685,1594,739,8437
1685,1846,230,8438
1686,294,26,8439
1686,751,1110,8440
1686,820,762,8441
1686,1985,1686,8442
1687,579,1488,8443
1687,727,397,8444
1687,931,187,8445
1687,1355,1280,8446
1687,1520,1921,8447
1687,1660,1322,8448
1687,1690,1401,8449
1688,706,1506,8450
1688,1165,1886,8451
1688,1419,811,8452
1688,1563,591,8453
1689,91,210,8454
1689,1080,599,8455
1689,1271,988,8456
1689,1559,1027,8457
1689,1839,689,8458
1690,111,1672,8459
1690,425,100,8460
1690,428,1109,8461
1690,447,1560,8462
1690,1187,1543,8463
1690,1214,252,8464
1691,13,743,8465
1691,186,1621,8466
1691,686,1060,8467
1691,1486,662,8468
1692,286,1825,8469
1692,291,146,8470
1692,618,1709,8471
1692,1451,999,8472
1693,572,1843,8473
1693,875,1055,8474
1693,1433,731,8475
1694,373,209,8476
1694,970,1025,8477
1694,1438,505,8478
1694,1976,173,8479
1695,1439,70,8480
1695,1486,122,8481
1695,1589,1393,8482
1695,1693,256,8483
1695,1760,1831,8484
1696,774,451,8485
1696,798,38,8486
1696,1043,1090,8487
1696,1077,527,8488
1696,1110,872,8489
1696,1684,1485,8490
1697,441,1013,8491
1697,941,1448,8492
1698,390,105,8493
1698,566,90,8494
1698,1272,888,8495
1698,1287,1266,8496
1698,1292,1407,8497
1698,1684,1394,8498
1698,1798,854,8499
1699,461,1866,8500
1699,684,1562,8501
1699,826,138,8502
1699,967,1425,8503
1699,1006,1606,8504
1699,1445,1718,8505
1699,1956,1748,8506
1700,841,1230,8507
1700,1131,1314,8508
1701,895,187,8509
1701,929,604,8510
1701,1284,497,8511
1702,284,1554,8512
1702,1240,1759,8513
1702,1418,141,8514
1702,1418,1579,8515
1702,1628,1908,8516
1703,174,190,8517
1703,208,815,8518
1703,349,75,8519
1703,796,1605,8520
1703,1104,1742,8521
1703,1475,768,8522
1703,1652,629,8523
1704,111,1682,8524
1704,163,958,8525
1704,424,1168,8526
1704,539,508,8527
1704,1378,1123,8528
1704,1671,1375,8529
1705,397,606,8530
1705,867,1392,8531
1705,1035,908,8532
1705,1412,1380,8533
1705,1851,1849,8534
1706,841,45,8535
1706,1087,390,8536
1707,568,1456,8537
1707,802,104,8538
1707,1563,792,8539
1708,498,517,8540
1708,622,159,8541
1708,747,333,8542
1708,1218,528,8543
1708,1303,967,8544
1708,1421,1833,8545
1708,1732,244,8546
1708,1941,768,8547
1709,511,1712,8548
1709,575,1531,8549
1709,726,777,8550
1709,988,967,8551
1709,1210,456,8552
1710,385,558,8553
1710,467,1075,8554
1710,1700,1360,8555
1710,1818,1894,8556
1711,159,1058,8557
1711,789,1412,8558
1711,1787,496,8559
1712,541,1735,8560
1712,1413,1432,8561
1713,1853,1023,8562
1714,157,407,8563
1714,947,571,8564
1714,1132,325,8565
1714,1426,1179,8566
1714,1431,1399,8567
1714,1708,265,8568
1715,823,91,8569
1715,1015,1541,8570
1715,1367,1371,8571
1715,1797,1282,8572
1715,1831,529,8573
1716,54,1201,8574
1716,280,1286,8575
1716,898,848,8576
1716,905,1242,8577
1716,969,1071,8578
1716,1097,810,8579
1716,1625,1316,8580
1717,36,1243,8581
1717,155,697,8582
1717,1041,1545,8583
1718,1164,861,8584
1718,1289,197,8585
1718,1450,1418,8586
1718,1572,1662,8587
1718,1692,1143,8588
1719,653,923,8589
1719,766,1149,8590
1719,899,331,8591
1719,1281,740,8592
1719,1420,1796,8593
1720,854,315,8594
1720,1005,314,8595
1721,135,743,8596
1721,396,1852,8597
1721,1045,576,8598
1721,1672,1062,8599
1721,1741,1097,8600
1722,681,1469,8601
1722,778,302,8602
1722,909,462,8603
1722,941,1557,8604
1722,1643,974,8605
1722,1747,1645,8606
1723,158,1672,8607
1723,330,349,8608
1723,512,1673,8609
1723,574,1758,8610
1723,1093,585,8611
1723,1143,1353,8612
1723,1308,1039,8613
1723,1514,1356,8614
1724,384,1008,8615
1724,438,1956,8616
1724,611,236,8617
1724,706,111,8618
1724,1123,911,8619
1724,1282,1757,8620
1725,287,483,8621
1725,1482,1500,8622
1726,804,92,8623
1726,1339,1377,8624
1726,1573,1589,8625
1726,1690,796,8626
1727,1127,132,8627
1727,1863,1350,8628
1727,1893,737,8629
1728,827,251,8630
1728,891,840,8631
1728,1095,1990,8632
1729,80,1596,8633
1729,1023,1754,8634
1729,1139,446,8635
1730,636,670,8636
1730,761,844,8637
1730,1082,882,8638
1730,1350,1410,8639
1731,832,452,8640
1731,1010,468,8641
1732,161,513,8642
1732,384,878,8643
1732,1238,960,8644
1732,1677,1603,8645
1732,1801,1581,8646
1733,36,1922,8647
1733,488,118,8648
1734,152,1935,8649
1734,537,1552,8650
1734,1216,1404,8651
1734,1348,1793,8652
1734,1500,678,8653
1734,1535,149,8654
1735,167,836,8655
1735,691,61,8656
1735,1294,1254,8657
1735,1698,1656,8658
1735,1799,1080,8659
1736,255,1474,8660
1736,1062,1189,8661
1736,1335,615,8662
1736,1388,47,8663
1736,1420,133,8664
1737,658,1548,8665
1737,1506,1489,8666
1737,1520,96,8667
1738,1312,1980,8668
1738,1857,146,8669
1739,791,913,8670
1739,1841,1858,8671
1740,252,198,8672
1740,358,850,8673
1740,781,822,8674
1740,824,976,8675
1740,1794,1989,8676
1741,129,1629,8677
1741,644,32,8678
1741,1165,351,8679
1741,1345,1906,8680
1741,1716,420,8681
1741,1870,330,8682
1741,1918,76,8683
1741,1978,1833,8684
1742,35,742,8685
1742,665,372,8686
1742,677,1635,8687
1742,979,1638,8688
1742,1032,958,8689
1743,241,963,8690
1743,322,1457,8691
1743,1073,1800,8692
1743,1364,987,8693
1743,1449,972,8694
1743,1538,1909,8695
1743,1542,71,8696
1743,1552,1823,8697
1743,1605,569,8698
1744,205,742,8699
1744,464,823,8700
1744,502,1701,8701
1744,672,1745,8702
1744,953,939,8703
1745,316,616,8704
1745,426,333,8705
1745,532,322,8706
1745,602,127,8707
1745,693,1361,8708
1745,836,225,8709
1745,943,1174,8710
1746,63,1268,8711
1746,175,230,8712
1746,184,641,8713
1746,540,1035,8714
1746,596,489,8715
1746,1856,1408,8716
1747,169,206,8717
1747,215,595,8718
1747,739,1853,8719
1747,1725,1464,8720
1747,1890,1346,8721
1748,1171,1597,8722
1748,1199,1320,8723
1748,1462,71,8724
1748,1922,661,8725
1749,52,98,8726
1749,170,1554,8727
1749,308,281,8728
1749,820,572,8729
1749,1065,904,8730
1749,1625,499,8731
1750,1097,867,8732
1750,1210,1288,8733
1751,184,1259,8734
1751,351,1569,8735
1751,876,386,8736
1751,1769,1350,8737
1752,421,1423,8738
1752,456,1196,8739
1752,1167,535,8740
1753,780,401,8741
1753,1178,208,8742
1753,1238,266,8743
1753,1257,1143,8744
1753,1821,255,8745
1754,142,1832,8746
1754,565,1064,8747
1754,671,303,8748
1754,745,1589,8749
1754,1421,291,8750
1754,1467,1033,8751
1755,203,179,8752
1755,257,1299,8753
1755,891,1144,8754
1755,1108,1961,8755
1755,1481,1534,8756
1755,1643,1658,8757
1756,72,1132,8758
1756,1044,297,8759
1756,1253,989,8760
1756,1739,723,8761
1757,178,1940,8762
1757,414,570,8763
1757,1023,258,8764
1757,1425,1402,8765
1758,296,266,8766
1758,451,908,8767
1758,892,570,8768
1758,1162,97,8769
1758,1514,1501,8770
1758,1646,145,8771
1759,54,428,8772
1759,1347,1263,8773
1760,1107,1119,8774
1760,1333,1995,8775
1760,1470,469,8776
1760,1836,171,8777
1760,1862,1032,8778
1760,1863,841,8779
1761,444,177,8780
1761,712,242,8781
1761,1086,1075,8782
1761,1374,153,8783
1762,683,422,8784
1762,747,1967,8785
1762,1284,144,8786
1762,1782,907,8787
1763,125,906,8788
1763,1455,1249,8789
1763,1557,139,8790
1763,1633,785,8791
1763,1834,1263,8792
1764,223,509,8793
1764,1025,1495,8794
1764,1408,1483,8795
1764,1753,1127,8796
1765,173,156,8797
1765,531,383,8798
1765,641,1179,8799
1765,907,701,8800
1765,949,174,8801
1765,1672,178,8802
1765,1912,47,8803
1766,13,1988,8804
1766,360,386,8805
1766,828,1645,8806
1766,1002,1080,8807
1766,1382,1599,8808
1766,1465,369,8809
1766,1558,1105,8810
1766,1564,1622,8811
1766,1600,985,8812
1767,25,500,8813
1767,480,810,8814
1767,1207,114,8815
1767,1289,1068,8816
1767,1658,1480,8817
1768,788,25,8818
1768,865,1163,8819
1768,1070,76,8820
1768,1589,115,8821
1769,58,166,8822
1769,142,565,8823
1769,564,1719,8824
1769,1074,1826,8825
1769,1493,110,8826
1770,391,1530,8827
1770,1602,1539,8828
1771,742,494,8829
1771,1053,1689,8830
1771,1099,1834,8831
1771,1576,573,8832
1771,1847,1727,8833
1771,1929,1003,8834
1772,422,266,8835
1772,440,880,8836
1772,577,1129,8837
1772,735,1949,8838
1772,1398,1195,8839
1772,1847,327,8840
1773,578,1584,8841
1773,748,1751,8842
1773,875,1602,8843
1774,52,269,8844
1774,89,419,8845
1774,206,778,8846
1774,1515,1353,8847
1775,130,1844,8848
1775,211,227,8849
1775,484,1756,8850
1775,800,780,8851
1775,945,372,8852
1775,1222,1088,8853
1775,1343,259,8854
1775,1594,1677,8855
1776,1075,686,8856
1776,1702,1226,8857
1776,1809,1329,8858
1777,107,531,8859
1777,246,1781,8860
1777,706,997,8861
1777,872,1196,8862
1777,1270,1051,8863
1777,1383,1514,8864
1777,1433,376,8865
1778,1388,1074,8866
1778,1541,1005,8867
1779,1585,1734,8868
1779,1744,76,8869
1780,69,1707,8870
1780,108,678,8871
1780,182,223,8872
1780,281,1907,8873
1780,338,153,8874
1780,386,1428,8875
1780,1673,1988,8876
1780,1740,1361,8877
1780,1857,681,8878
1781,293,1159,8879
1781,568,1165,8880
1781,1006,143,8881
1782,323,61,8882
1782,421,634,8883
1782,645,1901,8884
1782,693,1647,8885
1782,1051,1989,8886
1782,1280,611,8887
1782,1294,305,8888
1782,1861,1264,8889
1783,420,1865,8890
1783,656,1598,8891
1783,783,1269,8892
1783,1077,1309,8893
1783,1340,1986,8894
1783,1875,380,8895
1784,11,549,8896
1784,323,1982,8897
1784,859,1074,8898
1784,1562,55,8899
1784,1658,383,8900
1784,1719,1409,8901
1785,178,682,8902
1785,295,1871,8903
1785,385,480,8904
1785,458,1908,8905
1785,837,902,8906
1785,1379,217,8907
1785,1547,1301,8908
1785,1953,1775,8909
1786,79,1758,8910
1786,931,890,8911
1786,1242,866,8912
1786,1896,592,8913
1786,1931,450,8914
1786,1981,299,8915
1787,258,1743,8916
1787,512,106,8917
1787,781,1067,8918
1787,1281,1405,8919
1788,64,413,8920
1788,86,382,8921
1788,248,1747,8922
1788,363,819,8923
1788,550,1501,8924
1788,677,1609,8925
1788,1153,1710,8926
1788,1474,511,8927
1788,1505,273,8928
1788,1619,105,8929
1789,149,385,8930
1789,308,1207,8931
1789,888,1512,8932
1789,1055,1237,8933
1789,1072,635,8934
1789,1362,1927,8935
1789,1458,924,8936
1789,1493,1350,8937
1790,80,1745,8938
1790,272,1313,8939
1790,1098,305,8940
1790,1148,179,8941
1790,1440,830,8942
1791,0,662,8943
1791,88,1428,8944
1791,113,1065,8945
1791,490,358,8946
1791,956,344,8947
1791,1190,236,8948
1791,1326,1537,8949
1792,212,555,8950
1792,241,302,8951
1792,462,901,8952
1792,557,1944,8953
1792,559,1181,8954
1792,598,1368,8955
1792,1073,701,8956
1793,281,247,8957
1793,341,1097,8958
1793,660,1647,8959
1793,685,303,8960
1793,1064,1992,8961
1793,1442,1611,8962
1794,929,31,8963
1794,1101,1665,8964
1794,1171,1607,8965
1794,1569,1265,8966
1794,1885,1923,8967
1794,1893,1490,8968
1794,1989,749,8969
1795,76,18,8970
1795,561,191,8971
1795,1113,836,8972
1795,1143,370,8973
1796,673,274,8974
1796,1283,1390,8975
1796,1793,1397,8976
1797,86,1797,8977
1797,841,540,8978
1797,1605,1088,8979
1797,1735,865,8980
1798,275,541,8981
1798,860,190,8982
1798,974,977,8983
1798,1006,1831,8984
1798,1110,1178,8985
1798,1161,1939,8986
1798,1419,277,8987
1800,1241,124,8988
1800,1401,787,8989
1800,1901,1619,8990
1801,298,1489,8991
1801,737,458,8992
1801,776,569,8993
1801,1260,643,8994
1801,1348,541,8995
1801,1663,1570,8996
1802,247,1064,8997
1802,759,1154,8998
1802,945,664,8999
1802,1385,555,9000
1802,1992,847,9001
1803,195,786,9002
1803,229,1026,9003
1803,311,334,9004
1803,356,1491,9005
1803,687,1506,9006
1803,1430,992,9007
1803,1535,151,9008
1804,38,1285,9009
1804,157,349,9010
1804,534,731,9011
1804,1071,1492,9012
1805,753,1042,9013
1805,818,1027,9014
1805,888,1798,9015
1805,923,499,9016
1805,1600,104,9017
1805,1891,1667,9018
1805,1987,1008,9019
1806,197,1632,9020
1806,207,782,9021
1806,284,900,9022
1806,328,753,9023
1806,990,1720,9024
1806,1271,1392,9025
1806,1331,618,9026
1807,832,1750,9027
1807,1169,1180,9028
1807,1270,1432,9029
1807,1321,1538,9030
1808,38,1269,9031
1808,162,1713,9032
1808,310,874,9033
1808,600,1480,9034
1808,1098,409,9035
1809,408,362,9036
1809,436,1358,9037
1809,546,1556,9038
1809,1248,476,9039
1809,1607,88,9040
1809,1782,1452,9041
1809,1820,32,9042
1810,413,1946,9043
1810,937,178,9044
1810,1396,1936,9045
1810,1408,651,9046
1811,439,377,9047
1811,441,1653,9048
1811,1168,459,9049
1811,1246,1171,9050
1811,1632,1076,9051
1812,79,1887,9052
1812,416,739,9053
1812,1281,191,9054
1812,1295,896,9055
1813,184,812,9056
1813,447,841,9057
1813,695,174,9058
1813,781,756,9059
1813,849,1341,9060
1813,868,1014,9061
1813,1046,399,9062
1813,1764,740,9063
1814,503,773,9064
1814,1001,428,9065
1814,1394,1435,9066
1815,241,1579,9067
1815,687,914,9068
1815,757,141,9069
1815,1222,1976,9070
1816,217,267,9071
1816,581,852,9072
1817,106,1768,9073
1817,505,875,9074
1817,673,53,9075
1817,1114,1278,9076
1817,1186,909,9077
1817,1635,601,9078
1817,1662,1600,9079
1818,678,800,9080
1818,1629,724,9081
1819,1847,792,9082
1820,772,1170,9083
1820,832,1323,9084
1820,1284,1117,9085
1820,1707,122,9086
1821,116,892,9087
1821,398,1024,9088
1821,761,1154,9089
1821,819,1522,9090
1821,1082,1209,9091
1821,1800,678,9092
1821,1922,274,9093
1822,642,1297,9094
1822,1223,1071,9095
1822,1742,1603,9096
1823,328,1875,9097
1823,389,221,9098
1823,702,645,9099
1823,1479,381,9100
1823,1668,60,9101
1823,1811,1727,9102
1824,519,734,9103
1824,1105,1101,9104
1824,1459,1585,9105
1825,523,231,9106
1825,902,1446,9107
1825,1213,1289,9108
1825,1280,698,9109
1825,1335,1745,9110
1825,1352,1160,9111
1825,1367,1116,9112
1825,1581,1207,9113
1826,659,1550,9114
1826,898,1501,9115
1826,922,936,9116
1826,1255,111,9117
1827,38,1739,9118
1827,345,132,9119
1827,381,522,9120
1827,453,1459,9121
1827,786,1547,9122
1827,1116,178,9123
1827,1265,1737,9124
1827,1881,77,9125
1828,337,646,9126
1828,589,854,9127
1828,1382,1090,9128
1828,1537,1762,9129
1829,428,191,9130
1829,1345,1269,9131
1829,1739,1291,9132
1830,1082,279,9133
1830,1105,966,9134
1830,1615,1424,9135
1831,63,423,9136
1831,141,1912,9137
1831,896,1956,9138
1831,1174,551,9139
1831,1397,1561,9140
1831,1425,1119,9141
1832,116,806,9142
1832,415,925,9143
1832,1353,542,9144
1833,97,372,9145
1833,178,1021,9146
1833,481,1477,9147
1833,771,1744,9148
1833,1114,822,9149
1833,1383,1310,9150
1833,1626,507,9151
1834,84,921,9152
1834,88,1238,9153
1834,232,47,9154
1834,593,1985,9155
1834,808,1676,9156
1834,969,1343,9157
1834,1092,1880,9158
1834,1660,1594,9159
1835,227,1424,9160
1835,913,1955,9161
1836,98,349,9162
1836,189,1913,9163
1836,205,286,9164
1836,336,1008,9165
1836,1201,1765,9166
1836,1459,1834,9167
1836,1546,1564,9168
1836,1920,1586,9169
1837,210,799,9170
1837,296,429,9171
1837,662,92,9172
1837,705,1966,9173
1837,777,29,9174
1837,1149,1550,9175
1837,1176,1779,9176
1837,1249,1129,9177
1837,1260,1850,9178
1837,1310,1889,9179
1837,1335,767,9180
1837,1731,1064,9181
1838,451,999,9182
1838,454,608,9183
1838,533,804,9184
1838,697,728,9185
1838,776,1679,9186
1838,1625,1955,9187
1839,10,855,9188
1839,579,1678,9189
1839,1099,901,9190
1839,1334,394,9191
1840,214,1047,9192
1840,245,618,9193
1840,269,1966,9194
1840,476,1150,9195
1840,732,430,9196
1840,1072,1862,9197
1840,1460,911,9198
1840,1485,1786,9199
1840,1697,336,9200
1841,83,1750,9201
1841,165,659,9202
1841,701,1263,9203
1841,1412,1439,9204
1841,1452,1006,9205
1841,1714,703,9206
1841,1910,1630,9207
1841,1969,1878,9208
1842,60,686,9209
1842,116,1649,9210
1842,269,671,9211
1842,598,925,9212
1842,891,1335,9213
1842,1059,924,9214
1842,1144,1747,9215
1842,1326,1159,9216
1842,1849,526,9217
1843,615,1038,9218
1843,691,1600,9219
1843,948,1122,9220
1843,1391,1669,9221
1843,1861,849,9222
1844,110,470,9223
1844,465,1850,9224
1844,1824,1939,9225
1844,1898,1038,9226
1845,69,660,9227
1845,164,1061,9228
1845,388,1672,9229
1845,1145,1853,9230
1845,1908,1211,9231
1845,1965,1630,9232
1846,760,1487,9233
1846,877,700,9234
1846,1319,115,9235
1846,1991,975,9236
1847,107,367,9237
1847,260,1977,9238
1847,444,1861,9239
1847,1620,1000,9240
1847,1663,755,9241
1848,81,1965,9242
1848,785,1569,9243
1848,1446,1075,9244
1849,271,1070,9245
1849,615,1723,9246
1849,1383,103,9247
1849,1546,1302,9248
1850,510,1999,9249
1850,1236,863,9250
1850,1328,338,9251
1850,1402,1235,9252
1850,1486,704,9253
1850,1709,1909,9254
1851,200,1828,9255
1851,646,992,9256
1851,651,1059,9257
1852,524,1319,9258
1852,629,1680,9259
1852,962,778,9260
1852,1364,1627,9261
1852,1603,600,9262
1853,313,1896,9263
1853,1087,462,9264
1853,1240,71,9265
1854,64,1760,9266
1854,361,1582,9267
1854,1051,301,9268
1855,341,106,9269
1855,873,417,9270
1856,1131,1347,9271
1856,1887,614,9272
1857,182,1995,9273
1857,226,1710,9274
1857,726,1971,9275
1857,857,828,9276
1857,888,1914,9277
1857,1147,1997,9278
1857,1880,1266,9279
1857,1880,1662,9280
1858,31,574,9281
1858,414,1476,9282
1858,456,1057,9283
1858,1812,797,9284
1859,52,442,9285
1859,740,1331,9286
1859,1434,1274,9287
1859,1574,183,9288
1859,1620,739,9289
1859,1680,1320,9290
1859,1732,104,9291
1860,383,563,9292
1860,412,1608,9293
1860,725,1241,9294
1860,923,1655,9295
1860,1043,460,9296
1861,326,501,9297
1861,1658,1170,9298
1861,1765,1628,9299
1861,1775,1349,9300
1862,704,16,9301
1862,791,1816,9302
1862,868,183,9303
1862,1330,1189,9304
1863,302,914,9305
1863,367,219,9306
1863,371,1388,9307
1863,386,1794,9308
1863,633,384,9309
1863,908,150,9310
1863,1211,1513,9311
1863,1785,1848,9312
1863,1967,804,9313
1864,248,1726,9314
1864,362,1416,9315
1864,935,31,9316
1864,1266,839,9317
1864,1390,714,9318
1864,1474,699,9319
1865,333,209,9320
1865,439,202,9321
1865,721,1241,9322
1865,765,678,9323
1865,837,1291,9324
1865,975,1919,9325
1865,1184,589,9326
1865,1491,1315,9327
1865,1871,1270,9328
1866,131,1298,9329
1866,532,980,9330
1866,722,1259,9331
1866,1058,1683,9332
1866,1136,925,9333
1866,1209,988,9334
1867,1210,52,9335
1868,111,549,9336
1868,459,49,9337
1868,534,17,9338
1868,887,1976,9339
1868,1091,701,9340
1868,1144,54,9341
1868,1737,326,9342
1869,316,1228,9343
1869,497,1629,9344
1869,862,496,9345
1869,904,1465,9346
1869,964,1551,9347
1869,989,1350,9348
1869,1126,1508,9349
1869,1158,1028,9350
1869,1194,293,9351
1869,1307,1856,9352
1869,1419,1168,9353
1869,1567,737,9354
1869,1716,425,9355
1869,1759,163,9356
1870,189,908,9357
1870,1150,241,9358
1870,1391,623,9359
1870,1661,780,9360
1870,1687,833,9361
1870,1887,358,9362
1871,950,845,9363
1871,1211,57,9364
1871,1244,1175,9365
1871,1390,511,9366
1871,1814,38,9367
1872,174,223,9368
1872,416,759,9369
1872,1316,939,9370
1872,1653,137,9371
1872,1762,1135,9372
1873,243,785,9373
1873,402,190,9374
1873,1795,1358,9375
1874,1539,1160,9376
1874,1702,677,9377
1875,147,1423,9378
1875,1476,105,9379
1876,156,238,9380
1876,431,1,9381
1876,1005,409,9382
1876,1022,1355,9383
1876,1718,1321,9384
1876,1872,740,9385
1876,1880,46,9386
1876,1926,604,9387
1877,306,227,9388
1877,787,814,9389
1877,1821,1110,9390
1878,130,1855,9391
1878,290,1585,9392
1878,323,650,9393
1878,538,1337,9394
1878,1362,676,9395
1878,1500,1629,9396
1878,1737,248,9397
1878,1857,773,9398
1879,451,572,9399
1879,1088,1305,9400
1879,1257,412,9401
1879,1361,508,9402
1880,185,373,9403
1880,197,1073,9404
1880,224,1466,9405
1880,860,1090,9406
1880,1203,837,9407
1880,1760,1280,9408
1881,121,567,9409
1881,794,1851,9410
1881,934,710,9411
1881,1375,173,9412
1881,1931,1918,9413
1882,87,470,9414
1882,111,1413,9415
1882,184,1125,9416
1882,631,1751,9417
1882,1321,1906,9418
1882,1643,905,9419
1882,1746,1087,9420
1883,261,1274,9421
1884,160,1384,9422
1884,179,100,9423
1884,1781,1416,9424
1885,965,1787,9425
1885,1686,1802,9426
1886,409,660,9427
1886,416,1995,9428
1886,427,1342,9429
1886,983,1660,9430
1886,1100,269,9431
1886,1656,1981,9432
1887,1227,1040,9433
1887,1452,732,9434
1887,1578,684,9435
1888,4,1246,9436
1888,284,314,9437
1888,905,693,9438
1888,1037,339,9439
1888,1084,624,9440
1889,566,1575,9441
1889,812,1573,9442
1889,1086,1881,9443
1889,1090,478,9444
1889,1094,1297,9445
1889,1696,1858,9446
1890,97,329,9447
1890,253,1395,9448
1890,624,1902,9449
1890,1143,1325,9450
1890,1223,1534,9451
1890,1502,1255,9452
1890,1833,1818,9453
1891,366,481,9454
1891,806,139,9455
1891,990,1500,9456
1891,1397,1239,9457
1891,1485,1224,9458
1891,1630,1733,9459
1892,152,1401,9460
1892,541,1613,9461
1892,690,690,9462
1892,905,1343,9463
1892,1179,183,9464
1892,1675,478,9465
1892,1806,1156,9466
1893,487,270,9467
1893,1076,378,9468
1893,1085,1887,9469
1893,1883,173,9470
1893,1991,1579,9471
1894,147,75,9472
1894,282,1194,9473
1895,202,153,9474
1895,574,1841,9475
1895,1101,501,9476
1895,1191,83,9477
1895,1521,1406,9478
1895,1918,480,9479
1896,993,1327,9480
1896,1170,316,9481
1896,1502,1634,9482
1896,1724,1002,9483
1897,466,201,9484
1897,1118,1180,9485
1897,1278,21,9486
1898,243,928,9487
1898,265,1258,9488
1898,1013,83,9489
1898,1286,944,9490
1898,1403,301,9491
1898,1632,919,9492
1899,272,553,9493
1899,290,1853,9494
1899,589,897,9495
1899,964,1244,9496
1899,1038,1588,9497
1899,1211,1937,9498
1899,1248,430,9499
1899,1879,523,9500
1900,250,1772,9501
1900,277,336,9502
1900,394,562,9503
1900,873,584,9504
1900,1013,931,9505
1900,1248,931,9506
1901,23,1298,9507
1901,660,1222,9508
1901,1348,1122,9509
1901,1357,135,9510
1902,157,612,9511
1902,299,873,9512
1902,323,833,9513
1902,743,1799,9514
1902,949,1872,9515
1902,1539,1916,9516
1902,1902,668,9517
1903,66,492,9518
1903,165,1817,9519
1903,1756,323,9520
1904,484,1770,9521
1904,1319,1368,9522
1904,1516,499,9523
1904,1909,1817,9524
1905,350,414,9525
1905,1538,1466,9526
1905,1745,804,9527
1906,202,1718,9528
1906,480,964,9529
1906,509,1056,9530
1906,1014,1079,9531
1906,1908,975,9532
1907,365,975,9533
1907,996,647,9534
1907,1075,515,9535
1907,1138,1752,9536
1907,1255,652,9537
1907,1813,798,9538
1907,1846,730,9539
1907,1928,1906,9540
1908,270,970,9541
1908,522,927,9542
1909,112,1054,9543
1909,382,503,9544
1909,1444,1626,9545
1909,1496,279,9546
1910,538,966,9547
1910,658,758,9548
1910,1790,421,9549
1911,714,1804,9550
1911,721,1848,9551
1911,1512,560,9552
1911,1964,1316,9553
1912,74,1424,9554
1912,296,224,9555
1912,1682,315,9556
1912,1778,1735,9557
1913,521,1149,9558
1913,1109,809,9559
1913,1449,1208,9560
1913,1753,1708,9561
1914,177,571,9562
1914,294,1284,9563
1914,534,418,9564
1914,730,1542,9565
1914,1127,1195,9566
1914,1452,461,9567
1914,1453,622,9568
1914,1619,1966,9569
1914,1742,70,9570
1915,459,1157,9571
1915,866,446,9572
1915,886,1717,9573
1915,1100,1819,9574
1915,1133,1295,9575
1915,1182,1782,9576
1915,1389,1853,9577
1915,1718,1731,9578
1916,508,13,9579
1917,157,1052,9580
1917,676,1898,9581
1917,1062,1976,9582
1917,1089,368,9583
1917,1796,755,9584
1917,1883,444,9585
1918,13,1649,9586
1918,560,933,9587
1918,1399,1327,9588
1918,1533,1970,9589
1919,6,1952,9590
1919,214,1406,9591
1919,356,148,9592
1919,385,1524,9593
1919,1452,429,9594
1919,1792,1484,9595
1920,265,365,9596
1920,461,1695,9597
1920,1095,949,9598
1920,1285,1362,9599
1920,1894,1855,9600
1921,357,1250,9601
1921,1643,987,9602
1921,1823,851,9603
1922,162,566,9604
1922,743,1531,9605
1922,876,247,9606
1922,1284,1228,9607
1923,734,82,9608
1923,1303,799,9609
1923,1373,1980,9610
1923,1390,752,9611
1923,1598,1194,9612
1924,253,1990,9613
1925,776,1387,9614
1925,808,1987,9615
1925,816,1665,9616
1925,882,81,9617
1925,1388,1782,9618
1925,1461,481,9619
1925,1519,1509,9620
1925,1526,435,9621
1925,1799,1338,9622
1926,1006,964,9623
1926,1375,734,9624
1926,1495,290,9625
1927,6,637,9626
1927,768,884,9627
1928,568,1943,9628
1928,1119,1267,9629
1928,1189,315,9630
1928,1464,406,9631
1928,1517,360,9632
1928,1695,1842,9633
1928,1823,1166,9634
1929,237,1173,9635
1929,858,986,9636
1929,866,1832,9637
1929,944,103,9638
1929,1356,810,9639
1929,1809,568,9640
1930,1281,861,9641
1930,1338,337,9642
1930,1375,1130,9643
1931,607,1714,9644
1931,709,1472,9645
1931,718,1457,9646
1931,907,48,9647
1931,919,1813,9648
1931,1011,621,9649
1931,1012,1645,9650
1931,1331,106,9651
1931,1412,1684,9652
1931,1442,1646,9653
1931,1450,429,9654
1931,1719,1483,9655
1932,60,906,9656
1932,142,173,9657
1932,632,17,9658
1932,937,75,9659
1933,258,1306,9660
1933,505,1476,9661
1933,986,1981,9662
1933,1136,1943,9663
1933,1282,873,9664
1933,1339,1887,9665
1933,1351,1433,9666
1933,1544,1174,9667
1934,442,1967,9668
1934,520,1385,9669
1934,553,1976,9670
1934,900,252,9671
1934,1204,8,9672
1934,1583,198,9673
1935,17,136,9674
1935,707,1203,9675
1935,805,1035,9676
1935,820,1666,9677
1935,1081,1400,9678
1935,1347,0,9679
1935,1504,1807,9680
1935,1991,825,9681
1936,46,665,9682
1936,135,768,9683
1936,634,1713,9684
1936,1584,1679,9685
1936,1863,1381,9686
1937,76,623,9687
1937,826,1175,9688
1937,908,1513,9689
1937,1536,765,9690
1937,1765,1665,9691
1937,1809,1653,9692
1937,1936,1063,9693
1938,1239,1152,9694
1938,1444,1810,9695
1938,1864,454,9696
1939,174,624,9697
1939,239,1644,9698
1939,561,1904,9699
1939,597,1035,9700
1939,1168,902,9701
1939,1392,1842,9702
1939,1547,977,9703
1940,458,294,9704
1940,1162,1154,9705
1941,196,342,9706
1941,391,175,9707
1941,446,952,9708
1941,1793,930,9709
1942,660,417,9710
1942,885,1821,9711
1942,894,1621,9712
1942,962,1047,9713
1942,981,1965,9714
1942,1158,1350,9715
1942,1211,1801,9716
1942,1473,242,9717
1942,1616,815,9718
1943,622,174,9719
1943,820,607,9720
1943,1271,1897,9721
1944,331,205,9722
1944,907,1314,9723
1944,1161,66,9724
1944,1618,1043,9725
1944,1709,1198,9726
1944,1755,231,9727
1945,309,1138,9728
1945,327,775,9729
1945,627,495,9730
1945,896,287,9731
1945,1497,1638,9732
1945,1546,1825,9733
1946,698,744,9734
1946,1529,526,9735
1947,256,1521,9736
1947,496,801,9737
1947,619,442,9738
1948,187,7,9739
1948,299,114,9740
1948,305,1772,9741
1948,572,67,9742
1948,1321,613,9743
1948,1838,1373,9744
1949,243,1232,9745
1949,642,765,9746
1949,674,1039,9747
1949,716,459,9748
1949,1042,627,9749
1949,1164,508,9750
1949,1211,615,9751
1949,1439,1000,9752
1949,1463,760,9753
1949,1538,481,9754
1949,1745,1057,9755
1950,867,1968,9756
1950,1076,1732,9757
1950,1477,1909,9758
1950,1500,1627,9759
1950,1668,678,9760
1950,1757,1053,9761
1950,1827,1334,9762
1951,324,259,9763
1951,662,1445,9764
1951,676,1163,9765
1951,1252,1854,9766
1951,1471,474,9767
1951,1489,945,9768
1951,1553,1400,9769
1951,1922,1753,9770
1952,272,398,9771
1952,1711,858,9772
1953,201,1178,9773
1953,394,106,9774
1953,675,618,9775
1953,1478,1793,9776
1954,353,1336,9777
1954,368,1797,9778
1954,1339,315,9779
1954,1577,149,9780
1954,1621,1513,9781
1954,1782,281,9782
1955,80,1141,9783
1955,141,670,9784
1955,773,1308,9785
1955,899,1775,9786
1955,1219,812,9787
1956,14,1362,9788
1956,29,758,9789
1956,158,1963,9790
1956,723,1057,9791
1956,833,1836,9792
1956,1248,868,9793
1957,84,199,9794
1957,577,731,9795
1957,1358,1008,9796
1957,1371,1788,9797
1957,1586,1781,9798
1958,171,1880,9799
1958,509,950,9800
1959,157,223,9801
1959,354,941,9802
1959,1614,1998,9803
1960,1334,82,9804
1960,1496,1604,9805
1960,1563,689,9806
1960,1570,862,9807
1960,1632,1165,9808
1960,1642,651,9809
1960,1812,219,9810
1960,1944,22,9811
1961,152,1878,9812
1961,178,1998,9813
1961,219,370,9814
1961,245,176,9815
1961,436,629,9816
1961,532,1809,9817
1962,768,812,9818
1962,876,414,9819
1962,1047,518,9820
1962,1275,1146,9821
1962,1373,1822,9822
1962,1490,544,9823
1962,1625,1926,9824
1963,40,670,9825
1963,227,449,9826
1963,815,1024,9827
1963,877,345,9828
1963,1325,185,9829
1963,1955,863,9830
1964,230,1176,9831
1964,345,661,9832
1964,1171,880,9833
1964,1576,1794,9834
1964,1772,1866,9835
1965,813,0,9836
1965,1032,1788,9837
1965,1335,482,9838
1965,1369,197,9839
1965,1488,570,9840
1966,1296,1560,9841
1966,1369,159,9842
1966,1484,1859,9843
1967,696,164,9844
1967,1232,1157,9845
1967,1388,1254,9846
1967,1593,515,9847
1967,1920,112,9848
1968,326,199,9849
1968,345,1770,9850
1968,842,621,9851
1968,913,591,9852
1969,217,137,9853
1969,424,1202,9854
1969,670,797,9855
1969,926,916,9856
1969,1085,1398,9857
1969,1095,1733,9858
1970,38,563,9859
1970,934,556,9860
1970,1755,1318,9861
1971,355,1505,9862
1971,1723,1547,9863
1972,568,1801,9864
1972,879,644,9865
1972,885,863,9866
1972,1240,407,9867
1972,1542,608,9868
1972,1943,565,9869
1973,993,965,9870
1973,1027,1057,9871
1973,1150,1035,9872
1973,1223,117,9873
1973,1479,995,9874
1974,267,484,9875
1974,588,657,9876
1974,1101,107,9877
1974,1355,1791,9878
1974,1651,1257,9879
1975,433,1902,9880
1975,1112,258,9881
1975,1577,425,9882
1975,1624,436,9883
1975,1638,597,9884
1976,438,1755,9885
1976,446,566,9886
1976,869,761,9887
1976,1162,66,9888
1976,1578,1772,9889
1976,1708,1662,9890
1977,41,1570,9891
1977,1348,1838,9892
1977,1524,1232,9893
1977,1628,1775,9894
1977,1656,1606,9895
1978,264,886,9896
1978,932,1534,9897
1978,1308,641,9898
1978,1619,1523,9899
1978,1753,894,9900
1979,462,1761,9901
1979,1448,864,9902
1980,824,75,9903
1980,1103,1677,9904
1980,1342,1603,9905
1980,1374,509,9906
1980,1571,1397,9907
1980,1583,571,9908
1981,297,1219,9909
1981,795,526,9910
1981,1731,654,9911
1982,108,1,9912
1982,879,1689,9913
1982,1615,1088,9914
1982,1623,1622,9915
1983,589,1229,9916
1983,728,811,9917
1983,1238,52,9918
1983,1866,971,9919
1983,1868,1810,9920
1984,30,1895,9921
1984,86,1190,9922
1984,191,1897,9923
1984,943,1292,9924
1984,1584,668,9925
1984,1633,1600,9926
1985,17,1021,9927
1985,892,413,9928
1985,909,1250,9929
1985,970,1194,9930
1985,1026,413,9931
1985,1033,1638,9932
1985,1397,1108,9933
1985,1572,1701,9934
1985,1942,1428,9935
1986,231,692,9936
1986,1419,1388,9937
1986,1582,827,9938
1986,1625,1654,9939
1987,16,1060,9940
1987,185,633,9941
1987,534,365,9942
1987,639,1863,9943
1987,1007,1938,9944
1987,1201,55,9945
1987,1838,868,9946
1988,773,1263,9947
1988,1171,1686,9948
1988,1617,1344,9949
1988,1902,1796,9950
1988,1938,94,9951
1989,32,1100,9952
1989,1958,1583,9953
1990,62,187,9954
1990,232,79,9955
1990,342,1,9956
1990,366,783,9957
1990,862,1830,9958
1990,938,1300,9959
1990,1033,373,9960
1990,1344,382,9961
1990,1391,1181,9962
1990,1589,1184,9963
1990,1652,1999,9964
1991,209,577,9965
1991,274,953,9966
1991,627,392,9967
1991,649,1315,9968
1991,704,1318,9969
1991,705,1928,9970
1991,731,692,9971
1991,1420,389,9972
1991,1762,81,9973
1992,387,1433,9974
1992,413,733,9975
1992,609,1579,9976
1992,1674,193,9977
1992,1888,775,9978
1993,100,1864,9979
1993,860,1889,9980
1994,265,1439,9981
1994,326,205,9982
1994,1209,842,9983
1994,1612,154,9984
1995,708,109,9985
1995,1419,814,9986
1995,1523,907,9987
1996,278,173,9988
1997,552,414,9989
1997,729,1788,9990
1997,1047,1253,9991
1998,171,195,9992
1998,322,1499,9993
1998,1145,1239,9994
1998,1300,651,9995
1998,1577,297,9996
1999,410,1311,9997
1999,536,482,9998
1999,574,659,9999
