SourceID,Hop1_ID,Hop2_ID,Offset
0,0,0,0
0,0,1,1
0,0,2,2
0,0,3,3
0,0,4,4
0,0,5,5
0,0,6,6
0,0,7,7
0,0,8,8
0,0,9,9
0,0,10,10
0,0,11,11
0,0,12,12
0,0,13,13
0,0,14,14
0,0,15,15
0,0,16,16
0,0,17,17
0,0,18,18
0,0,19,19
0,1,0,20
0,1,1,21
0,1,2,22
0,1,3,23
0,1,4,24
0,1,5,25
0,1,6,26
0,1,7,27
0,1,8,28
0,1,9,29
0,1,10,30
0,1,11,31
0,1,12,32
0,1,13,33
0,1,14,34
0,1,15,35
0,1,16,36
0,1,17,37
0,1,18,38
0,1,19,39
0,2,0,40
0,2,1,41
0,2,2,42
0,2,3,43
0,2,4,44
0,2,5,45
0,2,6,46
0,2,7,47
0,2,8,48
0,2,9,49
0,2,10,50
0,2,11,51
0,2,12,52
0,2,13,53
0,2,14,54
0,2,15,55
0,2,16,56
0,2,17,57
0,2,18,58
0,2,19,59
0,3,0,60
0,3,1,61
0,3,2,62
0,3,3,63
0,3,4,64
0,3,5,65
0,3,6,66
0,3,7,67
0,3,8,68
0,3,9,69
0,3,10,70
0,3,11,71
0,3,12,72
0,3,13,73
0,3,14,74
0,3,15,75
0,3,16,76
0,3,17,77
0,3,18,78
0,3,19,79
0,4,0,80
0,4,1,81
0,4,2,82
0,4,3,83
0,4,4,84
0,4,5,85
0,4,6,86
0,4,7,87
0,4,8,88
0,4,9,89
0,4,10,90
0,4,11,91
0,4,12,92
0,4,13,93
0,4,14,94
0,4,15,95
0,4,16,96
0,4,17,97
0,4,18,98
0,4,19,99
0,5,0,100
0,5,1,101
0,5,2,102
0,5,3,103
0,5,4,104
0,5,5,105
0,5,6,106
0,5,7,107
0,5,8,108
0,5,9,109
0,5,10,110
0,5,11,111
0,5,12,112
0,5,13,113
0,5,14,114
0,5,15,115
0,5,16,116
0,5,17,117
0,5,18,118
0,5,19,119
0,6,0,120
0,6,1,121
0,6,2,122
0,6,3,123
0,6,4,124
0,6,5,125
0,6,6,126
0,6,7,127
0,6,8,128
0,6,9,129
0,6,10,130
0,6,11,131
0,6,12,132
0,6,13,133
0,6,14,134
0,6,15,135
0,6,16,136
0,6,17,137
0,6,18,138
0,6,19,139
0,7,0,140
0,7,1,141
0,7,2,142
0,7,3,143
0,7,4,144
0,7,5,145
0,7,6,146
0,7,7,147
0,7,8,148
0,7,9,149
0,7,10,150
0,7,11,151
0,7,12,152
0,7,13,153
0,7,14,154
0,7,15,155
0,7,16,156
0,7,17,157
0,7,18,158
0,7,19,159
0,8,0,160
0,8,1,161
0,8,2,162
0,8,3,163
0,8,4,164
0,8,5,165
0,8,6,166
0,8,7,167
0,8,8,168
0,8,9,169
0,8,10,170
0,8,11,171
0,8,12,172
0,8,13,173
0,8,14,174
0,8,15,175
0,8,16,176
0,8,17,177
0,8,18,178
0,8,19,179
0,9,0,180
0,9,1,181
0,9,2,182
0,9,3,183
0,9,4,184
0,9,5,185
0,9,6,186
0,9,7,187
0,9,8,188
0,9,9,189
0,9,10,190
0,9,11,191
0,9,12,192
0,9,13,193
0,9,14,194
0,9,15,195
0,9,16,196
0,9,17,197
0,9,18,198
0,9,19,199
0,10,0,200
0,10,1,201
0,10,2,202
0,10,3,203
0,10,4,204
0,10,5,205
0,10,6,206
0,10,7,207
0,10,8,208
0,10,9,209
0,10,10,210
0,10,11,211
0,10,12,212
0,10,13,213
0,10,14,214
0,10,15,215
0,10,16,216
0,10,17,217
0,10,18,218
0,10,19,219
0,11,0,220
0,11,1,221
0,11,2,222
0,11,3,223
0,11,4,224
0,11,5,225
0,11,6,226
0,11,7,227
0,11,8,228
0,11,9,229
0,11,10,230
0,11,11,231
0,11,12,232
0,11,13,233
0,11,14,234
0,11,15,235
0,11,16,236
0,11,17,237
0,11,18,238
0,11,19,239
0,12,0,240
0,12,1,241
0,12,2,242
0,12,3,243
0,12,4,244
0,12,5,245
0,12,6,246
0,12,7,247
0,12,8,248
0,12,9,249
0,12,10,250
0,12,11,251
0,12,12,252
0,12,13,253
0,12,14,254
0,12,15,255
0,12,16,256
0,12,17,257
0,12,18,258
0,12,19,259
0,13,0,260
0,13,1,261
0,13,2,262
0,13,3,263
0,13,4,264
0,13,5,265
0,13,6,266
0,13,7,267
0,13,8,268
0,13,9,269
0,13,10,270
0,13,11,271
0,13,12,272
0,13,13,273
0,13,14,274
0,13,15,275
0,13,16,276
0,13,17,277
0,13,18,278
0,13,19,279
0,14,0,280
0,14,1,281
0,14,2,282
0,14,3,283
0,14,4,284
0,14,5,285
0,14,6,286
0,14,7,287
0,14,8,288
0,14,9,289
0,14,10,290
0,14,11,291
0,14,12,292
0,14,13,293
0,14,14,294
0,14,15,295
0,14,16,296
0,14,17,297
0,14,18,298
0,14,19,299
0,15,0,300
0,15,1,301
0,15,2,302
0,15,3,303
0,15,4,304
0,15,5,305
0,15,6,306
0,15,7,307
0,15,8,308
0,15,9,309
0,15,10,310
0,15,11,311
0,15,12,312
0,15,13,313
0,15,14,314
0,15,15,315
0,15,16,316
0,15,17,317
0,15,18,318
0,15,19,319
0,16,0,320
0,16,1,321
0,16,2,322
0,16,3,323
0,16,4,324
0,16,5,325
0,16,6,326
0,16,7,327
0,16,8,328
0,16,9,329
0,16,10,330
0,16,11,331
0,16,12,332
0,16,13,333
0,16,14,334
0,16,15,335
0,16,16,336
0,16,17,337
0,16,18,338
0,16,19,339
0,17,0,340
0,17,1,341
0,17,2,342
0,17,3,343
0,17,4,344
0,17,5,345
0,17,6,346
0,17,7,347
0,17,8,348
0,17,9,349
0,17,10,350
0,17,11,351
0,17,12,352
0,17,13,353
0,17,14,354
0,17,15,355
0,17,16,356
0,17,17,357
0,17,18,358
0,17,19,359
0,18,0,360
0,18,1,361
0,18,2,362
0,18,3,363
0,18,4,364
0,18,5,365
0,18,6,366
0,18,7,367
0,18,8,368
0,18,9,369
0,18,10,370
0,18,11,371
0,18,12,372
0,18,13,373
0,18,14,374
0,18,15,375
0,18,16,376
0,18,17,377
0,18,18,378
0,18,19,379
0,19,0,380
0,19,1,381
0,19,2,382
0,19,3,383
0,19,4,384
0,19,5,385
0,19,6,386
0,19,7,387
0,19,8,388
0,19,9,389
0,19,10,390
0,19,11,391
0,19,12,392
0,19,13,393
0,19,14,394
0,19,15,395
0,19,16,396
0,19,17,397
0,19,18,398
0,19,19,399
0,20,0,400
0,20,1,401
0,20,2,402
0,20,3,403
0,20,4,404
0,20,5,405
0,20,6,406
0,20,7,407
0,20,8,408
0,20,9,409
0,20,10,410
0,20,11,411
0,20,12,412
0,20,13,413
0,20,14,414
0,20,15,415
0,20,16,416
0,20,17,417
0,20,18,418
0,20,19,419
0,21,0,420
0,21,1,421
0,21,2,422
0,21,3,423
0,21,4,424
0,21,5,425
0,21,6,426
0,21,7,427
0,21,8,428
0,21,9,429
0,21,10,430
0,21,11,431
0,21,12,432
0,21,13,433
0,21,14,434
0,21,15,435
0,21,16,436
0,21,17,437
0,21,18,438
0,21,19,439
0,22,0,440
0,22,1,441
0,22,2,442
0,22,3,443
0,22,4,444
0,22,5,445
0,22,6,446
0,22,7,447
0,22,8,448
0,22,9,449
0,22,10,450
0,22,11,451
0,22,12,452
0,22,13,453
0,22,14,454
0,22,15,455
0,22,16,456
0,22,17,457
0,22,18,458
0,22,19,459
0,23,0,460
0,23,1,461
0,23,2,462
0,23,3,463
0,23,4,464
0,23,5,465
0,23,6,466
0,23,7,467
0,23,8,468
0,23,9,469
0,23,10,470
0,23,11,471
0,23,12,472
0,23,13,473
0,23,14,474
0,23,15,475
0,23,16,476
0,23,17,477
0,23,18,478
0,23,19,479
0,24,0,480
0,24,1,481
0,24,2,482
0,24,3,483
0,24,4,484
0,24,5,485
0,24,6,486
0,24,7,487
0,24,8,488
0,24,9,489
0,24,10,490
0,24,11,491
0,24,12,492
0,24,13,493
0,24,14,494
0,24,15,495
0,24,16,496
0,24,17,497
0,24,18,498
0,24,19,499
1,0,0,500
1,0,1,501
1,0,2,502
1,0,3,503
1,0,4,504
1,0,5,505
1,0,6,506
1,0,7,507
1,0,8,508
1,0,9,509
1,0,10,510
1,0,11,511
1,0,12,512
1,0,13,513
1,0,14,514
1,0,15,515
1,0,16,516
1,0,17,517
1,0,18,518
1,0,19,519
1,1,0,520
1,1,1,521
1,1,2,522
1,1,3,523
1,1,4,524
1,1,5,525
1,1,6,526
1,1,7,527
1,1,8,528
1,1,9,529
1,1,10,530
1,1,11,531
1,1,12,532
1,1,13,533
1,1,14,534
1,1,15,535
1,1,16,536
1,1,17,537
1,1,18,538
1,1,19,539
1,2,0,540
1,2,1,541
1,2,2,542
1,2,3,543
1,2,4,544
1,2,5,545
1,2,6,546
1,2,7,547
1,2,8,548
1,2,9,549
1,2,10,550
1,2,11,551
1,2,12,552
1,2,13,553
1,2,14,554
1,2,15,555
1,2,16,556
1,2,17,557
1,2,18,558
1,2,19,559
1,3,0,560
1,3,1,561
1,3,2,562
1,3,3,563
1,3,4,564
1,3,5,565
1,3,6,566
1,3,7,567
1,3,8,568
1,3,9,569
1,3,10,570
1,3,11,571
1,3,12,572
1,3,13,573
1,3,14,574
1,3,15,575
1,3,16,576
1,3,17,577
1,3,18,578
1,3,19,579
1,4,0,580
1,4,1,581
1,4,2,582
1,4,3,583
1,4,4,584
1,4,5,585
1,4,6,586
1,4,7,587
1,4,8,588
1,4,9,589
1,4,10,590
1,4,11,591
1,4,12,592
1,4,13,593
1,4,14,594
1,4,15,595
1,4,16,596
1,4,17,597
1,4,18,598
1,4,19,599
1,5,0,600
1,5,1,601
1,5,2,602
1,5,3,603
1,5,4,604
1,5,5,605
1,5,6,606
1,5,7,607
1,5,8,608
1,5,9,609
1,5,10,610
1,5,11,611
1,5,12,612
1,5,13,613
1,5,14,614
1,5,15,615
1,5,16,616
1,5,17,617
1,5,18,618
1,5,19,619
1,6,0,620
1,6,1,621
1,6,2,622
1,6,3,623
1,6,4,624
1,6,5,625
1,6,6,626
1,6,7,627
1,6,8,628
1,6,9,629
1,6,10,630
1,6,11,631
1,6,12,632
1,6,13,633
1,6,14,634
1,6,15,635
1,6,16,636
1,6,17,637
1,6,18,638
1,6,19,639
1,7,0,640
1,7,1,641
1,7,2,642
1,7,3,643
1,7,4,644
1,7,5,645
1,7,6,646
1,7,7,647
1,7,8,648
1,7,9,649
1,7,10,650
1,7,11,651
1,7,12,652
1,7,13,653
1,7,14,654
1,7,15,655
1,7,16,656
1,7,17,657
1,7,18,658
1,7,19,659
1,8,0,660
1,8,1,661
1,8,2,662
1,8,3,663
1,8,4,664
1,8,5,665
1,8,6,666
1,8,7,667
1,8,8,668
1,8,9,669
1,8,10,670
1,8,11,671
1,8,12,672
1,8,13,673
1,8,14,674
1,8,15,675
1,8,16,676
1,8,17,677
1,8,18,678
1,8,19,679
1,9,0,680
1,9,1,681
1,9,2,682
1,9,3,683
1,9,4,684
1,9,5,685
1,9,6,686
1,9,7,687
1,9,8,688
1,9,9,689
1,9,10,690
1,9,11,691
1,9,12,692
1,9,13,693
1,9,14,694
1,9,15,695
1,9,16,696
1,9,17,697
1,9,18,698
1,9,19,699
1,10,0,700
1,10,1,701
1,10,2,702
1,10,3,703
1,10,4,704
1,10,5,705
1,10,6,706
1,10,7,707
1,10,8,708
1,10,9,709
1,10,10,710
1,10,11,711
1,10,12,712
1,10,13,713
1,10,14,714
1,10,15,715
1,10,16,716
1,10,17,717
1,10,18,718
1,10,19,719
1,11,0,720
1,11,1,721
1,11,2,722
1,11,3,723
1,11,4,724
1,11,5,725
1,11,6,726
1,11,7,727
1,11,8,728
1,11,9,729
1,11,10,730
1,11,11,731
1,11,12,732
1,11,13,733
1,11,14,734
1,11,15,735
1,11,16,736
1,11,17,737
1,11,18,738
1,11,19,739
1,12,0,740
1,12,1,741
1,12,2,742
1,12,3,743
1,12,4,744
1,12,5,745
1,12,6,746
1,12,7,747
1,12,8,748
1,12,9,749
1,12,10,750
1,12,11,751
1,12,12,752
1,12,13,753
1,12,14,754
1,12,15,755
1,12,16,756
1,12,17,757
1,12,18,758
1,12,19,759
1,13,0,760
1,13,1,761
1,13,2,762
1,13,3,763
1,13,4,764
1,13,5,765
1,13,6,766
1,13,7,767
1,13,8,768
1,13,9,769
1,13,10,770
1,13,11,771
1,13,12,772
1,13,13,773
1,13,14,774
1,13,15,775
1,13,16,776
1,13,17,777
1,13,18,778
1,13,19,779
1,14,0,780
1,14,1,781
1,14,2,782
1,14,3,783
1,14,4,784
1,14,5,785
1,14,6,786
1,14,7,787
1,14,8,788
1,14,9,789
1,14,10,790
1,14,11,791
1,14,12,792
1,14,13,793
1,14,14,794
1,14,15,795
1,14,16,796
1,14,17,797
1,14,18,798
1,14,19,799
1,15,0,800
1,15,1,801
1,15,2,802
1,15,3,803
1,15,4,804
1,15,5,805
1,15,6,806
1,15,7,807
1,15,8,808
1,15,9,809
1,15,10,810
1,15,11,811
1,15,12,812
1,15,13,813
1,15,14,814
1,15,15,815
1,15,16,816
1,15,17,817
1,15,18,818
1,15,19,819
1,16,0,820
1,16,1,821
1,16,2,822
1,16,3,823
1,16,4,824
1,16,5,825
1,16,6,826
1,16,7,827
1,16,8,828
1,16,9,829
1,16,10,830
1,16,11,831
1,16,12,832
1,16,13,833
1,16,14,834
1,16,15,835
1,16,16,836
1,16,17,837
1,16,18,838
1,16,19,839
1,17,0,840
1,17,1,841
1,17,2,842
1,17,3,843
1,17,4,844
1,17,5,845
1,17,6,846
1,17,7,847
1,17,8,848
1,17,9,849
1,17,10,850
1,17,11,851
1,17,12,852
1,17,13,853
1,17,14,854
1,17,15,855
1,17,16,856
1,17,17,857
1,17,18,858
1,17,19,859
1,18,0,860
1,18,1,861
1,18,2,862
1,18,3,863
1,18,4,864
1,18,5,865
1,18,6,866
1,18,7,867
1,18,8,868
1,18,9,869
1,18,10,870
1,18,11,871
1,18,12,872
1,18,13,873
1,18,14,874
1,18,15,875
1,18,16,876
1,18,17,877
1,18,18,878
1,18,19,879
1,19,0,880
1,19,1,881
1,19,2,882
1,19,3,883
1,19,4,884
1,19,5,885
1,19,6,886
1,19,7,887
1,19,8,888
1,19,9,889
1,19,10,890
1,19,11,891
1,19,12,892
1,19,13,893
1,19,14,894
1,19,15,895
1,19,16,896
1,19,17,897
1,19,18,898
1,19,19,899
1,20,0,900
1,20,1,901
1,20,2,902
1,20,3,903
1,20,4,904
1,20,5,905
1,20,6,906
1,20,7,907
1,20,8,908
1,20,9,909
1,20,10,910
1,20,11,911
1,20,12,912
1,20,13,913
1,20,14,914
1,20,15,915
1,20,16,916
1,20,17,917
1,20,18,918
1,20,19,919
1,21,0,920
1,21,1,921
1,21,2,922
1,21,3,923
1,21,4,924
1,21,5,925
1,21,6,926
1,21,7,927
1,21,8,928
1,21,9,929
1,21,10,930
1,21,11,931
1,21,12,932
1,21,13,933
1,21,14,934
1,21,15,935
1,21,16,936
1,21,17,937
1,21,18,938
1,21,19,939
1,22,0,940
1,22,1,941
1,22,2,942
1,22,3,943
1,22,4,944
1,22,5,945
1,22,6,946
1,22,7,947
1,22,8,948
1,22,9,949
1,22,10,950
1,22,11,951
1,22,12,952
1,22,13,953
1,22,14,954
1,22,15,955
1,22,16,956
1,22,17,957
1,22,18,958
1,22,19,959
1,23,0,960
1,23,1,961
1,23,2,962
1,23,3,963
1,23,4,964
1,23,5,965
1,23,6,966
1,23,7,967
1,23,8,968
1,23,9,969
1,23,10,970
1,23,11,971
1,23,12,972
1,23,13,973
1,23,14,974
1,23,15,975
1,23,16,976
1,23,17,977
1,23,18,978
1,23,19,979
1,24,0,980
1,24,1,981
1,24,2,982
1,24,3,983
1,24,4,984
1,24,5,985
1,24,6,986
1,24,7,987
1,24,8,988
1,24,9,989
1,24,10,990
1,24,11,991
1,24,12,992
1,24,13,993
1,24,14,994
1,24,15,995
1,24,16,996
1,24,17,997
1,24,18,998
1,24,19,999
2,0,0,1000
2,0,1,1001
2,0,2,1002
2,0,3,1003
2,0,4,1004
2,0,5,1005
2,0,6,1006
2,0,7,1007
2,0,8,1008
2,0,9,1009
2,0,10,1010
2,0,11,1011
2,0,12,1012
2,0,13,1013
2,0,14,1014
2,0,15,1015
2,0,16,1016
2,0,17,1017
2,0,18,1018
2,0,19,1019
2,1,0,1020
2,1,1,1021
2,1,2,1022
2,1,3,1023
2,1,4,1024
2,1,5,1025
2,1,6,1026
2,1,7,1027
2,1,8,1028
2,1,9,1029
2,1,10,1030
2,1,11,1031
2,1,12,1032
2,1,13,1033
2,1,14,1034
2,1,15,1035
2,1,16,1036
2,1,17,1037
2,1,18,1038
2,1,19,1039
2,2,0,1040
2,2,1,1041
2,2,2,1042
2,2,3,1043
2,2,4,1044
2,2,5,1045
2,2,6,1046
2,2,7,1047
2,2,8,1048
2,2,9,1049
2,2,10,1050
2,2,11,1051
2,2,12,1052
2,2,13,1053
2,2,14,1054
2,2,15,1055
2,2,16,1056
2,2,17,1057
2,2,18,1058
2,2,19,1059
2,3,0,1060
2,3,1,1061
2,3,2,1062
2,3,3,1063
2,3,4,1064
2,3,5,1065
2,3,6,1066
2,3,7,1067
2,3,8,1068
2,3,9,1069
2,3,10,1070
2,3,11,1071
2,3,12,1072
2,3,13,1073
2,3,14,1074
2,3,15,1075
2,3,16,1076
2,3,17,1077
2,3,18,1078
2,3,19,1079
2,4,0,1080
2,4,1,1081
2,4,2,1082
2,4,3,1083
2,4,4,1084
2,4,5,1085
2,4,6,1086
2,4,7,1087
2,4,8,1088
2,4,9,1089
2,4,10,1090
2,4,11,1091
2,4,12,1092
2,4,13,1093
2,4,14,1094
2,4,15,1095
2,4,16,1096
2,4,17,1097
2,4,18,1098
2,4,19,1099
2,5,0,1100
2,5,1,1101
2,5,2,1102
2,5,3,1103
2,5,4,1104
2,5,5,1105
2,5,6,1106
2,5,7,1107
2,5,8,1108
2,5,9,1109
2,5,10,1110
2,5,11,1111
2,5,12,1112
2,5,13,1113
2,5,14,1114
2,5,15,1115
2,5,16,1116
2,5,17,1117
2,5,18,1118
2,5,19,1119
2,6,0,1120
2,6,1,1121
2,6,2,1122
2,6,3,1123
2,6,4,1124
2,6,5,1125
2,6,6,1126
2,6,7,1127
2,6,8,1128
2,6,9,1129
2,6,10,1130
2,6,11,1131
2,6,12,1132
2,6,13,1133
2,6,14,1134
2,6,15,1135
2,6,16,1136
2,6,17,1137
2,6,18,1138
2,6,19,1139
2,7,0,1140
2,7,1,1141
2,7,2,1142
2,7,3,1143
2,7,4,1144
2,7,5,1145
2,7,6,1146
2,7,7,1147
2,7,8,1148
2,7,9,1149
2,7,10,1150
2,7,11,1151
2,7,12,1152
2,7,13,1153
2,7,14,1154
2,7,15,1155
2,7,16,1156
2,7,17,1157
2,7,18,1158
2,7,19,1159
2,8,0,1160
2,8,1,1161
2,8,2,1162
2,8,3,1163
2,8,4,1164
2,8,5,1165
2,8,6,1166
2,8,7,1167
2,8,8,1168
2,8,9,1169
2,8,10,1170
2,8,11,1171
2,8,12,1172
2,8,13,1173
2,8,14,1174
2,8,15,1175
2,8,16,1176
2,8,17,1177
2,8,18,1178
2,8,19,1179
2,9,0,1180
2,9,1,1181
2,9,2,1182
2,9,3,1183
2,9,4,1184
2,9,5,1185
2,9,6,1186
2,9,7,1187
2,9,8,1188
2,9,9,1189
2,9,10,1190
2,9,11,1191
2,9,12,1192
2,9,13,1193
2,9,14,1194
2,9,15,1195
2,9,16,1196
2,9,17,1197
2,9,18,1198
2,9,19,1199
2,10,0,1200
2,10,1,1201
2,10,2,1202
2,10,3,1203
2,10,4,1204
2,10,5,1205
2,10,6,1206
2,10,7,1207
2,10,8,1208
2,10,9,1209
2,10,10,1210
2,10,11,1211
2,10,12,1212
2,10,13,1213
2,10,14,1214
2,10,15,1215
2,10,16,1216
2,10,17,1217
2,10,18,1218
2,10,19,1219
2,11,0,1220
2,11,1,1221
2,11,2,1222
2,11,3,1223
2,11,4,1224
2,11,5,1225
2,11,6,1226
2,11,7,1227
2,11,8,1228
2,11,9,1229
2,11,10,1230
2,11,11,1231
2,11,12,1232
2,11,13,1233
2,11,14,1234
2,11,15,1235
2,11,16,1236
2,11,17,1237
2,11,18,1238
2,11,19,1239
2,12,0,1240
2,12,1,1241
2,12,2,1242
2,12,3,1243
2,12,4,1244
2,12,5,1245
2,12,6,1246
2,12,7,1247
2,12,8,1248
2,12,9,1249
2,12,10,1250
2,12,11,1251
2,12,12,1252
2,12,13,1253
2,12,14,1254
2,12,15,1255
2,12,16,1256
2,12,17,1257
2,12,18,1258
2,12,19,1259
2,13,0,1260
2,13,1,1261
2,13,2,1262
2,13,3,1263
2,13,4,1264
2,13,5,1265
2,13,6,1266
2,13,7,1267
2,13,8,1268
2,13,9,1269
2,13,10,1270
2,13,11,1271
2,13,12,1272
2,13,13,1273
2,13,14,1274
2,13,15,1275
2,13,16,1276
2,13,17,1277
2,13,18,1278
2,13,19,1279
2,14,0,1280
2,14,1,1281
2,14,2,1282
2,14,3,1283
2,14,4,1284
2,14,5,1285
2,14,6,1286
2,14,7,1287
2,14,8,1288
2,14,9,1289
2,14,10,1290
2,14,11,1291
2,14,12,1292
2,14,13,1293
2,14,14,1294
2,14,15,1295
2,14,16,1296
2,14,17,1297
2,14,18,1298
2,14,19,1299
2,15,0,1300
2,15,1,1301
2,15,2,1302
2,15,3,1303
2,15,4,1304
2,15,5,1305
2,15,6,1306
2,15,7,1307
2,15,8,1308
2,15,9,1309
2,15,10,1310
2,15,11,1311
2,15,12,1312
2,15,13,1313
2,15,14,1314
2,15,15,1315
2,15,16,1316
2,15,17,1317
2,15,18,1318
2,15,19,1319
2,16,0,1320
2,16,1,1321
2,16,2,1322
2,16,3,1323
2,16,4,1324
2,16,5,1325
2,16,6,1326
2,16,7,1327
2,16,8,1328
2,16,9,1329
2,16,10,1330
2,16,11,1331
2,16,12,1332
2,16,13,1333
2,16,14,1334
2,16,15,1335
2,16,16,1336
2,16,17,1337
2,16,18,1338
2,16,19,1339
2,17,0,1340
2,17,1,1341
2,17,2,1342
2,17,3,1343
2,17,4,1344
2,17,5,1345
2,17,6,1346
2,17,7,1347
2,17,8,1348
2,17,9,1349
2,17,10,1350
2,17,11,1351
2,17,12,1352
2,17,13,1353
2,17,14,1354
2,17,15,1355
2,17,16,1356
2,17,17,1357
2,17,18,1358
2,17,19,1359
2,18,0,1360
2,18,1,1361
2,18,2,1362
2,18,3,1363
2,18,4,1364
2,18,5,1365
2,18,6,1366
2,18,7,1367
2,18,8,1368
2,18,9,1369
2,18,10,1370
2,18,11,1371
2,18,12,1372
2,18,13,1373
2,18,14,1374
2,18,15,1375
2,18,16,1376
2,18,17,1377
2,18,18,1378
2,18,19,1379
2,19,0,1380
2,19,1,1381
2,19,2,1382
2,19,3,1383
2,19,4,1384
2,19,5,1385
2,19,6,1386
2,19,7,1387
2,19,8,1388
2,19,9,1389
2,19,10,1390
2,19,11,1391
2,19,12,1392
2,19,13,1393
2,19,14,1394
2,19,15,1395
2,19,16,1396
2,19,17,1397
2,19,18,1398
2,19,19,1399
2,20,0,1400
2,20,1,1401
2,20,2,1402
2,20,3,1403
2,20,4,1404
2,20,5,1405
2,20,6,1406
2,20,7,1407
2,20,8,1408
2,20,9,1409
2,20,10,1410
2,20,11,1411
2,20,12,1412
2,20,13,1413
2,20,14,1414
2,20,15,1415
2,20,16,1416
2,20,17,1417
2,20,18,1418
2,20,19,1419
2,21,0,1420
2,21,1,1421
2,21,2,1422
2,21,3,1423
2,21,4,1424
2,21,5,1425
2,21,6,1426
2,21,7,1427
2,21,8,1428
2,21,9,1429
2,21,10,1430
2,21,11,1431
2,21,12,1432
2,21,13,1433
2,21,14,1434
2,21,15,1435
2,21,16,1436
2,21,17,1437
2,21,18,1438
2,21,19,1439
2,22,0,1440
2,22,1,1441
2,22,2,1442
2,22,3,1443
2,22,4,1444
2,22,5,1445
2,22,6,1446
2,22,7,1447
2,22,8,1448
2,22,9,1449
2,22,10,1450
2,22,11,1451
2,22,12,1452
2,22,13,1453
2,22,14,1454
2,22,15,1455
2,22,16,1456
2,22,17,1457
2,22,18,1458
2,22,19,1459
2,23,0,1460
2,23,1,1461
2,23,2,1462
2,23,3,1463
2,23,4,1464
2,23,5,1465
2,23,6,1466
2,23,7,1467
2,23,8,1468
2,23,9,1469
2,23,10,1470
2,23,11,1471
2,23,12,1472
2,23,13,1473
2,23,14,1474
2,23,15,1475
2,23,16,1476
2,23,17,1477
2,23,18,1478
2,23,19,1479
2,24,0,1480
2,24,1,1481
2,24,2,1482
2,24,3,1483
2,24,4,1484
2,24,5,1485
2,24,6,1486
2,24,7,1487
2,24,8,1488
2,24,9,1489
2,24,10,1490
2,24,11,1491
2,24,12,1492
2,24,13,1493
2,24,14,1494
2,24,15,1495
2,24,16,1496
2,24,17,1497
2,24,18,1498
2,24,19,1499
3,0,0,1500
3,0,1,1501
3,0,2,1502
3,0,3,1503
3,0,4,1504
3,0,5,1505
3,0,6,1506
3,0,7,1507
3,0,8,1508
3,0,9,1509
3,0,10,1510
3,0,11,1511
3,0,12,1512
3,0,13,1513
3,0,14,1514
3,0,15,1515
3,0,16,1516
3,0,17,1517
3,0,18,1518
3,0,19,1519
3,1,0,1520
3,1,1,1521
3,1,2,1522
3,1,3,1523
3,1,4,1524
3,1,5,1525
3,1,6,1526
3,1,7,1527
3,1,8,1528
3,1,9,1529
3,1,10,1530
3,1,11,1531
3,1,12,1532
3,1,13,1533
3,1,14,1534
3,1,15,1535
3,1,16,1536
3,1,17,1537
3,1,18,1538
3,1,19,1539
3,2,0,1540
3,2,1,1541
3,2,2,1542
3,2,3,1543
3,2,4,1544
3,2,5,1545
3,2,6,1546
3,2,7,1547
3,2,8,1548
3,2,9,1549
3,2,10,1550
3,2,11,1551
3,2,12,1552
3,2,13,1553
3,2,14,1554
3,2,15,1555
3,2,16,1556
3,2,17,1557
3,2,18,1558
3,2,19,1559
3,3,0,1560
3,3,1,1561
3,3,2,1562
3,3,3,1563
3,3,4,1564
3,3,5,1565
3,3,6,1566
3,3,7,1567
3,3,8,1568
3,3,9,1569
3,3,10,1570
3,3,11,1571
3,3,12,1572
3,3,13,1573
3,3,14,1574
3,3,15,1575
3,3,16,1576
3,3,17,1577
3,3,18,1578
3,3,19,1579
3,4,0,1580
3,4,1,1581
3,4,2,1582
3,4,3,1583
3,4,4,1584
3,4,5,1585
3,4,6,1586
3,4,7,1587
3,4,8,1588
3,4,9,1589
3,4,10,1590
3,4,11,1591
3,4,12,1592
3,4,13,1593
3,4,14,1594
3,4,15,1595
3,4,16,1596
3,4,17,1597
3,4,18,1598
3,4,19,1599
3,5,0,1600
3,5,1,1601
3,5,2,1602
3,5,3,1603
3,5,4,1604
3,5,5,1605
3,5,6,1606
3,5,7,1607
3,5,8,1608
3,5,9,1609
3,5,10,1610
3,5,11,1611
3,5,12,1612
3,5,13,1613
3,5,14,1614
3,5,15,1615
3,5,16,1616
3,5,17,1617
3,5,18,1618
3,5,19,1619
3,6,0,1620
3,6,1,1621
3,6,2,1622
3,6,3,1623
3,6,4,1624
3,6,5,1625
3,6,6,1626
3,6,7,1627
3,6,8,1628
3,6,9,1629
3,6,10,1630
3,6,11,1631
3,6,12,1632
3,6,13,1633
3,6,14,1634
3,6,15,1635
3,6,16,1636
3,6,17,1637
3,6,18,1638
3,6,19,1639
3,7,0,1640
3,7,1,1641
3,7,2,1642
3,7,3,1643
3,7,4,1644
3,7,5,1645
3,7,6,1646
3,7,7,1647
3,7,8,1648
3,7,9,1649
3,7,10,1650
3,7,11,1651
3,7,12,1652
3,7,13,1653
3,7,14,1654
3,7,15,1655
3,7,16,1656
3,7,17,1657
3,7,18,1658
3,7,19,1659
3,8,0,1660
3,8,1,1661
3,8,2,1662
3,8,3,1663
3,8,4,1664
3,8,5,1665
3,8,6,1666
3,8,7,1667
3,8,8,1668
3,8,9,1669
3,8,10,1670
3,8,11,1671
3,8,12,1672
3,8,13,1673
3,8,14,1674
3,8,15,1675
3,8,16,1676
3,8,17,1677
3,8,18,1678
3,8,19,1679
3,9,0,1680
3,9,1,1681
3,9,2,1682
3,9,3,1683
3,9,4,1684
3,9,5,1685
3,9,6,1686
3,9,7,1687
3,9,8,1688
3,9,9,1689
3,9,10,1690
3,9,11,1691
3,9,12,1692
3,9,13,1693
3,9,14,1694
3,9,15,1695
3,9,16,1696
3,9,17,1697
3,9,18,1698
3,9,19,1699
3,10,0,1700
3,10,1,1701
3,10,2,1702
3,10,3,1703
3,10,4,1704
3,10,5,1705
3,10,6,1706
3,10,7,1707
3,10,8,1708
3,10,9,1709
3,10,10,1710
3,10,11,1711
3,10,12,1712
3,10,13,1713
3,10,14,1714
3,10,15,1715
3,10,16,1716
3,10,17,1717
3,10,18,1718
3,10,19,1719
3,11,0,1720
3,11,1,1721
3,11,2,1722
3,11,3,1723
3,11,4,1724
3,11,5,1725
3,11,6,1726
3,11,7,1727
3,11,8,1728
3,11,9,1729
3,11,10,1730
3,11,11,1731
3,11,12,1732
3,11,13,1733
3,11,14,1734
3,11,15,1735
3,11,16,1736
3,11,17,1737
3,11,18,1738
3,11,19,1739
3,12,0,1740
3,12,1,1741
3,12,2,1742
3,12,3,1743
3,12,4,1744
3,12,5,1745
3,12,6,1746
3,12,7,1747
3,12,8,1748
3,12,9,1749
3,12,10,1750
3,12,11,1751
3,12,12,1752
3,12,13,1753
3,12,14,1754
3,12,15,1755
3,12,16,1756
3,12,17,1757
3,12,18,1758
3,12,19,1759
3,13,0,1760
3,13,1,1761
3,13,2,1762
3,13,3,1763
3,13,4,1764
3,13,5,1765
3,13,6,1766
3,13,7,1767
3,13,8,1768
3,13,9,1769
3,13,10,1770
3,13,11,1771
3,13,12,1772
3,13,13,1773
3,13,14,1774
3,13,15,1775
3,13,16,1776
3,13,17,1777
3,13,18,1778
3,13,19,1779
3,14,0,1780
3,14,1,1781
3,14,2,1782
3,14,3,1783
3,14,4,1784
3,14,5,1785
3,14,6,1786
3,14,7,1787
3,14,8,1788
3,14,9,1789
3,14,10,1790
3,14,11,1791
3,14,12,1792
3,14,13,1793
3,14,14,1794
3,14,15,1795
3,14,16,1796
3,14,17,1797
3,14,18,1798
3,14,19,1799
3,15,0,1800
3,15,1,1801
3,15,2,1802
3,15,3,1803
3,15,4,1804
3,15,5,1805
3,15,6,1806
3,15,7,1807
3,15,8,1808
3,15,9,1809
3,15,10,1810
3,15,11,1811
3,15,12,1812
3,15,13,1813
3,15,14,1814
3,15,15,1815
3,15,16,1816
3,15,17,1817
3,15,18,1818
3,15,19,1819
3,16,0,1820
3,16,1,1821
3,16,2,1822
3,16,3,1823
3,16,4,1824
3,16,5,1825
3,16,6,1826
3,16,7,1827
3,16,8,1828
3,16,9,1829
3,16,10,1830
3,16,11,1831
3,16,12,1832
3,16,13,1833
3,16,14,1834
3,16,15,1835
3,16,16,1836
3,16,17,1837
3,16,18,1838
3,16,19,1839
3,17,0,1840
3,17,1,1841
3,17,2,1842
3,17,3,1843
3,17,4,1844
3,17,5,1845
3,17,6,1846
3,17,7,1847
3,17,8,1848
3,17,9,1849
3,17,10,1850
3,17,11,1851
3,17,12,1852
3,17,13,1853
3,17,14,1854
3,17,15,1855
3,17,16,1856
3,17,17,1857
3,17,18,1858
3,17,19,1859
3,18,0,1860
3,18,1,1861
3,18,2,1862
3,18,3,1863
3,18,4,1864
3,18,5,1865
3,18,6,1866
3,18,7,1867
3,18,8,1868
3,18,9,1869
3,18,10,1870
3,18,11,1871
3,18,12,1872
3,18,13,1873
3,18,14,1874
3,18,15,1875
3,18,16,1876
3,18,17,1877
3,18,18,1878
3,18,19,1879
3,19,0,1880
3,19,1,1881
3,19,2,1882
3,19,3,1883
3,19,4,1884
3,19,5,1885
3,19,6,1886
3,19,7,1887
3,19,8,1888
3,19,9,1889
3,19,10,1890
3,19,11,1891
3,19,12,1892
3,19,13,1893
3,19,14,1894
3,19,15,1895
3,19,16,1896
3,19,17,1897
3,19,18,1898
3,19,19,1899
3,20,0,1900
3,20,1,1901
3,20,2,1902
3,20,3,1903
3,20,4,1904
3,20,5,1905
3,20,6,1906
3,20,7,1907
3,20,8,1908
3,20,9,1909
3,20,10,1910
3,20,11,1911
3,20,12,1912
3,20,13,1913
3,20,14,1914
3,20,15,1915
3,20,16,1916
3,20,17,1917
3,20,18,1918
3,20,19,1919
3,21,0,1920
3,21,1,1921
3,21,2,1922
3,21,3,1923
3,21,4,1924
3,21,5,1925
3,21,6,1926
3,21,7,1927
3,21,8,1928
3,21,9,1929
3,21,10,1930
3,21,11,1931
3,21,12,1932
3,21,13,1933
3,21,14,1934
3,21,15,1935
3,21,16,1936
3,21,17,1937
3,21,18,1938
3,21,19,1939
3,22,0,1940
3,22,1,1941
3,22,2,1942
3,22,3,1943
3,22,4,1944
3,22,5,1945
3,22,6,1946
3,22,7,1947
3,22,8,1948
3,22,9,1949
3,22,10,1950
3,22,11,1951
3,22,12,1952
3,22,13,1953
3,22,14,1954
3,22,15,1955
3,22,16,1956
3,22,17,1957
3,22,18,1958
3,22,19,1959
3,23,0,1960
3,23,1,1961
3,23,2,1962
3,23,3,1963
3,23,4,1964
3,23,5,1965
3,23,6,1966
3,23,7,1967
3,23,8,1968
3,23,9,1969
3,23,10,1970
3,23,11,1971
3,23,12,1972
3,23,13,1973
3,23,14,1974
3,23,15,1975
3,23,16,1976
3,23,17,1977
3,23,18,1978
3,23,19,1979
3,24,0,1980
3,24,1,1981
3,24,2,1982
3,24,3,1983
3,24,4,1984
3,24,5,1985
3,24,6,1986
3,24,7,1987
3,24,8,1988
3,24,9,1989
3,24,10,1990
3,24,11,1991
3,24,12,1992
3,24,13,1993
3,24,14,1994
3,24,15,1995
3,24,16,1996
3,24,17,1997
3,24,18,1998
3,24,19,1999
4,0,0,2000
4,0,1,2001
4,0,2,2002
4,0,3,2003
4,0,4,2004
4,0,5,2005
4,0,6,2006
4,0,7,2007
4,0,8,2008
4,0,9,2009
4,0,10,2010
4,0,11,2011
4,0,12,2012
4,0,13,2013
4,0,14,2014
4,0,15,2015
4,0,16,2016
4,0,17,2017
4,0,18,2018
4,0,19,2019
4,1,0,2020
4,1,1,2021
4,1,2,2022
4,1,3,2023
4,1,4,2024
4,1,5,2025
4,1,6,2026
4,1,7,2027
4,1,8,2028
4,1,9,2029
4,1,10,2030
4,1,11,2031
4,1,12,2032
4,1,13,2033
4,1,14,2034
4,1,15,2035
4,1,16,2036
4,1,17,2037
4,1,18,2038
4,1,19,2039
4,2,0,2040
4,2,1,2041
4,2,2,2042
4,2,3,2043
4,2,4,2044
4,2,5,2045
4,2,6,2046
4,2,7,2047
4,2,8,2048
4,2,9,2049
4,2,10,2050
4,2,11,2051
4,2,12,2052
4,2,13,2053
4,2,14,2054
4,2,15,2055
4,2,16,2056
4,2,17,2057
4,2,18,2058
4,2,19,2059
4,3,0,2060
4,3,1,2061
4,3,2,2062
4,3,3,2063
4,3,4,2064
4,3,5,2065
4,3,6,2066
4,3,7,2067
4,3,8,2068
4,3,9,2069
4,3,10,2070
4,3,11,2071
4,3,12,2072
4,3,13,2073
4,3,14,2074
4,3,15,2075
4,3,16,2076
4,3,17,2077
4,3,18,2078
4,3,19,2079
4,4,0,2080
4,4,1,2081
4,4,2,2082
4,4,3,2083
4,4,4,2084
4,4,5,2085
4,4,6,2086
4,4,7,2087
4,4,8,2088
4,4,9,2089
4,4,10,2090
4,4,11,2091
4,4,12,2092
4,4,13,2093
4,4,14,2094
4,4,15,2095
4,4,16,2096
4,4,17,2097
4,4,18,2098
4,4,19,2099
4,5,0,2100
4,5,1,2101
4,5,2,2102
4,5,3,2103
4,5,4,2104
4,5,5,2105
4,5,6,2106
4,5,7,2107
4,5,8,2108
4,5,9,2109
4,5,10,2110
4,5,11,2111
4,5,12,2112
4,5,13,2113
4,5,14,2114
4,5,15,2115
4,5,16,2116
4,5,17,2117
4,5,18,2118
4,5,19,2119
4,6,0,2120
4,6,1,2121
4,6,2,2122
4,6,3,2123
4,6,4,2124
4,6,5,2125
4,6,6,2126
4,6,7,2127
4,6,8,2128
4,6,9,2129
4,6,10,2130
4,6,11,2131
4,6,12,2132
4,6,13,2133
4,6,14,2134
4,6,15,2135
4,6,16,2136
4,6,17,2137
4,6,18,2138
4,6,19,2139
4,7,0,2140
4,7,1,2141
4,7,2,2142
4,7,3,2143
4,7,4,2144
4,7,5,2145
4,7,6,2146
4,7,7,2147
4,7,8,2148
4,7,9,2149
4,7,10,2150
4,7,11,2151
4,7,12,2152
4,7,13,2153
4,7,14,2154
4,7,15,2155
4,7,16,2156
4,7,17,2157
4,7,18,2158
4,7,19,2159
4,8,0,2160
4,8,1,2161
4,8,2,2162
4,8,3,2163
4,8,4,2164
4,8,5,2165
4,8,6,2166
4,8,7,2167
4,8,8,2168
4,8,9,2169
4,8,10,2170
4,8,11,2171
4,8,12,2172
4,8,13,2173
4,8,14,2174
4,8,15,2175
4,8,16,2176
4,8,17,2177
4,8,18,2178
4,8,19,2179
4,9,0,2180
4,9,1,2181
4,9,2,2182
4,9,3,2183
4,9,4,2184
4,9,5,2185
4,9,6,2186
4,9,7,2187
4,9,8,2188
4,9,9,2189
4,9,10,2190
4,9,11,2191
4,9,12,2192
4,9,13,2193
4,9,14,2194
4,9,15,2195
4,9,16,2196
4,9,17,2197
4,9,18,2198
4,9,19,2199
4,10,0,2200
4,10,1,2201
4,10,2,2202
4,10,3,2203
4,10,4,2204
4,10,5,2205
4,10,6,2206
4,10,7,2207
4,10,8,2208
4,10,9,2209
4,10,10,2210
4,10,11,2211
4,10,12,2212
4,10,13,2213
4,10,14,2214
4,10,15,2215
4,10,16,2216
4,10,17,2217
4,10,18,2218
4,10,19,2219
4,11,0,2220
4,11,1,2221
4,11,2,2222
4,11,3,2223
4,11,4,2224
4,11,5,2225
4,11,6,2226
4,11,7,2227
4,11,8,2228
4,11,9,2229
4,11,10,2230
4,11,11,2231
4,11,12,2232
4,11,13,2233
4,11,14,2234
4,11,15,2235
4,11,16,2236
4,11,17,2237
4,11,18,2238
4,11,19,2239
4,12,0,2240
4,12,1,2241
4,12,2,2242
4,12,3,2243
4,12,4,2244
4,12,5,2245
4,12,6,2246
4,12,7,2247
4,12,8,2248
4,12,9,2249
4,12,10,2250
4,12,11,2251
4,12,12,2252
4,12,13,2253
4,12,14,2254
4,12,15,2255
4,12,16,2256
4,12,17,2257
4,12,18,2258
4,12,19,2259
4,13,0,2260
4,13,1,2261
4,13,2,2262
4,13,3,2263
4,13,4,2264
4,13,5,2265
4,13,6,2266
4,13,7,2267
4,13,8,2268
4,13,9,2269
4,13,10,2270
4,13,11,2271
4,13,12,2272
4,13,13,2273
4,13,14,2274
4,13,15,2275
4,13,16,2276
4,13,17,2277
4,13,18,2278
4,13,19,2279
4,14,0,2280
4,14,1,2281
4,14,2,2282
4,14,3,2283
4,14,4,2284
4,14,5,2285
4,14,6,2286
4,14,7,2287
4,14,8,2288
4,14,9,2289
4,14,10,2290
4,14,11,2291
4,14,12,2292
4,14,13,2293
4,14,14,2294
4,14,15,2295
4,14,16,2296
4,14,17,2297
4,14,18,2298
4,14,19,2299
4,15,0,2300
4,15,1,2301
4,15,2,2302
4,15,3,2303
4,15,4,2304
4,15,5,2305
4,15,6,2306
4,15,7,2307
4,15,8,2308
4,15,9,2309
4,15,10,2310
4,15,11,2311
4,15,12,2312
4,15,13,2313
4,15,14,2314
4,15,15,2315
4,15,16,2316
4,15,17,2317
4,15,18,2318
4,15,19,2319
4,16,0,2320
4,16,1,2321
4,16,2,2322
4,16,3,2323
4,16,4,2324
4,16,5,2325
4,16,6,2326
4,16,7,2327
4,16,8,2328
4,16,9,2329
4,16,10,2330
4,16,11,2331
4,16,12,2332
4,16,13,2333
4,16,14,2334
4,16,15,2335
4,16,16,2336
4,16,17,2337
4,16,18,2338
4,16,19,2339
4,17,0,2340
4,17,1,2341
4,17,2,2342
4,17,3,2343
4,17,4,2344
4,17,5,2345
4,17,6,2346
4,17,7,2347
4,17,8,2348
4,17,9,2349
4,17,10,2350
4,17,11,2351
4,17,12,2352
4,17,13,2353
4,17,14,2354
4,17,15,2355
4,17,16,2356
4,17,17,2357
4,17,18,2358
4,17,19,2359
4,18,0,2360
4,18,1,2361
4,18,2,2362
4,18,3,2363
4,18,4,2364
4,18,5,2365
4,18,6,2366
4,18,7,2367
4,18,8,2368
4,18,9,2369
4,18,10,2370
4,18,11,2371
4,18,12,2372
4,18,13,2373
4,18,14,2374
4,18,15,2375
4,18,16,2376
4,18,17,2377
4,18,18,2378
4,18,19,2379
4,19,0,2380
4,19,1,2381
4,19,2,2382
4,19,3,2383
4,19,4,2384
4,19,5,2385
4,19,6,2386
4,19,7,2387
4,19,8,2388
4,19,9,2389
4,19,10,2390
4,19,11,2391
4,19,12,2392
4,19,13,2393
4,19,14,2394
4,19,15,2395
4,19,16,2396
4,19,17,2397
4,19,18,2398
4,19,19,2399
4,20,0,2400
4,20,1,2401
4,20,2,2402
4,20,3,2403
4,20,4,2404
4,20,5,2405
4,20,6,2406
4,20,7,2407
4,20,8,2408
4,20,9,2409
4,20,10,2410
4,20,11,2411
4,20,12,2412
4,20,13,2413
4,20,14,2414
4,20,15,2415
4,20,16,2416
4,20,17,2417
4,20,18,2418
4,20,19,2419
4,21,0,2420
4,21,1,2421
4,21,2,2422
4,21,3,2423
4,21,4,2424
4,21,5,2425
4,21,6,2426
4,21,7,2427
4,21,8,2428
4,21,9,2429
4,21,10,2430
4,21,11,2431
4,21,12,2432
4,21,13,2433
4,21,14,2434
4,21,15,2435
4,21,16,2436
4,21,17,2437
4,21,18,2438
4,21,19,2439
4,22,0,2440
4,22,1,2441
4,22,2,2442
4,22,3,2443
4,22,4,2444
4,22,5,2445
4,22,6,2446
4,22,7,2447
4,22,8,2448
4,22,9,2449
4,22,10,2450
4,22,11,2451
4,22,12,2452
4,22,13,2453
4,22,14,2454
4,22,15,2455
4,22,16,2456
4,22,17,2457
4,22,18,2458
4,22,19,2459
4,23,0,2460
4,23,1,2461
4,23,2,2462
4,23,3,2463
4,23,4,2464
4,23,5,2465
4,23,6,2466
4,23,7,2467
4,23,8,2468
4,23,9,2469
4,23,10,2470
4,23,11,2471
4,23,12,2472
4,23,13,2473
4,23,14,2474
4,23,15,2475
4,23,16,2476
4,23,17,2477
4,23,18,2478
4,23,19,2479
4,24,0,2480
4,24,1,2481
4,24,2,2482
4,24,3,2483
4,24,4,2484
4,24,5,2485
4,24,6,2486
4,24,7,2487
4,24,8,2488
4,24,9,2489
4,24,10,2490
4,24,11,2491
4,24,12,2492
4,24,13,2493
4,24,14,2494
4,24,15,2495
4,24,16,2496
4,24,17,2497
4,24,18,2498
4,24,19,2499
5,0,0,2500
5,0,1,2501
5,0,2,2502
5,0,3,2503
5,0,4,2504
5,0,5,2505
5,0,6,2506
5,0,7,2507
5,0,8,2508
5,0,9,2509
5,0,10,2510
5,0,11,2511
5,0,12,2512
5,0,13,2513
5,0,14,2514
5,0,15,2515
5,0,16,2516
5,0,17,2517
5,0,18,2518
5,0,19,2519
5,1,0,2520
5,1,1,2521
5,1,2,2522
5,1,3,2523
5,1,4,2524
5,1,5,2525
5,1,6,2526
5,1,7,2527
5,1,8,2528
5,1,9,2529
5,1,10,2530
5,1,11,2531
5,1,12,2532
5,1,13,2533
5,1,14,2534
5,1,15,2535
5,1,16,2536
5,1,17,2537
5,1,18,2538
5,1,19,2539
5,2,0,2540
5,2,1,2541
5,2,2,2542
5,2,3,2543
5,2,4,2544
5,2,5,2545
5,2,6,2546
5,2,7,2547
5,2,8,2548
5,2,9,2549
5,2,10,2550
5,2,11,2551
5,2,12,2552
5,2,13,2553
5,2,14,2554
5,2,15,2555
5,2,16,2556
5,2,17,2557
5,2,18,2558
5,2,19,2559
5,3,0,2560
5,3,1,2561
5,3,2,2562
5,3,3,2563
5,3,4,2564
5,3,5,2565
5,3,6,2566
5,3,7,2567
5,3,8,2568
5,3,9,2569
5,3,10,2570
5,3,11,2571
5,3,12,2572
5,3,13,2573
5,3,14,2574
5,3,15,2575
5,3,16,2576
5,3,17,2577
5,3,18,2578
5,3,19,2579
5,4,0,2580
5,4,1,2581
5,4,2,2582
5,4,3,2583
5,4,4,2584
5,4,5,2585
5,4,6,2586
5,4,7,2587
5,4,8,2588
5,4,9,2589
5,4,10,2590
5,4,11,2591
5,4,12,2592
5,4,13,2593
5,4,14,2594
5,4,15,2595
5,4,16,2596
5,4,17,2597
5,4,18,2598
5,4,19,2599
5,5,0,2600
5,5,1,2601
5,5,2,2602
5,5,3,2603
5,5,4,2604
5,5,5,2605
5,5,6,2606
5,5,7,2607
5,5,8,2608
5,5,9,2609
5,5,10,2610
5,5,11,2611
5,5,12,2612
5,5,13,2613
5,5,14,2614
5,5,15,2615
5,5,16,2616
5,5,17,2617
5,5,18,2618
5,5,19,2619
5,6,0,2620
5,6,1,2621
5,6,2,2622
5,6,3,2623
5,6,4,2624
5,6,5,2625
5,6,6,2626
5,6,7,2627
5,6,8,2628
5,6,9,2629
5,6,10,2630
5,6,11,2631
5,6,12,2632
5,6,13,2633
5,6,14,2634
5,6,15,2635
5,6,16,2636
5,6,17,2637
5,6,18,2638
5,6,19,2639
5,7,0,2640
5,7,1,2641
5,7,2,2642
5,7,3,2643
5,7,4,2644
5,7,5,2645
5,7,6,2646
5,7,7,2647
5,7,8,2648
5,7,9,2649
5,7,10,2650
5,7,11,2651
5,7,12,2652
5,7,13,2653
5,7,14,2654
5,7,15,2655
5,7,16,2656
5,7,17,2657
5,7,18,2658
5,7,19,2659
5,8,0,2660
5,8,1,2661
5,8,2,2662
5,8,3,2663
5,8,4,2664
5,8,5,2665
5,8,6,2666
5,8,7,2667
5,8,8,2668
5,8,9,2669
5,8,10,2670
5,8,11,2671
5,8,12,2672
5,8,13,2673
5,8,14,2674
5,8,15,2675
5,8,16,2676
5,8,17,2677
5,8,18,2678
5,8,19,2679
5,9,0,2680
5,9,1,2681
5,9,2,2682
5,9,3,2683
5,9,4,2684
5,9,5,2685
5,9,6,2686
5,9,7,2687
5,9,8,2688
5,9,9,2689
5,9,10,2690
5,9,11,2691
5,9,12,2692
5,9,13,2693
5,9,14,2694
5,9,15,2695
5,9,16,2696
5,9,17,2697
5,9,18,2698
5,9,19,2699
5,10,0,2700
5,10,1,2701
5,10,2,2702
5,10,3,2703
5,10,4,2704
5,10,5,2705
5,10,6,2706
5,10,7,2707
5,10,8,2708
5,10,9,2709
5,10,10,2710
5,10,11,2711
5,10,12,2712
5,10,13,2713
5,10,14,2714
5,10,15,2715
5,10,16,2716
5,10,17,2717
5,10,18,2718
5,10,19,2719
5,11,0,2720
5,11,1,2721
5,11,2,2722
5,11,3,2723
5,11,4,2724
5,11,5,2725
5,11,6,2726
5,11,7,2727
5,11,8,2728
5,11,9,2729
5,11,10,2730
5,11,11,2731
5,11,12,2732
5,11,13,2733
5,11,14,2734
5,11,15,2735
5,11,16,2736
5,11,17,2737
5,11,18,2738
5,11,19,2739
5,12,0,2740
5,12,1,2741
5,12,2,2742
5,12,3,2743
5,12,4,2744
5,12,5,2745
5,12,6,2746
5,12,7,2747
5,12,8,2748
5,12,9,2749
5,12,10,2750
5,12,11,2751
5,12,12,2752
5,12,13,2753
5,12,14,2754
5,12,15,2755
5,12,16,2756
5,12,17,2757
5,12,18,2758
5,12,19,2759
5,13,0,2760
5,13,1,2761
5,13,2,2762
5,13,3,2763
5,13,4,2764
5,13,5,2765
5,13,6,2766
5,13,7,2767
5,13,8,2768
5,13,9,2769
5,13,10,2770
5,13,11,2771
5,13,12,2772
5,13,13,2773
5,13,14,2774
5,13,15,2775
5,13,16,2776
5,13,17,2777
5,13,18,2778
5,13,19,2779
5,14,0,2780
5,14,1,2781
5,14,2,2782
5,14,3,2783
5,14,4,2784
5,14,5,2785
5,14,6,2786
5,14,7,2787
5,14,8,2788
5,14,9,2789
5,14,10,2790
5,14,11,2791
5,14,12,2792
5,14,13,2793
5,14,14,2794
5,14,15,2795
5,14,16,2796
5,14,17,2797
5,14,18,2798
5,14,19,2799
5,15,0,2800
5,15,1,2801
5,15,2,2802
5,15,3,2803
5,15,4,2804
5,15,5,2805
5,15,6,2806
5,15,7,2807
5,15,8,2808
5,15,9,2809
5,15,10,2810
5,15,11,2811
5,15,12,2812
5,15,13,2813
5,15,14,2814
5,15,15,2815
5,15,16,2816
5,15,17,2817
5,15,18,2818
5,15,19,2819
5,16,0,2820
5,16,1,2821
5,16,2,2822
5,16,3,2823
5,16,4,2824
5,16,5,2825
5,16,6,2826
5,16,7,2827
5,16,8,2828
5,16,9,2829
5,16,10,2830
5,16,11,2831
5,16,12,2832
5,16,13,2833
5,16,14,2834
5,16,15,2835
5,16,16,2836
5,16,17,2837
5,16,18,2838
5,16,19,2839
5,17,0,2840
5,17,1,2841
5,17,2,2842
5,17,3,2843
5,17,4,2844
5,17,5,2845
5,17,6,2846
5,17,7,2847
5,17,8,2848
5,17,9,2849
5,17,10,2850
5,17,11,2851
5,17,12,2852
5,17,13,2853
5,17,14,2854
5,17,15,2855
5,17,16,2856
5,17,17,2857
5,17,18,2858
5,17,19,2859
5,18,0,2860
5,18,1,2861
5,18,2,2862
5,18,3,2863
5,18,4,2864
5,18,5,2865
5,18,6,2866
5,18,7,2867
5,18,8,2868
5,18,9,2869
5,18,10,2870
5,18,11,2871
5,18,12,2872
5,18,13,2873
5,18,14,2874
5,18,15,2875
5,18,16,2876
5,18,17,2877
5,18,18,2878
5,18,19,2879
5,19,0,2880
5,19,1,2881
5,19,2,2882
5,19,3,2883
5,19,4,2884
5,19,5,2885
5,19,6,2886
5,19,7,2887
5,19,8,2888
5,19,9,2889
5,19,10,2890
5,19,11,2891
5,19,12,2892
5,19,13,2893
5,19,14,2894
5,19,15,2895
5,19,16,2896
5,19,17,2897
5,19,18,2898
5,19,19,2899
5,20,0,2900
5,20,1,2901
5,20,2,2902
5,20,3,2903
5,20,4,2904
5,20,5,2905
5,20,6,2906
5,20,7,2907
5,20,8,2908
5,20,9,2909
5,20,10,2910
5,20,11,2911
5,20,12,2912
5,20,13,2913
5,20,14,2914
5,20,15,2915
5,20,16,2916
5,20,17,2917
5,20,18,2918
5,20,19,2919
5,21,0,2920
5,21,1,2921
5,21,2,2922
5,21,3,2923
5,21,4,2924
5,21,5,2925
5,21,6,2926
5,21,7,2927
5,21,8,2928
5,21,9,2929
5,21,10,2930
5,21,11,2931
5,21,12,2932
5,21,13,2933
5,21,14,2934
5,21,15,2935
5,21,16,2936
5,21,17,2937
5,21,18,2938
5,21,19,2939
5,22,0,2940
5,22,1,2941
5,22,2,2942
5,22,3,2943
5,22,4,2944
5,22,5,2945
5,22,6,2946
5,22,7,2947
5,22,8,2948
5,22,9,2949
5,22,10,2950
5,22,11,2951
5,22,12,2952
5,22,13,2953
5,22,14,2954
5,22,15,2955
5,22,16,2956
5,22,17,2957
5,22,18,2958
5,22,19,2959
5,23,0,2960
5,23,1,2961
5,23,2,2962
5,23,3,2963
5,23,4,2964
5,23,5,2965
5,23,6,2966
5,23,7,2967
5,23,8,2968
5,23,9,2969
5,23,10,2970
5,23,11,2971
5,23,12,2972
5,23,13,2973
5,23,14,2974
5,23,15,2975
5,23,16,2976
5,23,17,2977
5,23,18,2978
5,23,19,2979
5,24,0,2980
5,24,1,2981
5,24,2,2982
5,24,3,2983
5,24,4,2984
5,24,5,2985
5,24,6,2986
5,24,7,2987
5,24,8,2988
5,24,9,2989
5,24,10,2990
5,24,11,2991
5,24,12,2992
5,24,13,2993
5,24,14,2994
5,24,15,2995
5,24,16,2996
5,24,17,2997
5,24,18,2998
5,24,19,2999
6,0,0,3000
6,0,1,3001
6,0,2,3002
6,0,3,3003
6,0,4,3004
6,0,5,3005
6,0,6,3006
6,0,7,3007
6,0,8,3008
6,0,9,3009
6,0,10,3010
6,0,11,3011
6,0,12,3012
6,0,13,3013
6,0,14,3014
6,0,15,3015
6,0,16,3016
6,0,17,3017
6,0,18,3018
6,0,19,3019
6,1,0,3020
6,1,1,3021
6,1,2,3022
6,1,3,3023
6,1,4,3024
6,1,5,3025
6,1,6,3026
6,1,7,3027
6,1,8,3028
6,1,9,3029
6,1,10,3030
6,1,11,3031
6,1,12,3032
6,1,13,3033
6,1,14,3034
6,1,15,3035
6,1,16,3036
6,1,17,3037
6,1,18,3038
6,1,19,3039
6,2,0,3040
6,2,1,3041
6,2,2,3042
6,2,3,3043
6,2,4,3044
6,2,5,3045
6,2,6,3046
6,2,7,3047
6,2,8,3048
6,2,9,3049
6,2,10,3050
6,2,11,3051
6,2,12,3052
6,2,13,3053
6,2,14,3054
6,2,15,3055
6,2,16,3056
6,2,17,3057
6,2,18,3058
6,2,19,3059
6,3,0,3060
6,3,1,3061
6,3,2,3062
6,3,3,3063
6,3,4,3064
6,3,5,3065
6,3,6,3066
6,3,7,3067
6,3,8,3068
6,3,9,3069
6,3,10,3070
6,3,11,3071
6,3,12,3072
6,3,13,3073
6,3,14,3074
6,3,15,3075
6,3,16,3076
6,3,17,3077
6,3,18,3078
6,3,19,3079
6,4,0,3080
6,4,1,3081
6,4,2,3082
6,4,3,3083
6,4,4,3084
6,4,5,3085
6,4,6,3086
6,4,7,3087
6,4,8,3088
6,4,9,3089
6,4,10,3090
6,4,11,3091
6,4,12,3092
6,4,13,3093
6,4,14,3094
6,4,15,3095
6,4,16,3096
6,4,17,3097
6,4,18,3098
6,4,19,3099
6,5,0,3100
6,5,1,3101
6,5,2,3102
6,5,3,3103
6,5,4,3104
6,5,5,3105
6,5,6,3106
6,5,7,3107
6,5,8,3108
6,5,9,3109
6,5,10,3110
6,5,11,3111
6,5,12,3112
6,5,13,3113
6,5,14,3114
6,5,15,3115
6,5,16,3116
6,5,17,3117
6,5,18,3118
6,5,19,3119
6,6,0,3120
6,6,1,3121
6,6,2,3122
6,6,3,3123
6,6,4,3124
6,6,5,3125
6,6,6,3126
6,6,7,3127
6,6,8,3128
6,6,9,3129
6,6,10,3130
6,6,11,3131
6,6,12,3132
6,6,13,3133
6,6,14,3134
6,6,15,3135
6,6,16,3136
6,6,17,3137
6,6,18,3138
6,6,19,3139
6,7,0,3140
6,7,1,3141
6,7,2,3142
6,7,3,3143
6,7,4,3144
6,7,5,3145
6,7,6,3146
6,7,7,3147
6,7,8,3148
6,7,9,3149
6,7,10,3150
6,7,11,3151
6,7,12,3152
6,7,13,3153
6,7,14,3154
6,7,15,3155
6,7,16,3156
6,7,17,3157
6,7,18,3158
6,7,19,3159
6,8,0,3160
6,8,1,3161
6,8,2,3162
6,8,3,3163
6,8,4,3164
6,8,5,3165
6,8,6,3166
6,8,7,3167
6,8,8,3168
6,8,9,3169
6,8,10,3170
6,8,11,3171
6,8,12,3172
6,8,13,3173
6,8,14,3174
6,8,15,3175
6,8,16,3176
6,8,17,3177
6,8,18,3178
6,8,19,3179
6,9,0,3180
6,9,1,3181
6,9,2,3182
6,9,3,3183
6,9,4,3184
6,9,5,3185
6,9,6,3186
6,9,7,3187
6,9,8,3188
6,9,9,3189
6,9,10,3190
6,9,11,3191
6,9,12,3192
6,9,13,3193
6,9,14,3194
6,9,15,3195
6,9,16,3196
6,9,17,3197
6,9,18,3198
6,9,19,3199
6,10,0,3200
6,10,1,3201
6,10,2,3202
6,10,3,3203
6,10,4,3204
6,10,5,3205
6,10,6,3206
6,10,7,3207
6,10,8,3208
6,10,9,3209
6,10,10,3210
6,10,11,3211
6,10,12,3212
6,10,13,3213
6,10,14,3214
6,10,15,3215
6,10,16,3216
6,10,17,3217
6,10,18,3218
6,10,19,3219
6,11,0,3220
6,11,1,3221
6,11,2,3222
6,11,3,3223
6,11,4,3224
6,11,5,3225
6,11,6,3226
6,11,7,3227
6,11,8,3228
6,11,9,3229
6,11,10,3230
6,11,11,3231
6,11,12,3232
6,11,13,3233
6,11,14,3234
6,11,15,3235
6,11,16,3236
6,11,17,3237
6,11,18,3238
6,11,19,3239
6,12,0,3240
6,12,1,3241
6,12,2,3242
6,12,3,3243
6,12,4,3244
6,12,5,3245
6,12,6,3246
6,12,7,3247
6,12,8,3248
6,12,9,3249
6,12,10,3250
6,12,11,3251
6,12,12,3252
6,12,13,3253
6,12,14,3254
6,12,15,3255
6,12,16,3256
6,12,17,3257
6,12,18,3258
6,12,19,3259
6,13,0,3260
6,13,1,3261
6,13,2,3262
6,13,3,3263
6,13,4,3264
6,13,5,3265
6,13,6,3266
6,13,7,3267
6,13,8,3268
6,13,9,3269
6,13,10,3270
6,13,11,3271
6,13,12,3272
6,13,13,3273
6,13,14,3274
6,13,15,3275
6,13,16,3276
6,13,17,3277
6,13,18,3278
6,13,19,3279
6,14,0,3280
6,14,1,3281
6,14,2,3282
6,14,3,3283
6,14,4,3284
6,14,5,3285
6,14,6,3286
6,14,7,3287
6,14,8,3288
6,14,9,3289
6,14,10,3290
6,14,11,3291
6,14,12,3292
6,14,13,3293
6,14,14,3294
6,14,15,3295
6,14,16,3296
6,14,17,3297
6,14,18,3298
6,14,19,3299
6,15,0,3300
6,15,1,3301
6,15,2,3302
6,15,3,3303
6,15,4,3304
6,15,5,3305
6,15,6,3306
6,15,7,3307
6,15,8,3308
6,15,9,3309
6,15,10,3310
6,15,11,3311
6,15,12,3312
6,15,13,3313
6,15,14,3314
6,15,15,3315
6,15,16,3316
6,15,17,3317
6,15,18,3318
6,15,19,3319
6,16,0,3320
6,16,1,3321
6,16,2,3322
6,16,3,3323
6,16,4,3324
6,16,5,3325
6,16,6,3326
6,16,7,3327
6,16,8,3328
6,16,9,3329
6,16,10,3330
6,16,11,3331
6,16,12,3332
6,16,13,3333
6,16,14,3334
6,16,15,3335
6,16,16,3336
6,16,17,3337
6,16,18,3338
6,16,19,3339
6,17,0,3340
6,17,1,3341
6,17,2,3342
6,17,3,3343
6,17,4,3344
6,17,5,3345
6,17,6,3346
6,17,7,3347
6,17,8,3348
6,17,9,3349
6,17,10,3350
6,17,11,3351
6,17,12,3352
6,17,13,3353
6,17,14,3354
6,17,15,3355
6,17,16,3356
6,17,17,3357
6,17,18,3358
6,17,19,3359
6,18,0,3360
6,18,1,3361
6,18,2,3362
6,18,3,3363
6,18,4,3364
6,18,5,3365
6,18,6,3366
6,18,7,3367
6,18,8,3368
6,18,9,3369
6,18,10,3370
6,18,11,3371
6,18,12,3372
6,18,13,3373
6,18,14,3374
6,18,15,3375
6,18,16,3376
6,18,17,3377
6,18,18,3378
6,18,19,3379
6,19,0,3380
6,19,1,3381
6,19,2,3382
6,19,3,3383
6,19,4,3384
6,19,5,3385
6,19,6,3386
6,19,7,3387
6,19,8,3388
6,19,9,3389
6,19,10,3390
6,19,11,3391
6,19,12,3392
6,19,13,3393
6,19,14,3394
6,19,15,3395
6,19,16,3396
6,19,17,3397
6,19,18,3398
6,19,19,3399
6,20,0,3400
6,20,1,3401
6,20,2,3402
6,20,3,3403
6,20,4,3404
6,20,5,3405
6,20,6,3406
6,20,7,3407
6,20,8,3408
6,20,9,3409
6,20,10,3410
6,20,11,3411
6,20,12,3412
6,20,13,3413
6,20,14,3414
6,20,15,3415
6,20,16,3416
6,20,17,3417
6,20,18,3418
6,20,19,3419
6,21,0,3420
6,21,1,3421
6,21,2,3422
6,21,3,3423
6,21,4,3424
6,21,5,3425
6,21,6,3426
6,21,7,3427
6,21,8,3428
6,21,9,3429
6,21,10,3430
6,21,11,3431
6,21,12,3432
6,21,13,3433
6,21,14,3434
6,21,15,3435
6,21,16,3436
6,21,17,3437
6,21,18,3438
6,21,19,3439
6,22,0,3440
6,22,1,3441
6,22,2,3442
6,22,3,3443
6,22,4,3444
6,22,5,3445
6,22,6,3446
6,22,7,3447
6,22,8,3448
6,22,9,3449
6,22,10,3450
6,22,11,3451
6,22,12,3452
6,22,13,3453
6,22,14,3454
6,22,15,3455
6,22,16,3456
6,22,17,3457
6,22,18,3458
6,22,19,3459
6,23,0,3460
6,23,1,3461
6,23,2,3462
6,23,3,3463
6,23,4,3464
6,23,5,3465
6,23,6,3466
6,23,7,3467
6,23,8,3468
6,23,9,3469
6,23,10,3470
6,23,11,3471
6,23,12,3472
6,23,13,3473
6,23,14,3474
6,23,15,3475
6,23,16,3476
6,23,17,3477
6,23,18,3478
6,23,19,3479
6,24,0,3480
6,24,1,3481
6,24,2,3482
6,24,3,3483
6,24,4,3484
6,24,5,3485
6,24,6,3486
6,24,7,3487
6,24,8,3488
6,24,9,3489
6,24,10,3490
6,24,11,3491
6,24,12,3492
6,24,13,3493
6,24,14,3494
6,24,15,3495
6,24,16,3496
6,24,17,3497
6,24,18,3498
6,24,19,3499
7,0,0,3500
7,0,1,3501
7,0,2,3502
7,0,3,3503
7,0,4,3504
7,0,5,3505
7,0,6,3506
7,0,7,3507
7,0,8,3508
7,0,9,3509
7,0,10,3510
7,0,11,3511
7,0,12,3512
7,0,13,3513
7,0,14,3514
7,0,15,3515
7,0,16,3516
7,0,17,3517
7,0,18,3518
7,0,19,3519
7,1,0,3520
7,1,1,3521
7,1,2,3522
7,1,3,3523
7,1,4,3524
7,1,5,3525
7,1,6,3526
7,1,7,3527
7,1,8,3528
7,1,9,3529
7,1,10,3530
7,1,11,3531
7,1,12,3532
7,1,13,3533
7,1,14,3534
7,1,15,3535
7,1,16,3536
7,1,17,3537
7,1,18,3538
7,1,19,3539
7,2,0,3540
7,2,1,3541
7,2,2,3542
7,2,3,3543
7,2,4,3544
7,2,5,3545
7,2,6,3546
7,2,7,3547
7,2,8,3548
7,2,9,3549
7,2,10,3550
7,2,11,3551
7,2,12,3552
7,2,13,3553
7,2,14,3554
7,2,15,3555
7,2,16,3556
7,2,17,3557
7,2,18,3558
7,2,19,3559
7,3,0,3560
7,3,1,3561
7,3,2,3562
7,3,3,3563
7,3,4,3564
7,3,5,3565
7,3,6,3566
7,3,7,3567
7,3,8,3568
7,3,9,3569
7,3,10,3570
7,3,11,3571
7,3,12,3572
7,3,13,3573
7,3,14,3574
7,3,15,3575
7,3,16,3576
7,3,17,3577
7,3,18,3578
7,3,19,3579
7,4,0,3580
7,4,1,3581
7,4,2,3582
7,4,3,3583
7,4,4,3584
7,4,5,3585
7,4,6,3586
7,4,7,3587
7,4,8,3588
7,4,9,3589
7,4,10,3590
7,4,11,3591
7,4,12,3592
7,4,13,3593
7,4,14,3594
7,4,15,3595
7,4,16,3596
7,4,17,3597
7,4,18,3598
7,4,19,3599
7,5,0,3600
7,5,1,3601
7,5,2,3602
7,5,3,3603
7,5,4,3604
7,5,5,3605
7,5,6,3606
7,5,7,3607
7,5,8,3608
7,5,9,3609
7,5,10,3610
7,5,11,3611
7,5,12,3612
7,5,13,3613
7,5,14,3614
7,5,15,3615
7,5,16,3616
7,5,17,3617
7,5,18,3618
7,5,19,3619
7,6,0,3620
7,6,1,3621
7,6,2,3622
7,6,3,3623
7,6,4,3624
7,6,5,3625
7,6,6,3626
7,6,7,3627
7,6,8,3628
7,6,9,3629
7,6,10,3630
7,6,11,3631
7,6,12,3632
7,6,13,3633
7,6,14,3634
7,6,15,3635
7,6,16,3636
7,6,17,3637
7,6,18,3638
7,6,19,3639
7,7,0,3640
7,7,1,3641
7,7,2,3642
7,7,3,3643
7,7,4,3644
7,7,5,3645
7,7,6,3646
7,7,7,3647
7,7,8,3648
7,7,9,3649
7,7,10,3650
7,7,11,3651
7,7,12,3652
7,7,13,3653
7,7,14,3654
7,7,15,3655
7,7,16,3656
7,7,17,3657
7,7,18,3658
7,7,19,3659
7,8,0,3660
7,8,1,3661
7,8,2,3662
7,8,3,3663
7,8,4,3664
7,8,5,3665
7,8,6,3666
7,8,7,3667
7,8,8,3668
7,8,9,3669
7,8,10,3670
7,8,11,3671
7,8,12,3672
7,8,13,3673
7,8,14,3674
7,8,15,3675
7,8,16,3676
7,8,17,3677
7,8,18,3678
7,8,19,3679
7,9,0,3680
7,9,1,3681
7,9,2,3682
7,9,3,3683
7,9,4,3684
7,9,5,3685
7,9,6,3686
7,9,7,3687
7,9,8,3688
7,9,9,3689
7,9,10,3690
7,9,11,3691
7,9,12,3692
7,9,13,3693
7,9,14,3694
7,9,15,3695
7,9,16,3696
7,9,17,3697
7,9,18,3698
7,9,19,3699
7,10,0,3700
7,10,1,3701
7,10,2,3702
7,10,3,3703
7,10,4,3704
7,10,5,3705
7,10,6,3706
7,10,7,3707
7,10,8,3708
7,10,9,3709
7,10,10,3710
7,10,11,3711
7,10,12,3712
7,10,13,3713
7,10,14,3714
7,10,15,3715
7,10,16,3716
7,10,17,3717
7,10,18,3718
7,10,19,3719
7,11,0,3720
7,11,1,3721
7,11,2,3722
7,11,3,3723
7,11,4,3724
7,11,5,3725
7,11,6,3726
7,11,7,3727
7,11,8,3728
7,11,9,3729
7,11,10,3730
7,11,11,3731
7,11,12,3732
7,11,13,3733
7,11,14,3734
7,11,15,3735
7,11,16,3736
7,11,17,3737
7,11,18,3738
7,11,19,3739
7,12,0,3740
7,12,1,3741
7,12,2,3742
7,12,3,3743
7,12,4,3744
7,12,5,3745
7,12,6,3746
7,12,7,3747
7,12,8,3748
7,12,9,3749
7,12,10,3750
7,12,11,3751
7,12,12,3752
7,12,13,3753
7,12,14,3754
7,12,15,3755
7,12,16,3756
7,12,17,3757
7,12,18,3758
7,12,19,3759
7,13,0,3760
7,13,1,3761
7,13,2,3762
7,13,3,3763
7,13,4,3764
7,13,5,3765
7,13,6,3766
7,13,7,3767
7,13,8,3768
7,13,9,3769
7,13,10,3770
7,13,11,3771
7,13,12,3772
7,13,13,3773
7,13,14,3774
7,13,15,3775
7,13,16,3776
7,13,17,3777
7,13,18,3778
7,13,19,3779
7,14,0,3780
7,14,1,3781
7,14,2,3782
7,14,3,3783
7,14,4,3784
7,14,5,3785
7,14,6,3786
7,14,7,3787
7,14,8,3788
7,14,9,3789
7,14,10,3790
7,14,11,3791
7,14,12,3792
7,14,13,3793
7,14,14,3794
7,14,15,3795
7,14,16,3796
7,14,17,3797
7,14,18,3798
7,14,19,3799
7,15,0,3800
7,15,1,3801
7,15,2,3802
7,15,3,3803
7,15,4,3804
7,15,5,3805
7,15,6,3806
7,15,7,3807
7,15,8,3808
7,15,9,3809
7,15,10,3810
7,15,11,3811
7,15,12,3812
7,15,13,3813
7,15,14,3814
7,15,15,3815
7,15,16,3816
7,15,17,3817
7,15,18,3818
7,15,19,3819
7,16,0,3820
7,16,1,3821
7,16,2,3822
7,16,3,3823
7,16,4,3824
7,16,5,3825
7,16,6,3826
7,16,7,3827
7,16,8,3828
7,16,9,3829
7,16,10,3830
7,16,11,3831
7,16,12,3832
7,16,13,3833
7,16,14,3834
7,16,15,3835
7,16,16,3836
7,16,17,3837
7,16,18,3838
7,16,19,3839
7,17,0,3840
7,17,1,3841
7,17,2,3842
7,17,3,3843
7,17,4,3844
7,17,5,3845
7,17,6,3846
7,17,7,3847
7,17,8,3848
7,17,9,3849
7,17,10,3850
7,17,11,3851
7,17,12,3852
7,17,13,3853
7,17,14,3854
7,17,15,3855
7,17,16,3856
7,17,17,3857
7,17,18,3858
7,17,19,3859
7,18,0,3860
7,18,1,3861
7,18,2,3862
7,18,3,3863
7,18,4,3864
7,18,5,3865
7,18,6,3866
7,18,7,3867
7,18,8,3868
7,18,9,3869
7,18,10,3870
7,18,11,3871
7,18,12,3872
7,18,13,3873
7,18,14,3874
7,18,15,3875
7,18,16,3876
7,18,17,3877
7,18,18,3878
7,18,19,3879
7,19,0,3880
7,19,1,3881
7,19,2,3882
7,19,3,3883
7,19,4,3884
7,19,5,3885
7,19,6,3886
7,19,7,3887
7,19,8,3888
7,19,9,3889
7,19,10,3890
7,19,11,3891
7,19,12,3892
7,19,13,3893
7,19,14,3894
7,19,15,3895
7,19,16,3896
7,19,17,3897
7,19,18,3898
7,19,19,3899
7,20,0,3900
7,20,1,3901
7,20,2,3902
7,20,3,3903
7,20,4,3904
7,20,5,3905
7,20,6,3906
7,20,7,3907
7,20,8,3908
7,20,9,3909
7,20,10,3910
7,20,11,3911
7,20,12,3912
7,20,13,3913
7,20,14,3914
7,20,15,3915
7,20,16,3916
7,20,17,3917
7,20,18,3918
7,20,19,3919
7,21,0,3920
7,21,1,3921
7,21,2,3922
7,21,3,3923
7,21,4,3924
7,21,5,3925
7,21,6,3926
7,21,7,3927
7,21,8,3928
7,21,9,3929
7,21,10,3930
7,21,11,3931
7,21,12,3932
7,21,13,3933
7,21,14,3934
7,21,15,3935
7,21,16,3936
7,21,17,3937
7,21,18,3938
7,21,19,3939
7,22,0,3940
7,22,1,3941
7,22,2,3942
7,22,3,3943
7,22,4,3944
7,22,5,3945
7,22,6,3946
7,22,7,3947
7,22,8,3948
7,22,9,3949
7,22,10,3950
7,22,11,3951
7,22,12,3952
7,22,13,3953
7,22,14,3954
7,22,15,3955
7,22,16,3956
7,22,17,3957
7,22,18,3958
7,22,19,3959
7,23,0,3960
7,23,1,3961
7,23,2,3962
7,23,3,3963
7,23,4,3964
7,23,5,3965
7,23,6,3966
7,23,7,3967
7,23,8,3968
7,23,9,3969
7,23,10,3970
7,23,11,3971
7,23,12,3972
7,23,13,3973
7,23,14,3974
7,23,15,3975
7,23,16,3976
7,23,17,3977
7,23,18,3978
7,23,19,3979
7,24,0,3980
7,24,1,3981
7,24,2,3982
7,24,3,3983
7,24,4,3984
7,24,5,3985
7,24,6,3986
7,24,7,3987
7,24,8,3988
7,24,9,3989
7,24,10,3990
7,24,11,3991
7,24,12,3992
7,24,13,3993
7,24,14,3994
7,24,15,3995
7,24,16,3996
7,24,17,3997
7,24,18,3998
7,24,19,3999
8,0,0,4000
8,0,1,4001
8,0,2,4002
8,0,3,4003
8,0,4,4004
8,0,5,4005
8,0,6,4006
8,0,7,4007
8,0,8,4008
8,0,9,4009
8,0,10,4010
8,0,11,4011
8,0,12,4012
8,0,13,4013
8,0,14,4014
8,0,15,4015
8,0,16,4016
8,0,17,4017
8,0,18,4018
8,0,19,4019
8,1,0,4020
8,1,1,4021
8,1,2,4022
8,1,3,4023
8,1,4,4024
8,1,5,4025
8,1,6,4026
8,1,7,4027
8,1,8,4028
8,1,9,4029
8,1,10,4030
8,1,11,4031
8,1,12,4032
8,1,13,4033
8,1,14,4034
8,1,15,4035
8,1,16,4036
8,1,17,4037
8,1,18,4038
8,1,19,4039
8,2,0,4040
8,2,1,4041
8,2,2,4042
8,2,3,4043
8,2,4,4044
8,2,5,4045
8,2,6,4046
8,2,7,4047
8,2,8,4048
8,2,9,4049
8,2,10,4050
8,2,11,4051
8,2,12,4052
8,2,13,4053
8,2,14,4054
8,2,15,4055
8,2,16,4056
8,2,17,4057
8,2,18,4058
8,2,19,4059
8,3,0,4060
8,3,1,4061
8,3,2,4062
8,3,3,4063
8,3,4,4064
8,3,5,4065
8,3,6,4066
8,3,7,4067
8,3,8,4068
8,3,9,4069
8,3,10,4070
8,3,11,4071
8,3,12,4072
8,3,13,4073
8,3,14,4074
8,3,15,4075
8,3,16,4076
8,3,17,4077
8,3,18,4078
8,3,19,4079
8,4,0,4080
8,4,1,4081
8,4,2,4082
8,4,3,4083
8,4,4,4084
8,4,5,4085
8,4,6,4086
8,4,7,4087
8,4,8,4088
8,4,9,4089
8,4,10,4090
8,4,11,4091
8,4,12,4092
8,4,13,4093
8,4,14,4094
8,4,15,4095
8,4,16,4096
8,4,17,4097
8,4,18,4098
8,4,19,4099
8,5,0,4100
8,5,1,4101
8,5,2,4102
8,5,3,4103
8,5,4,4104
8,5,5,4105
8,5,6,4106
8,5,7,4107
8,5,8,4108
8,5,9,4109
8,5,10,4110
8,5,11,4111
8,5,12,4112
8,5,13,4113
8,5,14,4114
8,5,15,4115
8,5,16,4116
8,5,17,4117
8,5,18,4118
8,5,19,4119
8,6,0,4120
8,6,1,4121
8,6,2,4122
8,6,3,4123
8,6,4,4124
8,6,5,4125
8,6,6,4126
8,6,7,4127
8,6,8,4128
8,6,9,4129
8,6,10,4130
8,6,11,4131
8,6,12,4132
8,6,13,4133
8,6,14,4134
8,6,15,4135
8,6,16,4136
8,6,17,4137
8,6,18,4138
8,6,19,4139
8,7,0,4140
8,7,1,4141
8,7,2,4142
8,7,3,4143
8,7,4,4144
8,7,5,4145
8,7,6,4146
8,7,7,4147
8,7,8,4148
8,7,9,4149
8,7,10,4150
8,7,11,4151
8,7,12,4152
8,7,13,4153
8,7,14,4154
8,7,15,4155
8,7,16,4156
8,7,17,4157
8,7,18,4158
8,7,19,4159
8,8,0,4160
8,8,1,4161
8,8,2,4162
8,8,3,4163
8,8,4,4164
8,8,5,4165
8,8,6,4166
8,8,7,4167
8,8,8,4168
8,8,9,4169
8,8,10,4170
8,8,11,4171
8,8,12,4172
8,8,13,4173
8,8,14,4174
8,8,15,4175
8,8,16,4176
8,8,17,4177
8,8,18,4178
8,8,19,4179
8,9,0,4180
8,9,1,4181
8,9,2,4182
8,9,3,4183
8,9,4,4184
8,9,5,4185
8,9,6,4186
8,9,7,4187
8,9,8,4188
8,9,9,4189
8,9,10,4190
8,9,11,4191
8,9,12,4192
8,9,13,4193
8,9,14,4194
8,9,15,4195
8,9,16,4196
8,9,17,4197
8,9,18,4198
8,9,19,4199
8,10,0,4200
8,10,1,4201
8,10,2,4202
8,10,3,4203
8,10,4,4204
8,10,5,4205
8,10,6,4206
8,10,7,4207
8,10,8,4208
8,10,9,4209
8,10,10,4210
8,10,11,4211
8,10,12,4212
8,10,13,4213
8,10,14,4214
8,10,15,4215
8,10,16,4216
8,10,17,4217
8,10,18,4218
8,10,19,4219
8,11,0,4220
8,11,1,4221
8,11,2,4222
8,11,3,4223
8,11,4,4224
8,11,5,4225
8,11,6,4226
8,11,7,4227
8,11,8,4228
8,11,9,4229
8,11,10,4230
8,11,11,4231
8,11,12,4232
8,11,13,4233
8,11,14,4234
8,11,15,4235
8,11,16,4236
8,11,17,4237
8,11,18,4238
8,11,19,4239
8,12,0,4240
8,12,1,4241
8,12,2,4242
8,12,3,4243
8,12,4,4244
8,12,5,4245
8,12,6,4246
8,12,7,4247
8,12,8,4248
8,12,9,4249
8,12,10,4250
8,12,11,4251
8,12,12,4252
8,12,13,4253
8,12,14,4254
8,12,15,4255
8,12,16,4256
8,12,17,4257
8,12,18,4258
8,12,19,4259
8,13,0,4260
8,13,1,4261
8,13,2,4262
8,13,3,4263
8,13,4,4264
8,13,5,4265
8,13,6,4266
8,13,7,4267
8,13,8,4268
8,13,9,4269
8,13,10,4270
8,13,11,4271
8,13,12,4272
8,13,13,4273
8,13,14,4274
8,13,15,4275
8,13,16,4276
8,13,17,4277
8,13,18,4278
8,13,19,4279
8,14,0,4280
8,14,1,4281
8,14,2,4282
8,14,3,4283
8,14,4,4284
8,14,5,4285
8,14,6,4286
8,14,7,4287
8,14,8,4288
8,14,9,4289
8,14,10,4290
8,14,11,4291
8,14,12,4292
8,14,13,4293
8,14,14,4294
8,14,15,4295
8,14,16,4296
8,14,17,4297
8,14,18,4298
8,14,19,4299
8,15,0,4300
8,15,1,4301
8,15,2,4302
8,15,3,4303
8,15,4,4304
8,15,5,4305
8,15,6,4306
8,15,7,4307
8,15,8,4308
8,15,9,4309
8,15,10,4310
8,15,11,4311
8,15,12,4312
8,15,13,4313
8,15,14,4314
8,15,15,4315
8,15,16,4316
8,15,17,4317
8,15,18,4318
8,15,19,4319
8,16,0,4320
8,16,1,4321
8,16,2,4322
8,16,3,4323
8,16,4,4324
8,16,5,4325
8,16,6,4326
8,16,7,4327
8,16,8,4328
8,16,9,4329
8,16,10,4330
8,16,11,4331
8,16,12,4332
8,16,13,4333
8,16,14,4334
8,16,15,4335
8,16,16,4336
8,16,17,4337
8,16,18,4338
8,16,19,4339
8,17,0,4340
8,17,1,4341
8,17,2,4342
8,17,3,4343
8,17,4,4344
8,17,5,4345
8,17,6,4346
8,17,7,4347
8,17,8,4348
8,17,9,4349
8,17,10,4350
8,17,11,4351
8,17,12,4352
8,17,13,4353
8,17,14,4354
8,17,15,4355
8,17,16,4356
8,17,17,4357
8,17,18,4358
8,17,19,4359
8,18,0,4360
8,18,1,4361
8,18,2,4362
8,18,3,4363
8,18,4,4364
8,18,5,4365
8,18,6,4366
8,18,7,4367
8,18,8,4368
8,18,9,4369
8,18,10,4370
8,18,11,4371
8,18,12,4372
8,18,13,4373
8,18,14,4374
8,18,15,4375
8,18,16,4376
8,18,17,4377
8,18,18,4378
8,18,19,4379
8,19,0,4380
8,19,1,4381
8,19,2,4382
8,19,3,4383
8,19,4,4384
8,19,5,4385
8,19,6,4386
8,19,7,4387
8,19,8,4388
8,19,9,4389
8,19,10,4390
8,19,11,4391
8,19,12,4392
8,19,13,4393
8,19,14,4394
8,19,15,4395
8,19,16,4396
8,19,17,4397
8,19,18,4398
8,19,19,4399
8,20,0,4400
8,20,1,4401
8,20,2,4402
8,20,3,4403
8,20,4,4404
8,20,5,4405
8,20,6,4406
8,20,7,4407
8,20,8,4408
8,20,9,4409
8,20,10,4410
8,20,11,4411
8,20,12,4412
8,20,13,4413
8,20,14,4414
8,20,15,4415
8,20,16,4416
8,20,17,4417
8,20,18,4418
8,20,19,4419
8,21,0,4420
8,21,1,4421
8,21,2,4422
8,21,3,4423
8,21,4,4424
8,21,5,4425
8,21,6,4426
8,21,7,4427
8,21,8,4428
8,21,9,4429
8,21,10,4430
8,21,11,4431
8,21,12,4432
8,21,13,4433
8,21,14,4434
8,21,15,4435
8,21,16,4436
8,21,17,4437
8,21,18,4438
8,21,19,4439
8,22,0,4440
8,22,1,4441
8,22,2,4442
8,22,3,4443
8,22,4,4444
8,22,5,4445
8,22,6,4446
8,22,7,4447
8,22,8,4448
8,22,9,4449
8,22,10,4450
8,22,11,4451
8,22,12,4452
8,22,13,4453
8,22,14,4454
8,22,15,4455
8,22,16,4456
8,22,17,4457
8,22,18,4458
8,22,19,4459
8,23,0,4460
8,23,1,4461
8,23,2,4462
8,23,3,4463
8,23,4,4464
8,23,5,4465
8,23,6,4466
8,23,7,4467
8,23,8,4468
8,23,9,4469
8,23,10,4470
8,23,11,4471
8,23,12,4472
8,23,13,4473
8,23,14,4474
8,23,15,4475
8,23,16,4476
8,23,17,4477
8,23,18,4478
8,23,19,4479
8,24,0,4480
8,24,1,4481
8,24,2,4482
8,24,3,4483
8,24,4,4484
8,24,5,4485
8,24,6,4486
8,24,7,4487
8,24,8,4488
8,24,9,4489
8,24,10,4490
8,24,11,4491
8,24,12,4492
8,24,13,4493
8,24,14,4494
8,24,15,4495
8,24,16,4496
8,24,17,4497
8,24,18,4498
8,24,19,4499
9,0,0,4500
9,0,1,4501
9,0,2,4502
9,0,3,4503
9,0,4,4504
9,0,5,4505
9,0,6,4506
9,0,7,4507
9,0,8,4508
9,0,9,4509
9,0,10,4510
9,0,11,4511
9,0,12,4512
9,0,13,4513
9,0,14,4514
9,0,15,4515
9,0,16,4516
9,0,17,4517
9,0,18,4518
9,0,19,4519
9,1,0,4520
9,1,1,4521
9,1,2,4522
9,1,3,4523
9,1,4,4524
9,1,5,4525
9,1,6,4526
9,1,7,4527
9,1,8,4528
9,1,9,4529
9,1,10,4530
9,1,11,4531
9,1,12,4532
9,1,13,4533
9,1,14,4534
9,1,15,4535
9,1,16,4536
9,1,17,4537
9,1,18,4538
9,1,19,4539
9,2,0,4540
9,2,1,4541
9,2,2,4542
9,2,3,4543
9,2,4,4544
9,2,5,4545
9,2,6,4546
9,2,7,4547
9,2,8,4548
9,2,9,4549
9,2,10,4550
9,2,11,4551
9,2,12,4552
9,2,13,4553
9,2,14,4554
9,2,15,4555
9,2,16,4556
9,2,17,4557
9,2,18,4558
9,2,19,4559
9,3,0,4560
9,3,1,4561
9,3,2,4562
9,3,3,4563
9,3,4,4564
9,3,5,4565
9,3,6,4566
9,3,7,4567
9,3,8,4568
9,3,9,4569
9,3,10,4570
9,3,11,4571
9,3,12,4572
9,3,13,4573
9,3,14,4574
9,3,15,4575
9,3,16,4576
9,3,17,4577
9,3,18,4578
9,3,19,4579
9,4,0,4580
9,4,1,4581
9,4,2,4582
9,4,3,4583
9,4,4,4584
9,4,5,4585
9,4,6,4586
9,4,7,4587
9,4,8,4588
9,4,9,4589
9,4,10,4590
9,4,11,4591
9,4,12,4592
9,4,13,4593
9,4,14,4594
9,4,15,4595
9,4,16,4596
9,4,17,4597
9,4,18,4598
9,4,19,4599
9,5,0,4600
9,5,1,4601
9,5,2,4602
9,5,3,4603
9,5,4,4604
9,5,5,4605
9,5,6,4606
9,5,7,4607
9,5,8,4608
9,5,9,4609
9,5,10,4610
9,5,11,4611
9,5,12,4612
9,5,13,4613
9,5,14,4614
9,5,15,4615
9,5,16,4616
9,5,17,4617
9,5,18,4618
9,5,19,4619
9,6,0,4620
9,6,1,4621
9,6,2,4622
9,6,3,4623
9,6,4,4624
9,6,5,4625
9,6,6,4626
9,6,7,4627
9,6,8,4628
9,6,9,4629
9,6,10,4630
9,6,11,4631
9,6,12,4632
9,6,13,4633
9,6,14,4634
9,6,15,4635
9,6,16,4636
9,6,17,4637
9,6,18,4638
9,6,19,4639
9,7,0,4640
9,7,1,4641
9,7,2,4642
9,7,3,4643
9,7,4,4644
9,7,5,4645
9,7,6,4646
9,7,7,4647
9,7,8,4648
9,7,9,4649
9,7,10,4650
9,7,11,4651
9,7,12,4652
9,7,13,4653
9,7,14,4654
9,7,15,4655
9,7,16,4656
9,7,17,4657
9,7,18,4658
9,7,19,4659
9,8,0,4660
9,8,1,4661
9,8,2,4662
9,8,3,4663
9,8,4,4664
9,8,5,4665
9,8,6,4666
9,8,7,4667
9,8,8,4668
9,8,9,4669
9,8,10,4670
9,8,11,4671
9,8,12,4672
9,8,13,4673
9,8,14,4674
9,8,15,4675
9,8,16,4676
9,8,17,4677
9,8,18,4678
9,8,19,4679
9,9,0,4680
9,9,1,4681
9,9,2,4682
9,9,3,4683
9,9,4,4684
9,9,5,4685
9,9,6,4686
9,9,7,4687
9,9,8,4688
9,9,9,4689
9,9,10,4690
9,9,11,4691
9,9,12,4692
9,9,13,4693
9,9,14,4694
9,9,15,4695
9,9,16,4696
9,9,17,4697
9,9,18,4698
9,9,19,4699
9,10,0,4700
9,10,1,4701
9,10,2,4702
9,10,3,4703
9,10,4,4704
9,10,5,4705
9,10,6,4706
9,10,7,4707
9,10,8,4708
9,10,9,4709
9,10,10,4710
9,10,11,4711
9,10,12,4712
9,10,13,4713
9,10,14,4714
9,10,15,4715
9,10,16,4716
9,10,17,4717
9,10,18,4718
9,10,19,4719
9,11,0,4720
9,11,1,4721
9,11,2,4722
9,11,3,4723
9,11,4,4724
9,11,5,4725
9,11,6,4726
9,11,7,4727
9,11,8,4728
9,11,9,4729
9,11,10,4730
9,11,11,4731
9,11,12,4732
9,11,13,4733
9,11,14,4734
9,11,15,4735
9,11,16,4736
9,11,17,4737
9,11,18,4738
9,11,19,4739
9,12,0,4740
9,12,1,4741
9,12,2,4742
9,12,3,4743
9,12,4,4744
9,12,5,4745
9,12,6,4746
9,12,7,4747
9,12,8,4748
9,12,9,4749
9,12,10,4750
9,12,11,4751
9,12,12,4752
9,12,13,4753
9,12,14,4754
9,12,15,4755
9,12,16,4756
9,12,17,4757
9,12,18,4758
9,12,19,4759
9,13,0,4760
9,13,1,4761
9,13,2,4762
9,13,3,4763
9,13,4,4764
9,13,5,4765
9,13,6,4766
9,13,7,4767
9,13,8,4768
9,13,9,4769
9,13,10,4770
9,13,11,4771
9,13,12,4772
9,13,13,4773
9,13,14,4774
9,13,15,4775
9,13,16,4776
9,13,17,4777
9,13,18,4778
9,13,19,4779
9,14,0,4780
9,14,1,4781
9,14,2,4782
9,14,3,4783
9,14,4,4784
9,14,5,4785
9,14,6,4786
9,14,7,4787
9,14,8,4788
9,14,9,4789
9,14,10,4790
9,14,11,4791
9,14,12,4792
9,14,13,4793
9,14,14,4794
9,14,15,4795
9,14,16,4796
9,14,17,4797
9,14,18,4798
9,14,19,4799
9,15,0,4800
9,15,1,4801
9,15,2,4802
9,15,3,4803
9,15,4,4804
9,15,5,4805
9,15,6,4806
9,15,7,4807
9,15,8,4808
9,15,9,4809
9,15,10,4810
9,15,11,4811
9,15,12,4812
9,15,13,4813
9,15,14,4814
9,15,15,4815
9,15,16,4816
9,15,17,4817
9,15,18,4818
9,15,19,4819
9,16,0,4820
9,16,1,4821
9,16,2,4822
9,16,3,4823
9,16,4,4824
9,16,5,4825
9,16,6,4826
9,16,7,4827
9,16,8,4828
9,16,9,4829
9,16,10,4830
9,16,11,4831
9,16,12,4832
9,16,13,4833
9,16,14,4834
9,16,15,4835
9,16,16,4836
9,16,17,4837
9,16,18,4838
9,16,19,4839
9,17,0,4840
9,17,1,4841
9,17,2,4842
9,17,3,4843
9,17,4,4844
9,17,5,4845
9,17,6,4846
9,17,7,4847
9,17,8,4848
9,17,9,4849
9,17,10,4850
9,17,11,4851
9,17,12,4852
9,17,13,4853
9,17,14,4854
9,17,15,4855
9,17,16,4856
9,17,17,4857
9,17,18,4858
9,17,19,4859
9,18,0,4860
9,18,1,4861
9,18,2,4862
9,18,3,4863
9,18,4,4864
9,18,5,4865
9,18,6,4866
9,18,7,4867
9,18,8,4868
9,18,9,4869
9,18,10,4870
9,18,11,4871
9,18,12,4872
9,18,13,4873
9,18,14,4874
9,18,15,4875
9,18,16,4876
9,18,17,4877
9,18,18,4878
9,18,19,4879
9,19,0,4880
9,19,1,4881
9,19,2,4882
9,19,3,4883
9,19,4,4884
9,19,5,4885
9,19,6,4886
9,19,7,4887
9,19,8,4888
9,19,9,4889
9,19,10,4890
9,19,11,4891
9,19,12,4892
9,19,13,4893
9,19,14,4894
9,19,15,4895
9,19,16,4896
9,19,17,4897
9,19,18,4898
9,19,19,4899
9,20,0,4900
9,20,1,4901
9,20,2,4902
9,20,3,4903
9,20,4,4904
9,20,5,4905
9,20,6,4906
9,20,7,4907
9,20,8,4908
9,20,9,4909
9,20,10,4910
9,20,11,4911
9,20,12,4912
9,20,13,4913
9,20,14,4914
9,20,15,4915
9,20,16,4916
9,20,17,4917
9,20,18,4918
9,20,19,4919
9,21,0,4920
9,21,1,4921
9,21,2,4922
9,21,3,4923
9,21,4,4924
9,21,5,4925
9,21,6,4926
9,21,7,4927
9,21,8,4928
9,21,9,4929
9,21,10,4930
9,21,11,4931
9,21,12,4932
9,21,13,4933
9,21,14,4934
9,21,15,4935
9,21,16,4936
9,21,17,4937
9,21,18,4938
9,21,19,4939
9,22,0,4940
9,22,1,4941
9,22,2,4942
9,22,3,4943
9,22,4,4944
9,22,5,4945
9,22,6,4946
9,22,7,4947
9,22,8,4948
9,22,9,4949
9,22,10,4950
9,22,11,4951
9,22,12,4952
9,22,13,4953
9,22,14,4954
9,22,15,4955
9,22,16,4956
9,22,17,4957
9,22,18,4958
9,22,19,4959
9,23,0,4960
9,23,1,4961
9,23,2,4962
9,23,3,4963
9,23,4,4964
9,23,5,4965
9,23,6,4966
9,23,7,4967
9,23,8,4968
9,23,9,4969
9,23,10,4970
9,23,11,4971
9,23,12,4972
9,23,13,4973
9,23,14,4974
9,23,15,4975
9,23,16,4976
9,23,17,4977
9,23,18,4978
9,23,19,4979
9,24,0,4980
9,24,1,4981
9,24,2,4982
9,24,3,4983
9,24,4,4984
9,24,5,4985
9,24,6,4986
9,24,7,4987
9,24,8,4988
9,24,9,4989
9,24,10,4990
9,24,11,4991
9,24,12,4992
9,24,13,4993
9,24,14,4994
9,24,15,4995
9,24,16,4996
9,24,17,4997
9,24,18,4998
9,24,19,4999
10,0,0,5000
10,0,1,5001
10,0,2,5002
10,0,3,5003
10,0,4,5004
10,0,5,5005
10,0,6,5006
10,0,7,5007
10,0,8,5008
10,0,9,5009
10,0,10,5010
10,0,11,5011
10,0,12,5012
10,0,13,5013
10,0,14,5014
10,0,15,5015
10,0,16,5016
10,0,17,5017
10,0,18,5018
10,0,19,5019
10,1,0,5020
10,1,1,5021
10,1,2,5022
10,1,3,5023
10,1,4,5024
10,1,5,5025
10,1,6,5026
10,1,7,5027
10,1,8,5028
10,1,9,5029
10,1,10,5030
10,1,11,5031
10,1,12,5032
10,1,13,5033
10,1,14,5034
10,1,15,5035
10,1,16,5036
10,1,17,5037
10,1,18,5038
10,1,19,5039
10,2,0,5040
10,2,1,5041
10,2,2,5042
10,2,3,5043
10,2,4,5044
10,2,5,5045
10,2,6,5046
10,2,7,5047
10,2,8,5048
10,2,9,5049
10,2,10,5050
10,2,11,5051
10,2,12,5052
10,2,13,5053
10,2,14,5054
10,2,15,5055
10,2,16,5056
10,2,17,5057
10,2,18,5058
10,2,19,5059
10,3,0,5060
10,3,1,5061
10,3,2,5062
10,3,3,5063
10,3,4,5064
10,3,5,5065
10,3,6,5066
10,3,7,5067
10,3,8,5068
10,3,9,5069
10,3,10,5070
10,3,11,5071
10,3,12,5072
10,3,13,5073
10,3,14,5074
10,3,15,5075
10,3,16,5076
10,3,17,5077
10,3,18,5078
10,3,19,5079
10,4,0,5080
10,4,1,5081
10,4,2,5082
10,4,3,5083
10,4,4,5084
10,4,5,5085
10,4,6,5086
10,4,7,5087
10,4,8,5088
10,4,9,5089
10,4,10,5090
10,4,11,5091
10,4,12,5092
10,4,13,5093
10,4,14,5094
10,4,15,5095
10,4,16,5096
10,4,17,5097
10,4,18,5098
10,4,19,5099
10,5,0,5100
10,5,1,5101
10,5,2,5102
10,5,3,5103
10,5,4,5104
10,5,5,5105
10,5,6,5106
10,5,7,5107
10,5,8,5108
10,5,9,5109
10,5,10,5110
10,5,11,5111
10,5,12,5112
10,5,13,5113
10,5,14,5114
10,5,15,5115
10,5,16,5116
10,5,17,5117
10,5,18,5118
10,5,19,5119
10,6,0,5120
10,6,1,5121
10,6,2,5122
10,6,3,5123
10,6,4,5124
10,6,5,5125
10,6,6,5126
10,6,7,5127
10,6,8,5128
10,6,9,5129
10,6,10,5130
10,6,11,5131
10,6,12,5132
10,6,13,5133
10,6,14,5134
10,6,15,5135
10,6,16,5136
10,6,17,5137
10,6,18,5138
10,6,19,5139
10,7,0,5140
10,7,1,5141
10,7,2,5142
10,7,3,5143
10,7,4,5144
10,7,5,5145
10,7,6,5146
10,7,7,5147
10,7,8,5148
10,7,9,5149
10,7,10,5150
10,7,11,5151
10,7,12,5152
10,7,13,5153
10,7,14,5154
10,7,15,5155
10,7,16,5156
10,7,17,5157
10,7,18,5158
10,7,19,5159
10,8,0,5160
10,8,1,5161
10,8,2,5162
10,8,3,5163
10,8,4,5164
10,8,5,5165
10,8,6,5166
10,8,7,5167
10,8,8,5168
10,8,9,5169
10,8,10,5170
10,8,11,5171
10,8,12,5172
10,8,13,5173
10,8,14,5174
10,8,15,5175
10,8,16,5176
10,8,17,5177
10,8,18,5178
10,8,19,5179
10,9,0,5180
10,9,1,5181
10,9,2,5182
10,9,3,5183
10,9,4,5184
10,9,5,5185
10,9,6,5186
10,9,7,5187
10,9,8,5188
10,9,9,5189
10,9,10,5190
10,9,11,5191
10,9,12,5192
10,9,13,5193
10,9,14,5194
10,9,15,5195
10,9,16,5196
10,9,17,5197
10,9,18,5198
10,9,19,5199
10,10,0,5200
10,10,1,5201
10,10,2,5202
10,10,3,5203
10,10,4,5204
10,10,5,5205
10,10,6,5206
10,10,7,5207
10,10,8,5208
10,10,9,5209
10,10,10,5210
10,10,11,5211
10,10,12,5212
10,10,13,5213
10,10,14,5214
10,10,15,5215
10,10,16,5216
10,10,17,5217
10,10,18,5218
10,10,19,5219
10,11,0,5220
10,11,1,5221
10,11,2,5222
10,11,3,5223
10,11,4,5224
10,11,5,5225
10,11,6,5226
10,11,7,5227
10,11,8,5228
10,11,9,5229
10,11,10,5230
10,11,11,5231
10,11,12,5232
10,11,13,5233
10,11,14,5234
10,11,15,5235
10,11,16,5236
10,11,17,5237
10,11,18,5238
10,11,19,5239
10,12,0,5240
10,12,1,5241
10,12,2,5242
10,12,3,5243
10,12,4,5244
10,12,5,5245
10,12,6,5246
10,12,7,5247
10,12,8,5248
10,12,9,5249
10,12,10,5250
10,12,11,5251
10,12,12,5252
10,12,13,5253
10,12,14,5254
10,12,15,5255
10,12,16,5256
10,12,17,5257
10,12,18,5258
10,12,19,5259
10,13,0,5260
10,13,1,5261
10,13,2,5262
10,13,3,5263
10,13,4,5264
10,13,5,5265
10,13,6,5266
10,13,7,5267
10,13,8,5268
10,13,9,5269
10,13,10,5270
10,13,11,5271
10,13,12,5272
10,13,13,5273
10,13,14,5274
10,13,15,5275
10,13,16,5276
10,13,17,5277
10,13,18,5278
10,13,19,5279
10,14,0,5280
10,14,1,5281
10,14,2,5282
10,14,3,5283
10,14,4,5284
10,14,5,5285
10,14,6,5286
10,14,7,5287
10,14,8,5288
10,14,9,5289
10,14,10,5290
10,14,11,5291
10,14,12,5292
10,14,13,5293
10,14,14,5294
10,14,15,5295
10,14,16,5296
10,14,17,5297
10,14,18,5298
10,14,19,5299
10,15,0,5300
10,15,1,5301
10,15,2,5302
10,15,3,5303
10,15,4,5304
10,15,5,5305
10,15,6,5306
10,15,7,5307
10,15,8,5308
10,15,9,5309
10,15,10,5310
10,15,11,5311
10,15,12,5312
10,15,13,5313
10,15,14,5314
10,15,15,5315
10,15,16,5316
10,15,17,5317
10,15,18,5318
10,15,19,5319
10,16,0,5320
10,16,1,5321
10,16,2,5322
10,16,3,5323
10,16,4,5324
10,16,5,5325
10,16,6,5326
10,16,7,5327
10,16,8,5328
10,16,9,5329
10,16,10,5330
10,16,11,5331
10,16,12,5332
10,16,13,5333
10,16,14,5334
10,16,15,5335
10,16,16,5336
10,16,17,5337
10,16,18,5338
10,16,19,5339
10,17,0,5340
10,17,1,5341
10,17,2,5342
10,17,3,5343
10,17,4,5344
10,17,5,5345
10,17,6,5346
10,17,7,5347
10,17,8,5348
10,17,9,5349
10,17,10,5350
10,17,11,5351
10,17,12,5352
10,17,13,5353
10,17,14,5354
10,17,15,5355
10,17,16,5356
10,17,17,5357
10,17,18,5358
10,17,19,5359
10,18,0,5360
10,18,1,5361
10,18,2,5362
10,18,3,5363
10,18,4,5364
10,18,5,5365
10,18,6,5366
10,18,7,5367
10,18,8,5368
10,18,9,5369
10,18,10,5370
10,18,11,5371
10,18,12,5372
10,18,13,5373
10,18,14,5374
10,18,15,5375
10,18,16,5376
10,18,17,5377
10,18,18,5378
10,18,19,5379
10,19,0,5380
10,19,1,5381
10,19,2,5382
10,19,3,5383
10,19,4,5384
10,19,5,5385
10,19,6,5386
10,19,7,5387
10,19,8,5388
10,19,9,5389
10,19,10,5390
10,19,11,5391
10,19,12,5392
10,19,13,5393
10,19,14,5394
10,19,15,5395
10,19,16,5396
10,19,17,5397
10,19,18,5398
10,19,19,5399
10,20,0,5400
10,20,1,5401
10,20,2,5402
10,20,3,5403
10,20,4,5404
10,20,5,5405
10,20,6,5406
10,20,7,5407
10,20,8,5408
10,20,9,5409
10,20,10,5410
10,20,11,5411
10,20,12,5412
10,20,13,5413
10,20,14,5414
10,20,15,5415
10,20,16,5416
10,20,17,5417
10,20,18,5418
10,20,19,5419
10,21,0,5420
10,21,1,5421
10,21,2,5422
10,21,3,5423
10,21,4,5424
10,21,5,5425
10,21,6,5426
10,21,7,5427
10,21,8,5428
10,21,9,5429
10,21,10,5430
10,21,11,5431
10,21,12,5432
10,21,13,5433
10,21,14,5434
10,21,15,5435
10,21,16,5436
10,21,17,5437
10,21,18,5438
10,21,19,5439
10,22,0,5440
10,22,1,5441
10,22,2,5442
10,22,3,5443
10,22,4,5444
10,22,5,5445
10,22,6,5446
10,22,7,5447
10,22,8,5448
10,22,9,5449
10,22,10,5450
10,22,11,5451
10,22,12,5452
10,22,13,5453
10,22,14,5454
10,22,15,5455
10,22,16,5456
10,22,17,5457
10,22,18,5458
10,22,19,5459
10,23,0,5460
10,23,1,5461
10,23,2,5462
10,23,3,5463
10,23,4,5464
10,23,5,5465
10,23,6,5466
10,23,7,5467
10,23,8,5468
10,23,9,5469
10,23,10,5470
10,23,11,5471
10,23,12,5472
10,23,13,5473
10,23,14,5474
10,23,15,5475
10,23,16,5476
10,23,17,5477
10,23,18,5478
10,23,19,5479
10,24,0,5480
10,24,1,5481
10,24,2,5482
10,24,3,5483
10,24,4,5484
10,24,5,5485
10,24,6,5486
10,24,7,5487
10,24,8,5488
10,24,9,5489
10,24,10,5490
10,24,11,5491
10,24,12,5492
10,24,13,5493
10,24,14,5494
10,24,15,5495
10,24,16,5496
10,24,17,5497
10,24,18,5498
10,24,19,5499
11,0,0,5500
11,0,1,5501
11,0,2,5502
11,0,3,5503
11,0,4,5504
11,0,5,5505
11,0,6,5506
11,0,7,5507
11,0,8,5508
11,0,9,5509
11,0,10,5510
11,0,11,5511
11,0,12,5512
11,0,13,5513
11,0,14,5514
11,0,15,5515
11,0,16,5516
11,0,17,5517
11,0,18,5518
11,0,19,5519
11,1,0,5520
11,1,1,5521
11,1,2,5522
11,1,3,5523
11,1,4,5524
11,1,5,5525
11,1,6,5526
11,1,7,5527
11,1,8,5528
11,1,9,5529
11,1,10,5530
11,1,11,5531
11,1,12,5532
11,1,13,5533
11,1,14,5534
11,1,15,5535
11,1,16,5536
11,1,17,5537
11,1,18,5538
11,1,19,5539
11,2,0,5540
11,2,1,5541
11,2,2,5542
11,2,3,5543
11,2,4,5544
11,2,5,5545
11,2,6,5546
11,2,7,5547
11,2,8,5548
11,2,9,5549
11,2,10,5550
11,2,11,5551
11,2,12,5552
11,2,13,5553
11,2,14,5554
11,2,15,5555
11,2,16,5556
11,2,17,5557
11,2,18,5558
11,2,19,5559
11,3,0,5560
11,3,1,5561
11,3,2,5562
11,3,3,5563
11,3,4,5564
11,3,5,5565
11,3,6,5566
11,3,7,5567
11,3,8,5568
11,3,9,5569
11,3,10,5570
11,3,11,5571
11,3,12,5572
11,3,13,5573
11,3,14,5574
11,3,15,5575
11,3,16,5576
11,3,17,5577
11,3,18,5578
11,3,19,5579
11,4,0,5580
11,4,1,5581
11,4,2,5582
11,4,3,5583
11,4,4,5584
11,4,5,5585
11,4,6,5586
11,4,7,5587
11,4,8,5588
11,4,9,5589
11,4,10,5590
11,4,11,5591
11,4,12,5592
11,4,13,5593
11,4,14,5594
11,4,15,5595
11,4,16,5596
11,4,17,5597
11,4,18,5598
11,4,19,5599
11,5,0,5600
11,5,1,5601
11,5,2,5602
11,5,3,5603
11,5,4,5604
11,5,5,5605
11,5,6,5606
11,5,7,5607
11,5,8,5608
11,5,9,5609
11,5,10,5610
11,5,11,5611
11,5,12,5612
11,5,13,5613
11,5,14,5614
11,5,15,5615
11,5,16,5616
11,5,17,5617
11,5,18,5618
11,5,19,5619
11,6,0,5620
11,6,1,5621
11,6,2,5622
11,6,3,5623
11,6,4,5624
11,6,5,5625
11,6,6,5626
11,6,7,5627
11,6,8,5628
11,6,9,5629
11,6,10,5630
11,6,11,5631
11,6,12,5632
11,6,13,5633
11,6,14,5634
11,6,15,5635
11,6,16,5636
11,6,17,5637
11,6,18,5638
11,6,19,5639
11,7,0,5640
11,7,1,5641
11,7,2,5642
11,7,3,5643
11,7,4,5644
11,7,5,5645
11,7,6,5646
11,7,7,5647
11,7,8,5648
11,7,9,5649
11,7,10,5650
11,7,11,5651
11,7,12,5652
11,7,13,5653
11,7,14,5654
11,7,15,5655
11,7,16,5656
11,7,17,5657
11,7,18,5658
11,7,19,5659
11,8,0,5660
11,8,1,5661
11,8,2,5662
11,8,3,5663
11,8,4,5664
11,8,5,5665
11,8,6,5666
11,8,7,5667
11,8,8,5668
11,8,9,5669
11,8,10,5670
11,8,11,5671
11,8,12,5672
11,8,13,5673
11,8,14,5674
11,8,15,5675
11,8,16,5676
11,8,17,5677
11,8,18,5678
11,8,19,5679
11,9,0,5680
11,9,1,5681
11,9,2,5682
11,9,3,5683
11,9,4,5684
11,9,5,5685
11,9,6,5686
11,9,7,5687
11,9,8,5688
11,9,9,5689
11,9,10,5690
11,9,11,5691
11,9,12,5692
11,9,13,5693
11,9,14,5694
11,9,15,5695
11,9,16,5696
11,9,17,5697
11,9,18,5698
11,9,19,5699
11,10,0,5700
11,10,1,5701
11,10,2,5702
11,10,3,5703
11,10,4,5704
11,10,5,5705
11,10,6,5706
11,10,7,5707
11,10,8,5708
11,10,9,5709
11,10,10,5710
11,10,11,5711
11,10,12,5712
11,10,13,5713
11,10,14,5714
11,10,15,5715
11,10,16,5716
11,10,17,5717
11,10,18,5718
11,10,19,5719
11,11,0,5720
11,11,1,5721
11,11,2,5722
11,11,3,5723
11,11,4,5724
11,11,5,5725
11,11,6,5726
11,11,7,5727
11,11,8,5728
11,11,9,5729
11,11,10,5730
11,11,11,5731
11,11,12,5732
11,11,13,5733
11,11,14,5734
11,11,15,5735
11,11,16,5736
11,11,17,5737
11,11,18,5738
11,11,19,5739
11,12,0,5740
11,12,1,5741
11,12,2,5742
11,12,3,5743
11,12,4,5744
11,12,5,5745
11,12,6,5746
11,12,7,5747
11,12,8,5748
11,12,9,5749
11,12,10,5750
11,12,11,5751
11,12,12,5752
11,12,13,5753
11,12,14,5754
11,12,15,5755
11,12,16,5756
11,12,17,5757
11,12,18,5758
11,12,19,5759
11,13,0,5760
11,13,1,5761
11,13,2,5762
11,13,3,5763
11,13,4,5764
11,13,5,5765
11,13,6,5766
11,13,7,5767
11,13,8,5768
11,13,9,5769
11,13,10,5770
11,13,11,5771
11,13,12,5772
11,13,13,5773
11,13,14,5774
11,13,15,5775
11,13,16,5776
11,13,17,5777
11,13,18,5778
11,13,19,5779
11,14,0,5780
11,14,1,5781
11,14,2,5782
11,14,3,5783
11,14,4,5784
11,14,5,5785
11,14,6,5786
11,14,7,5787
11,14,8,5788
11,14,9,5789
11,14,10,5790
11,14,11,5791
11,14,12,5792
11,14,13,5793
11,14,14,5794
11,14,15,5795
11,14,16,5796
11,14,17,5797
11,14,18,5798
11,14,19,5799
11,15,0,5800
11,15,1,5801
11,15,2,5802
11,15,3,5803
11,15,4,5804
11,15,5,5805
11,15,6,5806
11,15,7,5807
11,15,8,5808
11,15,9,5809
11,15,10,5810
11,15,11,5811
11,15,12,5812
11,15,13,5813
11,15,14,5814
11,15,15,5815
11,15,16,5816
11,15,17,5817
11,15,18,5818
11,15,19,5819
11,16,0,5820
11,16,1,5821
11,16,2,5822
11,16,3,5823
11,16,4,5824
11,16,5,5825
11,16,6,5826
11,16,7,5827
11,16,8,5828
11,16,9,5829
11,16,10,5830
11,16,11,5831
11,16,12,5832
11,16,13,5833
11,16,14,5834
11,16,15,5835
11,16,16,5836
11,16,17,5837
11,16,18,5838
11,16,19,5839
11,17,0,5840
11,17,1,5841
11,17,2,5842
11,17,3,5843
11,17,4,5844
11,17,5,5845
11,17,6,5846
11,17,7,5847
11,17,8,5848
11,17,9,5849
11,17,10,5850
11,17,11,5851
11,17,12,5852
11,17,13,5853
11,17,14,5854
11,17,15,5855
11,17,16,5856
11,17,17,5857
11,17,18,5858
11,17,19,5859
11,18,0,5860
11,18,1,5861
11,18,2,5862
11,18,3,5863
11,18,4,5864
11,18,5,5865
11,18,6,5866
11,18,7,5867
11,18,8,5868
11,18,9,5869
11,18,10,5870
11,18,11,5871
11,18,12,5872
11,18,13,5873
11,18,14,5874
11,18,15,5875
11,18,16,5876
11,18,17,5877
11,18,18,5878
11,18,19,5879
11,19,0,5880
11,19,1,5881
11,19,2,5882
11,19,3,5883
11,19,4,5884
11,19,5,5885
11,19,6,5886
11,19,7,5887
11,19,8,5888
11,19,9,5889
11,19,10,5890
11,19,11,5891
11,19,12,5892
11,19,13,5893
11,19,14,5894
11,19,15,5895
11,19,16,5896
11,19,17,5897
11,19,18,5898
11,19,19,5899
11,20,0,5900
11,20,1,5901
11,20,2,5902
11,20,3,5903
11,20,4,5904
11,20,5,5905
11,20,6,5906
11,20,7,5907
11,20,8,5908
11,20,9,5909
11,20,10,5910
11,20,11,5911
11,20,12,5912
11,20,13,5913
11,20,14,5914
11,20,15,5915
11,20,16,5916
11,20,17,5917
11,20,18,5918
11,20,19,5919
11,21,0,5920
11,21,1,5921
11,21,2,5922
11,21,3,5923
11,21,4,5924
11,21,5,5925
11,21,6,5926
11,21,7,5927
11,21,8,5928
11,21,9,5929
11,21,10,5930
11,21,11,5931
11,21,12,5932
11,21,13,5933
11,21,14,5934
11,21,15,5935
11,21,16,5936
11,21,17,5937
11,21,18,5938
11,21,19,5939
11,22,0,5940
11,22,1,5941
11,22,2,5942
11,22,3,5943
11,22,4,5944
11,22,5,5945
11,22,6,5946
11,22,7,5947
11,22,8,5948
11,22,9,5949
11,22,10,5950
11,22,11,5951
11,22,12,5952
11,22,13,5953
11,22,14,5954
11,22,15,5955
11,22,16,5956
11,22,17,5957
11,22,18,5958
11,22,19,5959
11,23,0,5960
11,23,1,5961
11,23,2,5962
11,23,3,5963
11,23,4,5964
11,23,5,5965
11,23,6,5966
11,23,7,5967
11,23,8,5968
11,23,9,5969
11,23,10,5970
11,23,11,5971
11,23,12,5972
11,23,13,5973
11,23,14,5974
11,23,15,5975
11,23,16,5976
11,23,17,5977
11,23,18,5978
11,23,19,5979
11,24,0,5980
11,24,1,5981
11,24,2,5982
11,24,3,5983
11,24,4,5984
11,24,5,5985
11,24,6,5986
11,24,7,5987
11,24,8,5988
11,24,9,5989
11,24,10,5990
11,24,11,5991
11,24,12,5992
11,24,13,5993
11,24,14,5994
11,24,15,5995
11,24,16,5996
11,24,17,5997
11,24,18,5998
11,24,19,5999
12,0,0,6000
12,0,1,6001
12,0,2,6002
12,0,3,6003
12,0,4,6004
12,0,5,6005
12,0,6,6006
12,0,7,6007
12,0,8,6008
12,0,9,6009
12,0,10,6010
12,0,11,6011
12,0,12,6012
12,0,13,6013
12,0,14,6014
12,0,15,6015
12,0,16,6016
12,0,17,6017
12,0,18,6018
12,0,19,6019
12,1,0,6020
12,1,1,6021
12,1,2,6022
12,1,3,6023
12,1,4,6024
12,1,5,6025
12,1,6,6026
12,1,7,6027
12,1,8,6028
12,1,9,6029
12,1,10,6030
12,1,11,6031
12,1,12,6032
12,1,13,6033
12,1,14,6034
12,1,15,6035
12,1,16,6036
12,1,17,6037
12,1,18,6038
12,1,19,6039
12,2,0,6040
12,2,1,6041
12,2,2,6042
12,2,3,6043
12,2,4,6044
12,2,5,6045
12,2,6,6046
12,2,7,6047
12,2,8,6048
12,2,9,6049
12,2,10,6050
12,2,11,6051
12,2,12,6052
12,2,13,6053
12,2,14,6054
12,2,15,6055
12,2,16,6056
12,2,17,6057
12,2,18,6058
12,2,19,6059
12,3,0,6060
12,3,1,6061
12,3,2,6062
12,3,3,6063
12,3,4,6064
12,3,5,6065
12,3,6,6066
12,3,7,6067
12,3,8,6068
12,3,9,6069
12,3,10,6070
12,3,11,6071
12,3,12,6072
12,3,13,6073
12,3,14,6074
12,3,15,6075
12,3,16,6076
12,3,17,6077
12,3,18,6078
12,3,19,6079
12,4,0,6080
12,4,1,6081
12,4,2,6082
12,4,3,6083
12,4,4,6084
12,4,5,6085
12,4,6,6086
12,4,7,6087
12,4,8,6088
12,4,9,6089
12,4,10,6090
12,4,11,6091
12,4,12,6092
12,4,13,6093
12,4,14,6094
12,4,15,6095
12,4,16,6096
12,4,17,6097
12,4,18,6098
12,4,19,6099
12,5,0,6100
12,5,1,6101
12,5,2,6102
12,5,3,6103
12,5,4,6104
12,5,5,6105
12,5,6,6106
12,5,7,6107
12,5,8,6108
12,5,9,6109
12,5,10,6110
12,5,11,6111
12,5,12,6112
12,5,13,6113
12,5,14,6114
12,5,15,6115
12,5,16,6116
12,5,17,6117
12,5,18,6118
12,5,19,6119
12,6,0,6120
12,6,1,6121
12,6,2,6122
12,6,3,6123
12,6,4,6124
12,6,5,6125
12,6,6,6126
12,6,7,6127
12,6,8,6128
12,6,9,6129
12,6,10,6130
12,6,11,6131
12,6,12,6132
12,6,13,6133
12,6,14,6134
12,6,15,6135
12,6,16,6136
12,6,17,6137
12,6,18,6138
12,6,19,6139
12,7,0,6140
12,7,1,6141
12,7,2,6142
12,7,3,6143
12,7,4,6144
12,7,5,6145
12,7,6,6146
12,7,7,6147
12,7,8,6148
12,7,9,6149
12,7,10,6150
12,7,11,6151
12,7,12,6152
12,7,13,6153
12,7,14,6154
12,7,15,6155
12,7,16,6156
12,7,17,6157
12,7,18,6158
12,7,19,6159
12,8,0,6160
12,8,1,6161
12,8,2,6162
12,8,3,6163
12,8,4,6164
12,8,5,6165
12,8,6,6166
12,8,7,6167
12,8,8,6168
12,8,9,6169
12,8,10,6170
12,8,11,6171
12,8,12,6172
12,8,13,6173
12,8,14,6174
12,8,15,6175
12,8,16,6176
12,8,17,6177
12,8,18,6178
12,8,19,6179
12,9,0,6180
12,9,1,6181
12,9,2,6182
12,9,3,6183
12,9,4,6184
12,9,5,6185
12,9,6,6186
12,9,7,6187
12,9,8,6188
12,9,9,6189
12,9,10,6190
12,9,11,6191
12,9,12,6192
12,9,13,6193
12,9,14,6194
12,9,15,6195
12,9,16,6196
12,9,17,6197
12,9,18,6198
12,9,19,6199
12,10,0,6200
12,10,1,6201
12,10,2,6202
12,10,3,6203
12,10,4,6204
12,10,5,6205
12,10,6,6206
12,10,7,6207
12,10,8,6208
12,10,9,6209
12,10,10,6210
12,10,11,6211
12,10,12,6212
12,10,13,6213
12,10,14,6214
12,10,15,6215
12,10,16,6216
12,10,17,6217
12,10,18,6218
12,10,19,6219
12,11,0,6220
12,11,1,6221
12,11,2,6222
12,11,3,6223
12,11,4,6224
12,11,5,6225
12,11,6,6226
12,11,7,6227
12,11,8,6228
12,11,9,6229
12,11,10,6230
12,11,11,6231
12,11,12,6232
12,11,13,6233
12,11,14,6234
12,11,15,6235
12,11,16,6236
12,11,17,6237
12,11,18,6238
12,11,19,6239
12,12,0,6240
12,12,1,6241
12,12,2,6242
12,12,3,6243
12,12,4,6244
12,12,5,6245
12,12,6,6246
12,12,7,6247
12,12,8,6248
12,12,9,6249
12,12,10,6250
12,12,11,6251
12,12,12,6252
12,12,13,6253
12,12,14,6254
12,12,15,6255
12,12,16,6256
12,12,17,6257
12,12,18,6258
12,12,19,6259
12,13,0,6260
12,13,1,6261
12,13,2,6262
12,13,3,6263
12,13,4,6264
12,13,5,6265
12,13,6,6266
12,13,7,6267
12,13,8,6268
12,13,9,6269
12,13,10,6270
12,13,11,6271
12,13,12,6272
12,13,13,6273
12,13,14,6274
12,13,15,6275
12,13,16,6276
12,13,17,6277
12,13,18,6278
12,13,19,6279
12,14,0,6280
12,14,1,6281
12,14,2,6282
12,14,3,6283
12,14,4,6284
12,14,5,6285
12,14,6,6286
12,14,7,6287
12,14,8,6288
12,14,9,6289
12,14,10,6290
12,14,11,6291
12,14,12,6292
12,14,13,6293
12,14,14,6294
12,14,15,6295
12,14,16,6296
12,14,17,6297
12,14,18,6298
12,14,19,6299
12,15,0,6300
12,15,1,6301
12,15,2,6302
12,15,3,6303
12,15,4,6304
12,15,5,6305
12,15,6,6306
12,15,7,6307
12,15,8,6308
12,15,9,6309
12,15,10,6310
12,15,11,6311
12,15,12,6312
12,15,13,6313
12,15,14,6314
12,15,15,6315
12,15,16,6316
12,15,17,6317
12,15,18,6318
12,15,19,6319
12,16,0,6320
12,16,1,6321
12,16,2,6322
12,16,3,6323
12,16,4,6324
12,16,5,6325
12,16,6,6326
12,16,7,6327
12,16,8,6328
12,16,9,6329
12,16,10,6330
12,16,11,6331
12,16,12,6332
12,16,13,6333
12,16,14,6334
12,16,15,6335
12,16,16,6336
12,16,17,6337
12,16,18,6338
12,16,19,6339
12,17,0,6340
12,17,1,6341
12,17,2,6342
12,17,3,6343
12,17,4,6344
12,17,5,6345
12,17,6,6346
12,17,7,6347
12,17,8,6348
12,17,9,6349
12,17,10,6350
12,17,11,6351
12,17,12,6352
12,17,13,6353
12,17,14,6354
12,17,15,6355
12,17,16,6356
12,17,17,6357
12,17,18,6358
12,17,19,6359
12,18,0,6360
12,18,1,6361
12,18,2,6362
12,18,3,6363
12,18,4,6364
12,18,5,6365
12,18,6,6366
12,18,7,6367
12,18,8,6368
12,18,9,6369
12,18,10,6370
12,18,11,6371
12,18,12,6372
12,18,13,6373
12,18,14,6374
12,18,15,6375
12,18,16,6376
12,18,17,6377
12,18,18,6378
12,18,19,6379
12,19,0,6380
12,19,1,6381
12,19,2,6382
12,19,3,6383
12,19,4,6384
12,19,5,6385
12,19,6,6386
12,19,7,6387
12,19,8,6388
12,19,9,6389
12,19,10,6390
12,19,11,6391
12,19,12,6392
12,19,13,6393
12,19,14,6394
12,19,15,6395
12,19,16,6396
12,19,17,6397
12,19,18,6398
12,19,19,6399
12,20,0,6400
12,20,1,6401
12,20,2,6402
12,20,3,6403
12,20,4,6404
12,20,5,6405
12,20,6,6406
12,20,7,6407
12,20,8,6408
12,20,9,6409
12,20,10,6410
12,20,11,6411
12,20,12,6412
12,20,13,6413
12,20,14,6414
12,20,15,6415
12,20,16,6416
12,20,17,6417
12,20,18,6418
12,20,19,6419
12,21,0,6420
12,21,1,6421
12,21,2,6422
12,21,3,6423
12,21,4,6424
12,21,5,6425
12,21,6,6426
12,21,7,6427
12,21,8,6428
12,21,9,6429
12,21,10,6430
12,21,11,6431
12,21,12,6432
12,21,13,6433
12,21,14,6434
12,21,15,6435
12,21,16,6436
12,21,17,6437
12,21,18,6438
12,21,19,6439
12,22,0,6440
12,22,1,6441
12,22,2,6442
12,22,3,6443
12,22,4,6444
12,22,5,6445
12,22,6,6446
12,22,7,6447
12,22,8,6448
12,22,9,6449
12,22,10,6450
12,22,11,6451
12,22,12,6452
12,22,13,6453
12,22,14,6454
12,22,15,6455
12,22,16,6456
12,22,17,6457
12,22,18,6458
12,22,19,6459
12,23,0,6460
12,23,1,6461
12,23,2,6462
12,23,3,6463
12,23,4,6464
12,23,5,6465
12,23,6,6466
12,23,7,6467
12,23,8,6468
12,23,9,6469
12,23,10,6470
12,23,11,6471
12,23,12,6472
12,23,13,6473
12,23,14,6474
12,23,15,6475
12,23,16,6476
12,23,17,6477
12,23,18,6478
12,23,19,6479
12,24,0,6480
12,24,1,6481
12,24,2,6482
12,24,3,6483
12,24,4,6484
12,24,5,6485
12,24,6,6486
12,24,7,6487
12,24,8,6488
12,24,9,6489
12,24,10,6490
12,24,11,6491
12,24,12,6492
12,24,13,6493
12,24,14,6494
12,24,15,6495
12,24,16,6496
12,24,17,6497
12,24,18,6498
12,24,19,6499
13,0,0,6500
13,0,1,6501
13,0,2,6502
13,0,3,6503
13,0,4,6504
13,0,5,6505
13,0,6,6506
13,0,7,6507
13,0,8,6508
13,0,9,6509
13,0,10,6510
13,0,11,6511
13,0,12,6512
13,0,13,6513
13,0,14,6514
13,0,15,6515
13,0,16,6516
13,0,17,6517
13,0,18,6518
13,0,19,6519
13,1,0,6520
13,1,1,6521
13,1,2,6522
13,1,3,6523
13,1,4,6524
13,1,5,6525
13,1,6,6526
13,1,7,6527
13,1,8,6528
13,1,9,6529
13,1,10,6530
13,1,11,6531
13,1,12,6532
13,1,13,6533
13,1,14,6534
13,1,15,6535
13,1,16,6536
13,1,17,6537
13,1,18,6538
13,1,19,6539
13,2,0,6540
13,2,1,6541
13,2,2,6542
13,2,3,6543
13,2,4,6544
13,2,5,6545
13,2,6,6546
13,2,7,6547
13,2,8,6548
13,2,9,6549
13,2,10,6550
13,2,11,6551
13,2,12,6552
13,2,13,6553
13,2,14,6554
13,2,15,6555
13,2,16,6556
13,2,17,6557
13,2,18,6558
13,2,19,6559
13,3,0,6560
13,3,1,6561
13,3,2,6562
13,3,3,6563
13,3,4,6564
13,3,5,6565
13,3,6,6566
13,3,7,6567
13,3,8,6568
13,3,9,6569
13,3,10,6570
13,3,11,6571
13,3,12,6572
13,3,13,6573
13,3,14,6574
13,3,15,6575
13,3,16,6576
13,3,17,6577
13,3,18,6578
13,3,19,6579
13,4,0,6580
13,4,1,6581
13,4,2,6582
13,4,3,6583
13,4,4,6584
13,4,5,6585
13,4,6,6586
13,4,7,6587
13,4,8,6588
13,4,9,6589
13,4,10,6590
13,4,11,6591
13,4,12,6592
13,4,13,6593
13,4,14,6594
13,4,15,6595
13,4,16,6596
13,4,17,6597
13,4,18,6598
13,4,19,6599
13,5,0,6600
13,5,1,6601
13,5,2,6602
13,5,3,6603
13,5,4,6604
13,5,5,6605
13,5,6,6606
13,5,7,6607
13,5,8,6608
13,5,9,6609
13,5,10,6610
13,5,11,6611
13,5,12,6612
13,5,13,6613
13,5,14,6614
13,5,15,6615
13,5,16,6616
13,5,17,6617
13,5,18,6618
13,5,19,6619
13,6,0,6620
13,6,1,6621
13,6,2,6622
13,6,3,6623
13,6,4,6624
13,6,5,6625
13,6,6,6626
13,6,7,6627
13,6,8,6628
13,6,9,6629
13,6,10,6630
13,6,11,6631
13,6,12,6632
13,6,13,6633
13,6,14,6634
13,6,15,6635
13,6,16,6636
13,6,17,6637
13,6,18,6638
13,6,19,6639
13,7,0,6640
13,7,1,6641
13,7,2,6642
13,7,3,6643
13,7,4,6644
13,7,5,6645
13,7,6,6646
13,7,7,6647
13,7,8,6648
13,7,9,6649
13,7,10,6650
13,7,11,6651
13,7,12,6652
13,7,13,6653
13,7,14,6654
13,7,15,6655
13,7,16,6656
13,7,17,6657
13,7,18,6658
13,7,19,6659
13,8,0,6660
13,8,1,6661
13,8,2,6662
13,8,3,6663
13,8,4,6664
13,8,5,6665
13,8,6,6666
13,8,7,6667
13,8,8,6668
13,8,9,6669
13,8,10,6670
13,8,11,6671
13,8,12,6672
13,8,13,6673
13,8,14,6674
13,8,15,6675
13,8,16,6676
13,8,17,6677
13,8,18,6678
13,8,19,6679
13,9,0,6680
13,9,1,6681
13,9,2,6682
13,9,3,6683
13,9,4,6684
13,9,5,6685
13,9,6,6686
13,9,7,6687
13,9,8,6688
13,9,9,6689
13,9,10,6690
13,9,11,6691
13,9,12,6692
13,9,13,6693
13,9,14,6694
13,9,15,6695
13,9,16,6696
13,9,17,6697
13,9,18,6698
13,9,19,6699
13,10,0,6700
13,10,1,6701
13,10,2,6702
13,10,3,6703
13,10,4,6704
13,10,5,6705
13,10,6,6706
13,10,7,6707
13,10,8,6708
13,10,9,6709
13,10,10,6710
13,10,11,6711
13,10,12,6712
13,10,13,6713
13,10,14,6714
13,10,15,6715
13,10,16,6716
13,10,17,6717
13,10,18,6718
13,10,19,6719
13,11,0,6720
13,11,1,6721
13,11,2,6722
13,11,3,6723
13,11,4,6724
13,11,5,6725
13,11,6,6726
13,11,7,6727
13,11,8,6728
13,11,9,6729
13,11,10,6730
13,11,11,6731
13,11,12,6732
13,11,13,6733
13,11,14,6734
13,11,15,6735
13,11,16,6736
13,11,17,6737
13,11,18,6738
13,11,19,6739
13,12,0,6740
13,12,1,6741
13,12,2,6742
13,12,3,6743
13,12,4,6744
13,12,5,6745
13,12,6,6746
13,12,7,6747
13,12,8,6748
13,12,9,6749
13,12,10,6750
13,12,11,6751
13,12,12,6752
13,12,13,6753
13,12,14,6754
13,12,15,6755
13,12,16,6756
13,12,17,6757
13,12,18,6758
13,12,19,6759
13,13,0,6760
13,13,1,6761
13,13,2,6762
13,13,3,6763
13,13,4,6764
13,13,5,6765
13,13,6,6766
13,13,7,6767
13,13,8,6768
13,13,9,6769
13,13,10,6770
13,13,11,6771
13,13,12,6772
13,13,13,6773
13,13,14,6774
13,13,15,6775
13,13,16,6776
13,13,17,6777
13,13,18,6778
13,13,19,6779
13,14,0,6780
13,14,1,6781
13,14,2,6782
13,14,3,6783
13,14,4,6784
13,14,5,6785
13,14,6,6786
13,14,7,6787
13,14,8,6788
13,14,9,6789
13,14,10,6790
13,14,11,6791
13,14,12,6792
13,14,13,6793
13,14,14,6794
13,14,15,6795
13,14,16,6796
13,14,17,6797
13,14,18,6798
13,14,19,6799
13,15,0,6800
13,15,1,6801
13,15,2,6802
13,15,3,6803
13,15,4,6804
13,15,5,6805
13,15,6,6806
13,15,7,6807
13,15,8,6808
13,15,9,6809
13,15,10,6810
13,15,11,6811
13,15,12,6812
13,15,13,6813
13,15,14,6814
13,15,15,6815
13,15,16,6816
13,15,17,6817
13,15,18,6818
13,15,19,6819
13,16,0,6820
13,16,1,6821
13,16,2,6822
13,16,3,6823
13,16,4,6824
13,16,5,6825
13,16,6,6826
13,16,7,6827
13,16,8,6828
13,16,9,6829
13,16,10,6830
13,16,11,6831
13,16,12,6832
13,16,13,6833
13,16,14,6834
13,16,15,6835
13,16,16,6836
13,16,17,6837
13,16,18,6838
13,16,19,6839
13,17,0,6840
13,17,1,6841
13,17,2,6842
13,17,3,6843
13,17,4,6844
13,17,5,6845
13,17,6,6846
13,17,7,6847
13,17,8,6848
13,17,9,6849
13,17,10,6850
13,17,11,6851
13,17,12,6852
13,17,13,6853
13,17,14,6854
13,17,15,6855
13,17,16,6856
13,17,17,6857
13,17,18,6858
13,17,19,6859
13,18,0,6860
13,18,1,6861
13,18,2,6862
13,18,3,6863
13,18,4,6864
13,18,5,6865
13,18,6,6866
13,18,7,6867
13,18,8,6868
13,18,9,6869
13,18,10,6870
13,18,11,6871
13,18,12,6872
13,18,13,6873
13,18,14,6874
13,18,15,6875
13,18,16,6876
13,18,17,6877
13,18,18,6878
13,18,19,6879
13,19,0,6880
13,19,1,6881
13,19,2,6882
13,19,3,6883
13,19,4,6884
13,19,5,6885
13,19,6,6886
13,19,7,6887
13,19,8,6888
13,19,9,6889
13,19,10,6890
13,19,11,6891
13,19,12,6892
13,19,13,6893
13,19,14,6894
13,19,15,6895
13,19,16,6896
13,19,17,6897
13,19,18,6898
13,19,19,6899
13,20,0,6900
13,20,1,6901
13,20,2,6902
13,20,3,6903
13,20,4,6904
13,20,5,6905
13,20,6,6906
13,20,7,6907
13,20,8,6908
13,20,9,6909
13,20,10,6910
13,20,11,6911
13,20,12,6912
13,20,13,6913
13,20,14,6914
13,20,15,6915
13,20,16,6916
13,20,17,6917
13,20,18,6918
13,20,19,6919
13,21,0,6920
13,21,1,6921
13,21,2,6922
13,21,3,6923
13,21,4,6924
13,21,5,6925
13,21,6,6926
13,21,7,6927
13,21,8,6928
13,21,9,6929
13,21,10,6930
13,21,11,6931
13,21,12,6932
13,21,13,6933
13,21,14,6934
13,21,15,6935
13,21,16,6936
13,21,17,6937
13,21,18,6938
13,21,19,6939
13,22,0,6940
13,22,1,6941
13,22,2,6942
13,22,3,6943
13,22,4,6944
13,22,5,6945
13,22,6,6946
13,22,7,6947
13,22,8,6948
13,22,9,6949
13,22,10,6950
13,22,11,6951
13,22,12,6952
13,22,13,6953
13,22,14,6954
13,22,15,6955
13,22,16,6956
13,22,17,6957
13,22,18,6958
13,22,19,6959
13,23,0,6960
13,23,1,6961
13,23,2,6962
13,23,3,6963
13,23,4,6964
13,23,5,6965
13,23,6,6966
13,23,7,6967
13,23,8,6968
13,23,9,6969
13,23,10,6970
13,23,11,6971
13,23,12,6972
13,23,13,6973
13,23,14,6974
13,23,15,6975
13,23,16,6976
13,23,17,6977
13,23,18,6978
13,23,19,6979
13,24,0,6980
13,24,1,6981
13,24,2,6982
13,24,3,6983
13,24,4,6984
13,24,5,6985
13,24,6,6986
13,24,7,6987
13,24,8,6988
13,24,9,6989
13,24,10,6990
13,24,11,6991
13,24,12,6992
13,24,13,6993
13,24,14,6994
13,24,15,6995
13,24,16,6996
13,24,17,6997
13,24,18,6998
13,24,19,6999
14,0,0,7000
14,0,1,7001
14,0,2,7002
14,0,3,7003
14,0,4,7004
14,0,5,7005
14,0,6,7006
14,0,7,7007
14,0,8,7008
14,0,9,7009
14,0,10,7010
14,0,11,7011
14,0,12,7012
14,0,13,7013
14,0,14,7014
14,0,15,7015
14,0,16,7016
14,0,17,7017
14,0,18,7018
14,0,19,7019
14,1,0,7020
14,1,1,7021
14,1,2,7022
14,1,3,7023
14,1,4,7024
14,1,5,7025
14,1,6,7026
14,1,7,7027
14,1,8,7028
14,1,9,7029
14,1,10,7030
14,1,11,7031
14,1,12,7032
14,1,13,7033
14,1,14,7034
14,1,15,7035
14,1,16,7036
14,1,17,7037
14,1,18,7038
14,1,19,7039
14,2,0,7040
14,2,1,7041
14,2,2,7042
14,2,3,7043
14,2,4,7044
14,2,5,7045
14,2,6,7046
14,2,7,7047
14,2,8,7048
14,2,9,7049
14,2,10,7050
14,2,11,7051
14,2,12,7052
14,2,13,7053
14,2,14,7054
14,2,15,7055
14,2,16,7056
14,2,17,7057
14,2,18,7058
14,2,19,7059
14,3,0,7060
14,3,1,7061
14,3,2,7062
14,3,3,7063
14,3,4,7064
14,3,5,7065
14,3,6,7066
14,3,7,7067
14,3,8,7068
14,3,9,7069
14,3,10,7070
14,3,11,7071
14,3,12,7072
14,3,13,7073
14,3,14,7074
14,3,15,7075
14,3,16,7076
14,3,17,7077
14,3,18,7078
14,3,19,7079
14,4,0,7080
14,4,1,7081
14,4,2,7082
14,4,3,7083
14,4,4,7084
14,4,5,7085
14,4,6,7086
14,4,7,7087
14,4,8,7088
14,4,9,7089
14,4,10,7090
14,4,11,7091
14,4,12,7092
14,4,13,7093
14,4,14,7094
14,4,15,7095
14,4,16,7096
14,4,17,7097
14,4,18,7098
14,4,19,7099
14,5,0,7100
14,5,1,7101
14,5,2,7102
14,5,3,7103
14,5,4,7104
14,5,5,7105
14,5,6,7106
14,5,7,7107
14,5,8,7108
14,5,9,7109
14,5,10,7110
14,5,11,7111
14,5,12,7112
14,5,13,7113
14,5,14,7114
14,5,15,7115
14,5,16,7116
14,5,17,7117
14,5,18,7118
14,5,19,7119
14,6,0,7120
14,6,1,7121
14,6,2,7122
14,6,3,7123
14,6,4,7124
14,6,5,7125
14,6,6,7126
14,6,7,7127
14,6,8,7128
14,6,9,7129
14,6,10,7130
14,6,11,7131
14,6,12,7132
14,6,13,7133
14,6,14,7134
14,6,15,7135
14,6,16,7136
14,6,17,7137
14,6,18,7138
14,6,19,7139
14,7,0,7140
14,7,1,7141
14,7,2,7142
14,7,3,7143
14,7,4,7144
14,7,5,7145
14,7,6,7146
14,7,7,7147
14,7,8,7148
14,7,9,7149
14,7,10,7150
14,7,11,7151
14,7,12,7152
14,7,13,7153
14,7,14,7154
14,7,15,7155
14,7,16,7156
14,7,17,7157
14,7,18,7158
14,7,19,7159
14,8,0,7160
14,8,1,7161
14,8,2,7162
14,8,3,7163
14,8,4,7164
14,8,5,7165
14,8,6,7166
14,8,7,7167
14,8,8,7168
14,8,9,7169
14,8,10,7170
14,8,11,7171
14,8,12,7172
14,8,13,7173
14,8,14,7174
14,8,15,7175
14,8,16,7176
14,8,17,7177
14,8,18,7178
14,8,19,7179
14,9,0,7180
14,9,1,7181
14,9,2,7182
14,9,3,7183
14,9,4,7184
14,9,5,7185
14,9,6,7186
14,9,7,7187
14,9,8,7188
14,9,9,7189
14,9,10,7190
14,9,11,7191
14,9,12,7192
14,9,13,7193
14,9,14,7194
14,9,15,7195
14,9,16,7196
14,9,17,7197
14,9,18,7198
14,9,19,7199
14,10,0,7200
14,10,1,7201
14,10,2,7202
14,10,3,7203
14,10,4,7204
14,10,5,7205
14,10,6,7206
14,10,7,7207
14,10,8,7208
14,10,9,7209
14,10,10,7210
14,10,11,7211
14,10,12,7212
14,10,13,7213
14,10,14,7214
14,10,15,7215
14,10,16,7216
14,10,17,7217
14,10,18,7218
14,10,19,7219
14,11,0,7220
14,11,1,7221
14,11,2,7222
14,11,3,7223
14,11,4,7224
14,11,5,7225
14,11,6,7226
14,11,7,7227
14,11,8,7228
14,11,9,7229
14,11,10,7230
14,11,11,7231
14,11,12,7232
14,11,13,7233
14,11,14,7234
14,11,15,7235
14,11,16,7236
14,11,17,7237
14,11,18,7238
14,11,19,7239
14,12,0,7240
14,12,1,7241
14,12,2,7242
14,12,3,7243
14,12,4,7244
14,12,5,7245
14,12,6,7246
14,12,7,7247
14,12,8,7248
14,12,9,7249
14,12,10,7250
14,12,11,7251
14,12,12,7252
14,12,13,7253
14,12,14,7254
14,12,15,7255
14,12,16,7256
14,12,17,7257
14,12,18,7258
14,12,19,7259
14,13,0,7260
14,13,1,7261
14,13,2,7262
14,13,3,7263
14,13,4,7264
14,13,5,7265
14,13,6,7266
14,13,7,7267
14,13,8,7268
14,13,9,7269
14,13,10,7270
14,13,11,7271
14,13,12,7272
14,13,13,7273
14,13,14,7274
14,13,15,7275
14,13,16,7276
14,13,17,7277
14,13,18,7278
14,13,19,7279
14,14,0,7280
14,14,1,7281
14,14,2,7282
14,14,3,7283
14,14,4,7284
14,14,5,7285
14,14,6,7286
14,14,7,7287
14,14,8,7288
14,14,9,7289
14,14,10,7290
14,14,11,7291
14,14,12,7292
14,14,13,7293
14,14,14,7294
14,14,15,7295
14,14,16,7296
14,14,17,7297
14,14,18,7298
14,14,19,7299
14,15,0,7300
14,15,1,7301
14,15,2,7302
14,15,3,7303
14,15,4,7304
14,15,5,7305
14,15,6,7306
14,15,7,7307
14,15,8,7308
14,15,9,7309
14,15,10,7310
14,15,11,7311
14,15,12,7312
14,15,13,7313
14,15,14,7314
14,15,15,7315
14,15,16,7316
14,15,17,7317
14,15,18,7318
14,15,19,7319
14,16,0,7320
14,16,1,7321
14,16,2,7322
14,16,3,7323
14,16,4,7324
14,16,5,7325
14,16,6,7326
14,16,7,7327
14,16,8,7328
14,16,9,7329
14,16,10,7330
14,16,11,7331
14,16,12,7332
14,16,13,7333
14,16,14,7334
14,16,15,7335
14,16,16,7336
14,16,17,7337
14,16,18,7338
14,16,19,7339
14,17,0,7340
14,17,1,7341
14,17,2,7342
14,17,3,7343
14,17,4,7344
14,17,5,7345
14,17,6,7346
14,17,7,7347
14,17,8,7348
14,17,9,7349
14,17,10,7350
14,17,11,7351
14,17,12,7352
14,17,13,7353
14,17,14,7354
14,17,15,7355
14,17,16,7356
14,17,17,7357
14,17,18,7358
14,17,19,7359
14,18,0,7360
14,18,1,7361
14,18,2,7362
14,18,3,7363
14,18,4,7364
14,18,5,7365
14,18,6,7366
14,18,7,7367
14,18,8,7368
14,18,9,7369
14,18,10,7370
14,18,11,7371
14,18,12,7372
14,18,13,7373
14,18,14,7374
14,18,15,7375
14,18,16,7376
14,18,17,7377
14,18,18,7378
14,18,19,7379
14,19,0,7380
14,19,1,7381
14,19,2,7382
14,19,3,7383
14,19,4,7384
14,19,5,7385
14,19,6,7386
14,19,7,7387
14,19,8,7388
14,19,9,7389
14,19,10,7390
14,19,11,7391
14,19,12,7392
14,19,13,7393
14,19,14,7394
14,19,15,7395
14,19,16,7396
14,19,17,7397
14,19,18,7398
14,19,19,7399
14,20,0,7400
14,20,1,7401
14,20,2,7402
14,20,3,7403
14,20,4,7404
14,20,5,7405
14,20,6,7406
14,20,7,7407
14,20,8,7408
14,20,9,7409
14,20,10,7410
14,20,11,7411
14,20,12,7412
14,20,13,7413
14,20,14,7414
14,20,15,7415
14,20,16,7416
14,20,17,7417
14,20,18,7418
14,20,19,7419
14,21,0,7420
14,21,1,7421
14,21,2,7422
14,21,3,7423
14,21,4,7424
14,21,5,7425
14,21,6,7426
14,21,7,7427
14,21,8,7428
14,21,9,7429
14,21,10,7430
14,21,11,7431
14,21,12,7432
14,21,13,7433
14,21,14,7434
14,21,15,7435
14,21,16,7436
14,21,17,7437
14,21,18,7438
14,21,19,7439
14,22,0,7440
14,22,1,7441
14,22,2,7442
14,22,3,7443
14,22,4,7444
14,22,5,7445
14,22,6,7446
14,22,7,7447
14,22,8,7448
14,22,9,7449
14,22,10,7450
14,22,11,7451
14,22,12,7452
14,22,13,7453
14,22,14,7454
14,22,15,7455
14,22,16,7456
14,22,17,7457
14,22,18,7458
14,22,19,7459
14,23,0,7460
14,23,1,7461
14,23,2,7462
14,23,3,7463
14,23,4,7464
14,23,5,7465
14,23,6,7466
14,23,7,7467
14,23,8,7468
14,23,9,7469
14,23,10,7470
14,23,11,7471
14,23,12,7472
14,23,13,7473
14,23,14,7474
14,23,15,7475
14,23,16,7476
14,23,17,7477
14,23,18,7478
14,23,19,7479
14,24,0,7480
14,24,1,7481
14,24,2,7482
14,24,3,7483
14,24,4,7484
14,24,5,7485
14,24,6,7486
14,24,7,7487
14,24,8,7488
14,24,9,7489
14,24,10,7490
14,24,11,7491
14,24,12,7492
14,24,13,7493
14,24,14,7494
14,24,15,7495
14,24,16,7496
14,24,17,7497
14,24,18,7498
14,24,19,7499
15,0,0,7500
15,0,1,7501
15,0,2,7502
15,0,3,7503
15,0,4,7504
15,0,5,7505
15,0,6,7506
15,0,7,7507
15,0,8,7508
15,0,9,7509
15,0,10,7510
15,0,11,7511
15,0,12,7512
15,0,13,7513
15,0,14,7514
15,0,15,7515
15,0,16,7516
15,0,17,7517
15,0,18,7518
15,0,19,7519
15,1,0,7520
15,1,1,7521
15,1,2,7522
15,1,3,7523
15,1,4,7524
15,1,5,7525
15,1,6,7526
15,1,7,7527
15,1,8,7528
15,1,9,7529
15,1,10,7530
15,1,11,7531
15,1,12,7532
15,1,13,7533
15,1,14,7534
15,1,15,7535
15,1,16,7536
15,1,17,7537
15,1,18,7538
15,1,19,7539
15,2,0,7540
15,2,1,7541
15,2,2,7542
15,2,3,7543
15,2,4,7544
15,2,5,7545
15,2,6,7546
15,2,7,7547
15,2,8,7548
15,2,9,7549
15,2,10,7550
15,2,11,7551
15,2,12,7552
15,2,13,7553
15,2,14,7554
15,2,15,7555
15,2,16,7556
15,2,17,7557
15,2,18,7558
15,2,19,7559
15,3,0,7560
15,3,1,7561
15,3,2,7562
15,3,3,7563
15,3,4,7564
15,3,5,7565
15,3,6,7566
15,3,7,7567
15,3,8,7568
15,3,9,7569
15,3,10,7570
15,3,11,7571
15,3,12,7572
15,3,13,7573
15,3,14,7574
15,3,15,7575
15,3,16,7576
15,3,17,7577
15,3,18,7578
15,3,19,7579
15,4,0,7580
15,4,1,7581
15,4,2,7582
15,4,3,7583
15,4,4,7584
15,4,5,7585
15,4,6,7586
15,4,7,7587
15,4,8,7588
15,4,9,7589
15,4,10,7590
15,4,11,7591
15,4,12,7592
15,4,13,7593
15,4,14,7594
15,4,15,7595
15,4,16,7596
15,4,17,7597
15,4,18,7598
15,4,19,7599
15,5,0,7600
15,5,1,7601
15,5,2,7602
15,5,3,7603
15,5,4,7604
15,5,5,7605
15,5,6,7606
15,5,7,7607
15,5,8,7608
15,5,9,7609
15,5,10,7610
15,5,11,7611
15,5,12,7612
15,5,13,7613
15,5,14,7614
15,5,15,7615
15,5,16,7616
15,5,17,7617
15,5,18,7618
15,5,19,7619
15,6,0,7620
15,6,1,7621
15,6,2,7622
15,6,3,7623
15,6,4,7624
15,6,5,7625
15,6,6,7626
15,6,7,7627
15,6,8,7628
15,6,9,7629
15,6,10,7630
15,6,11,7631
15,6,12,7632
15,6,13,7633
15,6,14,7634
15,6,15,7635
15,6,16,7636
15,6,17,7637
15,6,18,7638
15,6,19,7639
15,7,0,7640
15,7,1,7641
15,7,2,7642
15,7,3,7643
15,7,4,7644
15,7,5,7645
15,7,6,7646
15,7,7,7647
15,7,8,7648
15,7,9,7649
15,7,10,7650
15,7,11,7651
15,7,12,7652
15,7,13,7653
15,7,14,7654
15,7,15,7655
15,7,16,7656
15,7,17,7657
15,7,18,7658
15,7,19,7659
15,8,0,7660
15,8,1,7661
15,8,2,7662
15,8,3,7663
15,8,4,7664
15,8,5,7665
15,8,6,7666
15,8,7,7667
15,8,8,7668
15,8,9,7669
15,8,10,7670
15,8,11,7671
15,8,12,7672
15,8,13,7673
15,8,14,7674
15,8,15,7675
15,8,16,7676
15,8,17,7677
15,8,18,7678
15,8,19,7679
15,9,0,7680
15,9,1,7681
15,9,2,7682
15,9,3,7683
15,9,4,7684
15,9,5,7685
15,9,6,7686
15,9,7,7687
15,9,8,7688
15,9,9,7689
15,9,10,7690
15,9,11,7691
15,9,12,7692
15,9,13,7693
15,9,14,7694
15,9,15,7695
15,9,16,7696
15,9,17,7697
15,9,18,7698
15,9,19,7699
15,10,0,7700
15,10,1,7701
15,10,2,7702
15,10,3,7703
15,10,4,7704
15,10,5,7705
15,10,6,7706
15,10,7,7707
15,10,8,7708
15,10,9,7709
15,10,10,7710
15,10,11,7711
15,10,12,7712
15,10,13,7713
15,10,14,7714
15,10,15,7715
15,10,16,7716
15,10,17,7717
15,10,18,7718
15,10,19,7719
15,11,0,7720
15,11,1,7721
15,11,2,7722
15,11,3,7723
15,11,4,7724
15,11,5,7725
15,11,6,7726
15,11,7,7727
15,11,8,7728
15,11,9,7729
15,11,10,7730
15,11,11,7731
15,11,12,7732
15,11,13,7733
15,11,14,7734
15,11,15,7735
15,11,16,7736
15,11,17,7737
15,11,18,7738
15,11,19,7739
15,12,0,7740
15,12,1,7741
15,12,2,7742
15,12,3,7743
15,12,4,7744
15,12,5,7745
15,12,6,7746
15,12,7,7747
15,12,8,7748
15,12,9,7749
15,12,10,7750
15,12,11,7751
15,12,12,7752
15,12,13,7753
15,12,14,7754
15,12,15,7755
15,12,16,7756
15,12,17,7757
15,12,18,7758
15,12,19,7759
15,13,0,7760
15,13,1,7761
15,13,2,7762
15,13,3,7763
15,13,4,7764
15,13,5,7765
15,13,6,7766
15,13,7,7767
15,13,8,7768
15,13,9,7769
15,13,10,7770
15,13,11,7771
15,13,12,7772
15,13,13,7773
15,13,14,7774
15,13,15,7775
15,13,16,7776
15,13,17,7777
15,13,18,7778
15,13,19,7779
15,14,0,7780
15,14,1,7781
15,14,2,7782
15,14,3,7783
15,14,4,7784
15,14,5,7785
15,14,6,7786
15,14,7,7787
15,14,8,7788
15,14,9,7789
15,14,10,7790
15,14,11,7791
15,14,12,7792
15,14,13,7793
15,14,14,7794
15,14,15,7795
15,14,16,7796
15,14,17,7797
15,14,18,7798
15,14,19,7799
15,15,0,7800
15,15,1,7801
15,15,2,7802
15,15,3,7803
15,15,4,7804
15,15,5,7805
15,15,6,7806
15,15,7,7807
15,15,8,7808
15,15,9,7809
15,15,10,7810
15,15,11,7811
15,15,12,7812
15,15,13,7813
15,15,14,7814
15,15,15,7815
15,15,16,7816
15,15,17,7817
15,15,18,7818
15,15,19,7819
15,16,0,7820
15,16,1,7821
15,16,2,7822
15,16,3,7823
15,16,4,7824
15,16,5,7825
15,16,6,7826
15,16,7,7827
15,16,8,7828
15,16,9,7829
15,16,10,7830
15,16,11,7831
15,16,12,7832
15,16,13,7833
15,16,14,7834
15,16,15,7835
15,16,16,7836
15,16,17,7837
15,16,18,7838
15,16,19,7839
15,17,0,7840
15,17,1,7841
15,17,2,7842
15,17,3,7843
15,17,4,7844
15,17,5,7845
15,17,6,7846
15,17,7,7847
15,17,8,7848
15,17,9,7849
15,17,10,7850
15,17,11,7851
15,17,12,7852
15,17,13,7853
15,17,14,7854
15,17,15,7855
15,17,16,7856
15,17,17,7857
15,17,18,7858
15,17,19,7859
15,18,0,7860
15,18,1,7861
15,18,2,7862
15,18,3,7863
15,18,4,7864
15,18,5,7865
15,18,6,7866
15,18,7,7867
15,18,8,7868
15,18,9,7869
15,18,10,7870
15,18,11,7871
15,18,12,7872
15,18,13,7873
15,18,14,7874
15,18,15,7875
15,18,16,7876
15,18,17,7877
15,18,18,7878
15,18,19,7879
15,19,0,7880
15,19,1,7881
15,19,2,7882
15,19,3,7883
15,19,4,7884
15,19,5,7885
15,19,6,7886
15,19,7,7887
15,19,8,7888
15,19,9,7889
15,19,10,7890
15,19,11,7891
15,19,12,7892
15,19,13,7893
15,19,14,7894
15,19,15,7895
15,19,16,7896
15,19,17,7897
15,19,18,7898
15,19,19,7899
15,20,0,7900
15,20,1,7901
15,20,2,7902
15,20,3,7903
15,20,4,7904
15,20,5,7905
15,20,6,7906
15,20,7,7907
15,20,8,7908
15,20,9,7909
15,20,10,7910
15,20,11,7911
15,20,12,7912
15,20,13,7913
15,20,14,7914
15,20,15,7915
15,20,16,7916
15,20,17,7917
15,20,18,7918
15,20,19,7919
15,21,0,7920
15,21,1,7921
15,21,2,7922
15,21,3,7923
15,21,4,7924
15,21,5,7925
15,21,6,7926
15,21,7,7927
15,21,8,7928
15,21,9,7929
15,21,10,7930
15,21,11,7931
15,21,12,7932
15,21,13,7933
15,21,14,7934
15,21,15,7935
15,21,16,7936
15,21,17,7937
15,21,18,7938
15,21,19,7939
15,22,0,7940
15,22,1,7941
15,22,2,7942
15,22,3,7943
15,22,4,7944
15,22,5,7945
15,22,6,7946
15,22,7,7947
15,22,8,7948
15,22,9,7949
15,22,10,7950
15,22,11,7951
15,22,12,7952
15,22,13,7953
15,22,14,7954
15,22,15,7955
15,22,16,7956
15,22,17,7957
15,22,18,7958
15,22,19,7959
15,23,0,7960
15,23,1,7961
15,23,2,7962
15,23,3,7963
15,23,4,7964
15,23,5,7965
15,23,6,7966
15,23,7,7967
15,23,8,7968
15,23,9,7969
15,23,10,7970
15,23,11,7971
15,23,12,7972
15,23,13,7973
15,23,14,7974
15,23,15,7975
15,23,16,7976
15,23,17,7977
15,23,18,7978
15,23,19,7979
15,24,0,7980
15,24,1,7981
15,24,2,7982
15,24,3,7983
15,24,4,7984
15,24,5,7985
15,24,6,7986
15,24,7,7987
15,24,8,7988
15,24,9,7989
15,24,10,7990
15,24,11,7991
15,24,12,7992
15,24,13,7993
15,24,14,7994
15,24,15,7995
15,24,16,7996
15,24,17,7997
15,24,18,7998
15,24,19,7999
16,0,0,8000
16,0,1,8001
16,0,2,8002
16,0,3,8003
16,0,4,8004
16,0,5,8005
16,0,6,8006
16,0,7,8007
16,0,8,8008
16,0,9,8009
16,0,10,8010
16,0,11,8011
16,0,12,8012
16,0,13,8013
16,0,14,8014
16,0,15,8015
16,0,16,8016
16,0,17,8017
16,0,18,8018
16,0,19,8019
16,1,0,8020
16,1,1,8021
16,1,2,8022
16,1,3,8023
16,1,4,8024
16,1,5,8025
16,1,6,8026
16,1,7,8027
16,1,8,8028
16,1,9,8029
16,1,10,8030
16,1,11,8031
16,1,12,8032
16,1,13,8033
16,1,14,8034
16,1,15,8035
16,1,16,8036
16,1,17,8037
16,1,18,8038
16,1,19,8039
16,2,0,8040
16,2,1,8041
16,2,2,8042
16,2,3,8043
16,2,4,8044
16,2,5,8045
16,2,6,8046
16,2,7,8047
16,2,8,8048
16,2,9,8049
16,2,10,8050
16,2,11,8051
16,2,12,8052
16,2,13,8053
16,2,14,8054
16,2,15,8055
16,2,16,8056
16,2,17,8057
16,2,18,8058
16,2,19,8059
16,3,0,8060
16,3,1,8061
16,3,2,8062
16,3,3,8063
16,3,4,8064
16,3,5,8065
16,3,6,8066
16,3,7,8067
16,3,8,8068
16,3,9,8069
16,3,10,8070
16,3,11,8071
16,3,12,8072
16,3,13,8073
16,3,14,8074
16,3,15,8075
16,3,16,8076
16,3,17,8077
16,3,18,8078
16,3,19,8079
16,4,0,8080
16,4,1,8081
16,4,2,8082
16,4,3,8083
16,4,4,8084
16,4,5,8085
16,4,6,8086
16,4,7,8087
16,4,8,8088
16,4,9,8089
16,4,10,8090
16,4,11,8091
16,4,12,8092
16,4,13,8093
16,4,14,8094
16,4,15,8095
16,4,16,8096
16,4,17,8097
16,4,18,8098
16,4,19,8099
16,5,0,8100
16,5,1,8101
16,5,2,8102
16,5,3,8103
16,5,4,8104
16,5,5,8105
16,5,6,8106
16,5,7,8107
16,5,8,8108
16,5,9,8109
16,5,10,8110
16,5,11,8111
16,5,12,8112
16,5,13,8113
16,5,14,8114
16,5,15,8115
16,5,16,8116
16,5,17,8117
16,5,18,8118
16,5,19,8119
16,6,0,8120
16,6,1,8121
16,6,2,8122
16,6,3,8123
16,6,4,8124
16,6,5,8125
16,6,6,8126
16,6,7,8127
16,6,8,8128
16,6,9,8129
16,6,10,8130
16,6,11,8131
16,6,12,8132
16,6,13,8133
16,6,14,8134
16,6,15,8135
16,6,16,8136
16,6,17,8137
16,6,18,8138
16,6,19,8139
16,7,0,8140
16,7,1,8141
16,7,2,8142
16,7,3,8143
16,7,4,8144
16,7,5,8145
16,7,6,8146
16,7,7,8147
16,7,8,8148
16,7,9,8149
16,7,10,8150
16,7,11,8151
16,7,12,8152
16,7,13,8153
16,7,14,8154
16,7,15,8155
16,7,16,8156
16,7,17,8157
16,7,18,8158
16,7,19,8159
16,8,0,8160
16,8,1,8161
16,8,2,8162
16,8,3,8163
16,8,4,8164
16,8,5,8165
16,8,6,8166
16,8,7,8167
16,8,8,8168
16,8,9,8169
16,8,10,8170
16,8,11,8171
16,8,12,8172
16,8,13,8173
16,8,14,8174
16,8,15,8175
16,8,16,8176
16,8,17,8177
16,8,18,8178
16,8,19,8179
16,9,0,8180
16,9,1,8181
16,9,2,8182
16,9,3,8183
16,9,4,8184
16,9,5,8185
16,9,6,8186
16,9,7,8187
16,9,8,8188
16,9,9,8189
16,9,10,8190
16,9,11,8191
16,9,12,8192
16,9,13,8193
16,9,14,8194
16,9,15,8195
16,9,16,8196
16,9,17,8197
16,9,18,8198
16,9,19,8199
16,10,0,8200
16,10,1,8201
16,10,2,8202
16,10,3,8203
16,10,4,8204
16,10,5,8205
16,10,6,8206
16,10,7,8207
16,10,8,8208
16,10,9,8209
16,10,10,8210
16,10,11,8211
16,10,12,8212
16,10,13,8213
16,10,14,8214
16,10,15,8215
16,10,16,8216
16,10,17,8217
16,10,18,8218
16,10,19,8219
16,11,0,8220
16,11,1,8221
16,11,2,8222
16,11,3,8223
16,11,4,8224
16,11,5,8225
16,11,6,8226
16,11,7,8227
16,11,8,8228
16,11,9,8229
16,11,10,8230
16,11,11,8231
16,11,12,8232
16,11,13,8233
16,11,14,8234
16,11,15,8235
16,11,16,8236
16,11,17,8237
16,11,18,8238
16,11,19,8239
16,12,0,8240
16,12,1,8241
16,12,2,8242
16,12,3,8243
16,12,4,8244
16,12,5,8245
16,12,6,8246
16,12,7,8247
16,12,8,8248
16,12,9,8249
16,12,10,8250
16,12,11,8251
16,12,12,8252
16,12,13,8253
16,12,14,8254
16,12,15,8255
16,12,16,8256
16,12,17,8257
16,12,18,8258
16,12,19,8259
16,13,0,8260
16,13,1,8261
16,13,2,8262
16,13,3,8263
16,13,4,8264
16,13,5,8265
16,13,6,8266
16,13,7,8267
16,13,8,8268
16,13,9,8269
16,13,10,8270
16,13,11,8271
16,13,12,8272
16,13,13,8273
16,13,14,8274
16,13,15,8275
16,13,16,8276
16,13,17,8277
16,13,18,8278
16,13,19,8279
16,14,0,8280
16,14,1,8281
16,14,2,8282
16,14,3,8283
16,14,4,8284
16,14,5,8285
16,14,6,8286
16,14,7,8287
16,14,8,8288
16,14,9,8289
16,14,10,8290
16,14,11,8291
16,14,12,8292
16,14,13,8293
16,14,14,8294
16,14,15,8295
16,14,16,8296
16,14,17,8297
16,14,18,8298
16,14,19,8299
16,15,0,8300
16,15,1,8301
16,15,2,8302
16,15,3,8303
16,15,4,8304
16,15,5,8305
16,15,6,8306
16,15,7,8307
16,15,8,8308
16,15,9,8309
16,15,10,8310
16,15,11,8311
16,15,12,8312
16,15,13,8313
16,15,14,8314
16,15,15,8315
16,15,16,8316
16,15,17,8317
16,15,18,8318
16,15,19,8319
16,16,0,8320
16,16,1,8321
16,16,2,8322
16,16,3,8323
16,16,4,8324
16,16,5,8325
16,16,6,8326
16,16,7,8327
16,16,8,8328
16,16,9,8329
16,16,10,8330
16,16,11,8331
16,16,12,8332
16,16,13,8333
16,16,14,8334
16,16,15,8335
16,16,16,8336
16,16,17,8337
16,16,18,8338
16,16,19,8339
16,17,0,8340
16,17,1,8341
16,17,2,8342
16,17,3,8343
16,17,4,8344
16,17,5,8345
16,17,6,8346
16,17,7,8347
16,17,8,8348
16,17,9,8349
16,17,10,8350
16,17,11,8351
16,17,12,8352
16,17,13,8353
16,17,14,8354
16,17,15,8355
16,17,16,8356
16,17,17,8357
16,17,18,8358
16,17,19,8359
16,18,0,8360
16,18,1,8361
16,18,2,8362
16,18,3,8363
16,18,4,8364
16,18,5,8365
16,18,6,8366
16,18,7,8367
16,18,8,8368
16,18,9,8369
16,18,10,8370
16,18,11,8371
16,18,12,8372
16,18,13,8373
16,18,14,8374
16,18,15,8375
16,18,16,8376
16,18,17,8377
16,18,18,8378
16,18,19,8379
16,19,0,8380
16,19,1,8381
16,19,2,8382
16,19,3,8383
16,19,4,8384
16,19,5,8385
16,19,6,8386
16,19,7,8387
16,19,8,8388
16,19,9,8389
16,19,10,8390
16,19,11,8391
16,19,12,8392
16,19,13,8393
16,19,14,8394
16,19,15,8395
16,19,16,8396
16,19,17,8397
16,19,18,8398
16,19,19,8399
16,20,0,8400
16,20,1,8401
16,20,2,8402
16,20,3,8403
16,20,4,8404
16,20,5,8405
16,20,6,8406
16,20,7,8407
16,20,8,8408
16,20,9,8409
16,20,10,8410
16,20,11,8411
16,20,12,8412
16,20,13,8413
16,20,14,8414
16,20,15,8415
16,20,16,8416
16,20,17,8417
16,20,18,8418
16,20,19,8419
16,21,0,8420
16,21,1,8421
16,21,2,8422
16,21,3,8423
16,21,4,8424
16,21,5,8425
16,21,6,8426
16,21,7,8427
16,21,8,8428
16,21,9,8429
16,21,10,8430
16,21,11,8431
16,21,12,8432
16,21,13,8433
16,21,14,8434
16,21,15,8435
16,21,16,8436
16,21,17,8437
16,21,18,8438
16,21,19,8439
16,22,0,8440
16,22,1,8441
16,22,2,8442
16,22,3,8443
16,22,4,8444
16,22,5,8445
16,22,6,8446
16,22,7,8447
16,22,8,8448
16,22,9,8449
16,22,10,8450
16,22,11,8451
16,22,12,8452
16,22,13,8453
16,22,14,8454
16,22,15,8455
16,22,16,8456
16,22,17,8457
16,22,18,8458
16,22,19,8459
16,23,0,8460
16,23,1,8461
16,23,2,8462
16,23,3,8463
16,23,4,8464
16,23,5,8465
16,23,6,8466
16,23,7,8467
16,23,8,8468
16,23,9,8469
16,23,10,8470
16,23,11,8471
16,23,12,8472
16,23,13,8473
16,23,14,8474
16,23,15,8475
16,23,16,8476
16,23,17,8477
16,23,18,8478
16,23,19,8479
16,24,0,8480
16,24,1,8481
16,24,2,8482
16,24,3,8483
16,24,4,8484
16,24,5,8485
16,24,6,8486
16,24,7,8487
16,24,8,8488
16,24,9,8489
16,24,10,8490
16,24,11,8491
16,24,12,8492
16,24,13,8493
16,24,14,8494
16,24,15,8495
16,24,16,8496
16,24,17,8497
16,24,18,8498
16,24,19,8499
17,0,0,8500
17,0,1,8501
17,0,2,8502
17,0,3,8503
17,0,4,8504
17,0,5,8505
17,0,6,8506
17,0,7,8507
17,0,8,8508
17,0,9,8509
17,0,10,8510
17,0,11,8511
17,0,12,8512
17,0,13,8513
17,0,14,8514
17,0,15,8515
17,0,16,8516
17,0,17,8517
17,0,18,8518
17,0,19,8519
17,1,0,8520
17,1,1,8521
17,1,2,8522
17,1,3,8523
17,1,4,8524
17,1,5,8525
17,1,6,8526
17,1,7,8527
17,1,8,8528
17,1,9,8529
17,1,10,8530
17,1,11,8531
17,1,12,8532
17,1,13,8533
17,1,14,8534
17,1,15,8535
17,1,16,8536
17,1,17,8537
17,1,18,8538
17,1,19,8539
17,2,0,8540
17,2,1,8541
17,2,2,8542
17,2,3,8543
17,2,4,8544
17,2,5,8545
17,2,6,8546
17,2,7,8547
17,2,8,8548
17,2,9,8549
17,2,10,8550
17,2,11,8551
17,2,12,8552
17,2,13,8553
17,2,14,8554
17,2,15,8555
17,2,16,8556
17,2,17,8557
17,2,18,8558
17,2,19,8559
17,3,0,8560
17,3,1,8561
17,3,2,8562
17,3,3,8563
17,3,4,8564
17,3,5,8565
17,3,6,8566
17,3,7,8567
17,3,8,8568
17,3,9,8569
17,3,10,8570
17,3,11,8571
17,3,12,8572
17,3,13,8573
17,3,14,8574
17,3,15,8575
17,3,16,8576
17,3,17,8577
17,3,18,8578
17,3,19,8579
17,4,0,8580
17,4,1,8581
17,4,2,8582
17,4,3,8583
17,4,4,8584
17,4,5,8585
17,4,6,8586
17,4,7,8587
17,4,8,8588
17,4,9,8589
17,4,10,8590
17,4,11,8591
17,4,12,8592
17,4,13,8593
17,4,14,8594
17,4,15,8595
17,4,16,8596
17,4,17,8597
17,4,18,8598
17,4,19,8599
17,5,0,8600
17,5,1,8601
17,5,2,8602
17,5,3,8603
17,5,4,8604
17,5,5,8605
17,5,6,8606
17,5,7,8607
17,5,8,8608
17,5,9,8609
17,5,10,8610
17,5,11,8611
17,5,12,8612
17,5,13,8613
17,5,14,8614
17,5,15,8615
17,5,16,8616
17,5,17,8617
17,5,18,8618
17,5,19,8619
17,6,0,8620
17,6,1,8621
17,6,2,8622
17,6,3,8623
17,6,4,8624
17,6,5,8625
17,6,6,8626
17,6,7,8627
17,6,8,8628
17,6,9,8629
17,6,10,8630
17,6,11,8631
17,6,12,8632
17,6,13,8633
17,6,14,8634
17,6,15,8635
17,6,16,8636
17,6,17,8637
17,6,18,8638
17,6,19,8639
17,7,0,8640
17,7,1,8641
17,7,2,8642
17,7,3,8643
17,7,4,8644
17,7,5,8645
17,7,6,8646
17,7,7,8647
17,7,8,8648
17,7,9,8649
17,7,10,8650
17,7,11,8651
17,7,12,8652
17,7,13,8653
17,7,14,8654
17,7,15,8655
17,7,16,8656
17,7,17,8657
17,7,18,8658
17,7,19,8659
17,8,0,8660
17,8,1,8661
17,8,2,8662
17,8,3,8663
17,8,4,8664
17,8,5,8665
17,8,6,8666
17,8,7,8667
17,8,8,8668
17,8,9,8669
17,8,10,8670
17,8,11,8671
17,8,12,8672
17,8,13,8673
17,8,14,8674
17,8,15,8675
17,8,16,8676
17,8,17,8677
17,8,18,8678
17,8,19,8679
17,9,0,8680
17,9,1,8681
17,9,2,8682
17,9,3,8683
17,9,4,8684
17,9,5,8685
17,9,6,8686
17,9,7,8687
17,9,8,8688
17,9,9,8689
17,9,10,8690
17,9,11,8691
17,9,12,8692
17,9,13,8693
17,9,14,8694
17,9,15,8695
17,9,16,8696
17,9,17,8697
17,9,18,8698
17,9,19,8699
17,10,0,8700
17,10,1,8701
17,10,2,8702
17,10,3,8703
17,10,4,8704
17,10,5,8705
17,10,6,8706
17,10,7,8707
17,10,8,8708
17,10,9,8709
17,10,10,8710
17,10,11,8711
17,10,12,8712
17,10,13,8713
17,10,14,8714
17,10,15,8715
17,10,16,8716
17,10,17,8717
17,10,18,8718
17,10,19,8719
17,11,0,8720
17,11,1,8721
17,11,2,8722
17,11,3,8723
17,11,4,8724
17,11,5,8725
17,11,6,8726
17,11,7,8727
17,11,8,8728
17,11,9,8729
17,11,10,8730
17,11,11,8731
17,11,12,8732
17,11,13,8733
17,11,14,8734
17,11,15,8735
17,11,16,8736
17,11,17,8737
17,11,18,8738
17,11,19,8739
17,12,0,8740
17,12,1,8741
17,12,2,8742
17,12,3,8743
17,12,4,8744
17,12,5,8745
17,12,6,8746
17,12,7,8747
17,12,8,8748
17,12,9,8749
17,12,10,8750
17,12,11,8751
17,12,12,8752
17,12,13,8753
17,12,14,8754
17,12,15,8755
17,12,16,8756
17,12,17,8757
17,12,18,8758
17,12,19,8759
17,13,0,8760
17,13,1,8761
17,13,2,8762
17,13,3,8763
17,13,4,8764
17,13,5,8765
17,13,6,8766
17,13,7,8767
17,13,8,8768
17,13,9,8769
17,13,10,8770
17,13,11,8771
17,13,12,8772
17,13,13,8773
17,13,14,8774
17,13,15,8775
17,13,16,8776
17,13,17,8777
17,13,18,8778
17,13,19,8779
17,14,0,8780
17,14,1,8781
17,14,2,8782
17,14,3,8783
17,14,4,8784
17,14,5,8785
17,14,6,8786
17,14,7,8787
17,14,8,8788
17,14,9,8789
17,14,10,8790
17,14,11,8791
17,14,12,8792
17,14,13,8793
17,14,14,8794
17,14,15,8795
17,14,16,8796
17,14,17,8797
17,14,18,8798
17,14,19,8799
17,15,0,8800
17,15,1,8801
17,15,2,8802
17,15,3,8803
17,15,4,8804
17,15,5,8805
17,15,6,8806
17,15,7,8807
17,15,8,8808
17,15,9,8809
17,15,10,8810
17,15,11,8811
17,15,12,8812
17,15,13,8813
17,15,14,8814
17,15,15,8815
17,15,16,8816
17,15,17,8817
17,15,18,8818
17,15,19,8819
17,16,0,8820
17,16,1,8821
17,16,2,8822
17,16,3,8823
17,16,4,8824
17,16,5,8825
17,16,6,8826
17,16,7,8827
17,16,8,8828
17,16,9,8829
17,16,10,8830
17,16,11,8831
17,16,12,8832
17,16,13,8833
17,16,14,8834
17,16,15,8835
17,16,16,8836
17,16,17,8837
17,16,18,8838
17,16,19,8839
17,17,0,8840
17,17,1,8841
17,17,2,8842
17,17,3,8843
17,17,4,8844
17,17,5,8845
17,17,6,8846
17,17,7,8847
17,17,8,8848
17,17,9,8849
17,17,10,8850
17,17,11,8851
17,17,12,8852
17,17,13,8853
17,17,14,8854
17,17,15,8855
17,17,16,8856
17,17,17,8857
17,17,18,8858
17,17,19,8859
17,18,0,8860
17,18,1,8861
17,18,2,8862
17,18,3,8863
17,18,4,8864
17,18,5,8865
17,18,6,8866
17,18,7,8867
17,18,8,8868
17,18,9,8869
17,18,10,8870
17,18,11,8871
17,18,12,8872
17,18,13,8873
17,18,14,8874
17,18,15,8875
17,18,16,8876
17,18,17,8877
17,18,18,8878
17,18,19,8879
17,19,0,8880
17,19,1,8881
17,19,2,8882
17,19,3,8883
17,19,4,8884
17,19,5,8885
17,19,6,8886
17,19,7,8887
17,19,8,8888
17,19,9,8889
17,19,10,8890
17,19,11,8891
17,19,12,8892
17,19,13,8893
17,19,14,8894
17,19,15,8895
17,19,16,8896
17,19,17,8897
17,19,18,8898
17,19,19,8899
17,20,0,8900
17,20,1,8901
17,20,2,8902
17,20,3,8903
17,20,4,8904
17,20,5,8905
17,20,6,8906
17,20,7,8907
17,20,8,8908
17,20,9,8909
17,20,10,8910
17,20,11,8911
17,20,12,8912
17,20,13,8913
17,20,14,8914
17,20,15,8915
17,20,16,8916
17,20,17,8917
17,20,18,8918
17,20,19,8919
17,21,0,8920
17,21,1,8921
17,21,2,8922
17,21,3,8923
17,21,4,8924
17,21,5,8925
17,21,6,8926
17,21,7,8927
17,21,8,8928
17,21,9,8929
17,21,10,8930
17,21,11,8931
17,21,12,8932
17,21,13,8933
17,21,14,8934
17,21,15,8935
17,21,16,8936
17,21,17,8937
17,21,18,8938
17,21,19,8939
17,22,0,8940
17,22,1,8941
17,22,2,8942
17,22,3,8943
17,22,4,8944
17,22,5,8945
17,22,6,8946
17,22,7,8947
17,22,8,8948
17,22,9,8949
17,22,10,8950
17,22,11,8951
17,22,12,8952
17,22,13,8953
17,22,14,8954
17,22,15,8955
17,22,16,8956
17,22,17,8957
17,22,18,8958
17,22,19,8959
17,23,0,8960
17,23,1,8961
17,23,2,8962
17,23,3,8963
17,23,4,8964
17,23,5,8965
17,23,6,8966
17,23,7,8967
17,23,8,8968
17,23,9,8969
17,23,10,8970
17,23,11,8971
17,23,12,8972
17,23,13,8973
17,23,14,8974
17,23,15,8975
17,23,16,8976
17,23,17,8977
17,23,18,8978
17,23,19,8979
17,24,0,8980
17,24,1,8981
17,24,2,8982
17,24,3,8983
17,24,4,8984
17,24,5,8985
17,24,6,8986
17,24,7,8987
17,24,8,8988
17,24,9,8989
17,24,10,8990
17,24,11,8991
17,24,12,8992
17,24,13,8993
17,24,14,8994
17,24,15,8995
17,24,16,8996
17,24,17,8997
17,24,18,8998
17,24,19,8999
18,0,0,9000
18,0,1,9001
18,0,2,9002
18,0,3,9003
18,0,4,9004
18,0,5,9005
18,0,6,9006
18,0,7,9007
18,0,8,9008
18,0,9,9009
18,0,10,9010
18,0,11,9011
18,0,12,9012
18,0,13,9013
18,0,14,9014
18,0,15,9015
18,0,16,9016
18,0,17,9017
18,0,18,9018
18,0,19,9019
18,1,0,9020
18,1,1,9021
18,1,2,9022
18,1,3,9023
18,1,4,9024
18,1,5,9025
18,1,6,9026
18,1,7,9027
18,1,8,9028
18,1,9,9029
18,1,10,9030
18,1,11,9031
18,1,12,9032
18,1,13,9033
18,1,14,9034
18,1,15,9035
18,1,16,9036
18,1,17,9037
18,1,18,9038
18,1,19,9039
18,2,0,9040
18,2,1,9041
18,2,2,9042
18,2,3,9043
18,2,4,9044
18,2,5,9045
18,2,6,9046
18,2,7,9047
18,2,8,9048
18,2,9,9049
18,2,10,9050
18,2,11,9051
18,2,12,9052
18,2,13,9053
18,2,14,9054
18,2,15,9055
18,2,16,9056
18,2,17,9057
18,2,18,9058
18,2,19,9059
18,3,0,9060
18,3,1,9061
18,3,2,9062
18,3,3,9063
18,3,4,9064
18,3,5,9065
18,3,6,9066
18,3,7,9067
18,3,8,9068
18,3,9,9069
18,3,10,9070
18,3,11,9071
18,3,12,9072
18,3,13,9073
18,3,14,9074
18,3,15,9075
18,3,16,9076
18,3,17,9077
18,3,18,9078
18,3,19,9079
18,4,0,9080
18,4,1,9081
18,4,2,9082
18,4,3,9083
18,4,4,9084
18,4,5,9085
18,4,6,9086
18,4,7,9087
18,4,8,9088
18,4,9,9089
18,4,10,9090
18,4,11,9091
18,4,12,9092
18,4,13,9093
18,4,14,9094
18,4,15,9095
18,4,16,9096
18,4,17,9097
18,4,18,9098
18,4,19,9099
18,5,0,9100
18,5,1,9101
18,5,2,9102
18,5,3,9103
18,5,4,9104
18,5,5,9105
18,5,6,9106
18,5,7,9107
18,5,8,9108
18,5,9,9109
18,5,10,9110
18,5,11,9111
18,5,12,9112
18,5,13,9113
18,5,14,9114
18,5,15,9115
18,5,16,9116
18,5,17,9117
18,5,18,9118
18,5,19,9119
18,6,0,9120
18,6,1,9121
18,6,2,9122
18,6,3,9123
18,6,4,9124
18,6,5,9125
18,6,6,9126
18,6,7,9127
18,6,8,9128
18,6,9,9129
18,6,10,9130
18,6,11,9131
18,6,12,9132
18,6,13,9133
18,6,14,9134
18,6,15,9135
18,6,16,9136
18,6,17,9137
18,6,18,9138
18,6,19,9139
18,7,0,9140
18,7,1,9141
18,7,2,9142
18,7,3,9143
18,7,4,9144
18,7,5,9145
18,7,6,9146
18,7,7,9147
18,7,8,9148
18,7,9,9149
18,7,10,9150
18,7,11,9151
18,7,12,9152
18,7,13,9153
18,7,14,9154
18,7,15,9155
18,7,16,9156
18,7,17,9157
18,7,18,9158
18,7,19,9159
18,8,0,9160
18,8,1,9161
18,8,2,9162
18,8,3,9163
18,8,4,9164
18,8,5,9165
18,8,6,9166
18,8,7,9167
18,8,8,9168
18,8,9,9169
18,8,10,9170
18,8,11,9171
18,8,12,9172
18,8,13,9173
18,8,14,9174
18,8,15,9175
18,8,16,9176
18,8,17,9177
18,8,18,9178
18,8,19,9179
18,9,0,9180
18,9,1,9181
18,9,2,9182
18,9,3,9183
18,9,4,9184
18,9,5,9185
18,9,6,9186
18,9,7,9187
18,9,8,9188
18,9,9,9189
18,9,10,9190
18,9,11,9191
18,9,12,9192
18,9,13,9193
18,9,14,9194
18,9,15,9195
18,9,16,9196
18,9,17,9197
18,9,18,9198
18,9,19,9199
18,10,0,9200
18,10,1,9201
18,10,2,9202
18,10,3,9203
18,10,4,9204
18,10,5,9205
18,10,6,9206
18,10,7,9207
18,10,8,9208
18,10,9,9209
18,10,10,9210
18,10,11,9211
18,10,12,9212
18,10,13,9213
18,10,14,9214
18,10,15,9215
18,10,16,9216
18,10,17,9217
18,10,18,9218
18,10,19,9219
18,11,0,9220
18,11,1,9221
18,11,2,9222
18,11,3,9223
18,11,4,9224
18,11,5,9225
18,11,6,9226
18,11,7,9227
18,11,8,9228
18,11,9,9229
18,11,10,9230
18,11,11,9231
18,11,12,9232
18,11,13,9233
18,11,14,9234
18,11,15,9235
18,11,16,9236
18,11,17,9237
18,11,18,9238
18,11,19,9239
18,12,0,9240
18,12,1,9241
18,12,2,9242
18,12,3,9243
18,12,4,9244
18,12,5,9245
18,12,6,9246
18,12,7,9247
18,12,8,9248
18,12,9,9249
18,12,10,9250
18,12,11,9251
18,12,12,9252
18,12,13,9253
18,12,14,9254
18,12,15,9255
18,12,16,9256
18,12,17,9257
18,12,18,9258
18,12,19,9259
18,13,0,9260
18,13,1,9261
18,13,2,9262
18,13,3,9263
18,13,4,9264
18,13,5,9265
18,13,6,9266
18,13,7,9267
18,13,8,9268
18,13,9,9269
18,13,10,9270
18,13,11,9271
18,13,12,9272
18,13,13,9273
18,13,14,9274
18,13,15,9275
18,13,16,9276
18,13,17,9277
18,13,18,9278
18,13,19,9279
18,14,0,9280
18,14,1,9281
18,14,2,9282
18,14,3,9283
18,14,4,9284
18,14,5,9285
18,14,6,9286
18,14,7,9287
18,14,8,9288
18,14,9,9289
18,14,10,9290
18,14,11,9291
18,14,12,9292
18,14,13,9293
18,14,14,9294
18,14,15,9295
18,14,16,9296
18,14,17,9297
18,14,18,9298
18,14,19,9299
18,15,0,9300
18,15,1,9301
18,15,2,9302
18,15,3,9303
18,15,4,9304
18,15,5,9305
18,15,6,9306
18,15,7,9307
18,15,8,9308
18,15,9,9309
18,15,10,9310
18,15,11,9311
18,15,12,9312
18,15,13,9313
18,15,14,9314
18,15,15,9315
18,15,16,9316
18,15,17,9317
18,15,18,9318
18,15,19,9319
18,16,0,9320
18,16,1,9321
18,16,2,9322
18,16,3,9323
18,16,4,9324
18,16,5,9325
18,16,6,9326
18,16,7,9327
18,16,8,9328
18,16,9,9329
18,16,10,9330
18,16,11,9331
18,16,12,9332
18,16,13,9333
18,16,14,9334
18,16,15,9335
18,16,16,9336
18,16,17,9337
18,16,18,9338
18,16,19,9339
18,17,0,9340
18,17,1,9341
18,17,2,9342
18,17,3,9343
18,17,4,9344
18,17,5,9345
18,17,6,9346
18,17,7,9347
18,17,8,9348
18,17,9,9349
18,17,10,9350
18,17,11,9351
18,17,12,9352
18,17,13,9353
18,17,14,9354
18,17,15,9355
18,17,16,9356
18,17,17,9357
18,17,18,9358
18,17,19,9359
18,18,0,9360
18,18,1,9361
18,18,2,9362
18,18,3,9363
18,18,4,9364
18,18,5,9365
18,18,6,9366
18,18,7,9367
18,18,8,9368
18,18,9,9369
18,18,10,9370
18,18,11,9371
18,18,12,9372
18,18,13,9373
18,18,14,9374
18,18,15,9375
18,18,16,9376
18,18,17,9377
18,18,18,9378
18,18,19,9379
18,19,0,9380
18,19,1,9381
18,19,2,9382
18,19,3,9383
18,19,4,9384
18,19,5,9385
18,19,6,9386
18,19,7,9387
18,19,8,9388
18,19,9,9389
18,19,10,9390
18,19,11,9391
18,19,12,9392
18,19,13,9393
18,19,14,9394
18,19,15,9395
18,19,16,9396
18,19,17,9397
18,19,18,9398
18,19,19,9399
18,20,0,9400
18,20,1,9401
18,20,2,9402
18,20,3,9403
18,20,4,9404
18,20,5,9405
18,20,6,9406
18,20,7,9407
18,20,8,9408
18,20,9,9409
18,20,10,9410
18,20,11,9411
18,20,12,9412
18,20,13,9413
18,20,14,9414
18,20,15,9415
18,20,16,9416
18,20,17,9417
18,20,18,9418
18,20,19,9419
18,21,0,9420
18,21,1,9421
18,21,2,9422
18,21,3,9423
18,21,4,9424
18,21,5,9425
18,21,6,9426
18,21,7,9427
18,21,8,9428
18,21,9,9429
18,21,10,9430
18,21,11,9431
18,21,12,9432
18,21,13,9433
18,21,14,9434
18,21,15,9435
18,21,16,9436
18,21,17,9437
18,21,18,9438
18,21,19,9439
18,22,0,9440
18,22,1,9441
18,22,2,9442
18,22,3,9443
18,22,4,9444
18,22,5,9445
18,22,6,9446
18,22,7,9447
18,22,8,9448
18,22,9,9449
18,22,10,9450
18,22,11,9451
18,22,12,9452
18,22,13,9453
18,22,14,9454
18,22,15,9455
18,22,16,9456
18,22,17,9457
18,22,18,9458
18,22,19,9459
18,23,0,9460
18,23,1,9461
18,23,2,9462
18,23,3,9463
18,23,4,9464
18,23,5,9465
18,23,6,9466
18,23,7,9467
18,23,8,9468
18,23,9,9469
18,23,10,9470
18,23,11,9471
18,23,12,9472
18,23,13,9473
18,23,14,9474
18,23,15,9475
18,23,16,9476
18,23,17,9477
18,23,18,9478
18,23,19,9479
18,24,0,9480
18,24,1,9481
18,24,2,9482
18,24,3,9483
18,24,4,9484
18,24,5,9485
18,24,6,9486
18,24,7,9487
18,24,8,9488
18,24,9,9489
18,24,10,9490
18,24,11,9491
18,24,12,9492
18,24,13,9493
18,24,14,9494
18,24,15,9495
18,24,16,9496
18,24,17,9497
18,24,18,9498
18,24,19,9499
19,0,0,9500
19,0,1,9501
19,0,2,9502
19,0,3,9503
19,0,4,9504
19,0,5,9505
19,0,6,9506
19,0,7,9507
19,0,8,9508
19,0,9,9509
19,0,10,9510
19,0,11,9511
19,0,12,9512
19,0,13,9513
19,0,14,9514
19,0,15,9515
19,0,16,9516
19,0,17,9517
19,0,18,9518
19,0,19,9519
19,1,0,9520
19,1,1,9521
19,1,2,9522
19,1,3,9523
19,1,4,9524
19,1,5,9525
19,1,6,9526
19,1,7,9527
19,1,8,9528
19,1,9,9529
19,1,10,9530
19,1,11,9531
19,1,12,9532
19,1,13,9533
19,1,14,9534
19,1,15,9535
19,1,16,9536
19,1,17,9537
19,1,18,9538
19,1,19,9539
19,2,0,9540
19,2,1,9541
19,2,2,9542
19,2,3,9543
19,2,4,9544
19,2,5,9545
19,2,6,9546
19,2,7,9547
19,2,8,9548
19,2,9,9549
19,2,10,9550
19,2,11,9551
19,2,12,9552
19,2,13,9553
19,2,14,9554
19,2,15,9555
19,2,16,9556
19,2,17,9557
19,2,18,9558
19,2,19,9559
19,3,0,9560
19,3,1,9561
19,3,2,9562
19,3,3,9563
19,3,4,9564
19,3,5,9565
19,3,6,9566
19,3,7,9567
19,3,8,9568
19,3,9,9569
19,3,10,9570
19,3,11,9571
19,3,12,9572
19,3,13,9573
19,3,14,9574
19,3,15,9575
19,3,16,9576
19,3,17,9577
19,3,18,9578
19,3,19,9579
19,4,0,9580
19,4,1,9581
19,4,2,9582
19,4,3,9583
19,4,4,9584
19,4,5,9585
19,4,6,9586
19,4,7,9587
19,4,8,9588
19,4,9,9589
19,4,10,9590
19,4,11,9591
19,4,12,9592
19,4,13,9593
19,4,14,9594
19,4,15,9595
19,4,16,9596
19,4,17,9597
19,4,18,9598
19,4,19,9599
19,5,0,9600
19,5,1,9601
19,5,2,9602
19,5,3,9603
19,5,4,9604
19,5,5,9605
19,5,6,9606
19,5,7,9607
19,5,8,9608
19,5,9,9609
19,5,10,9610
19,5,11,9611
19,5,12,9612
19,5,13,9613
19,5,14,9614
19,5,15,9615
19,5,16,9616
19,5,17,9617
19,5,18,9618
19,5,19,9619
19,6,0,9620
19,6,1,9621
19,6,2,9622
19,6,3,9623
19,6,4,9624
19,6,5,9625
19,6,6,9626
19,6,7,9627
19,6,8,9628
19,6,9,9629
19,6,10,9630
19,6,11,9631
19,6,12,9632
19,6,13,9633
19,6,14,9634
19,6,15,9635
19,6,16,9636
19,6,17,9637
19,6,18,9638
19,6,19,9639
19,7,0,9640
19,7,1,9641
19,7,2,9642
19,7,3,9643
19,7,4,9644
19,7,5,9645
19,7,6,9646
19,7,7,9647
19,7,8,9648
19,7,9,9649
19,7,10,9650
19,7,11,9651
19,7,12,9652
19,7,13,9653
19,7,14,9654
19,7,15,9655
19,7,16,9656
19,7,17,9657
19,7,18,9658
19,7,19,9659
19,8,0,9660
19,8,1,9661
19,8,2,9662
19,8,3,9663
19,8,4,9664
19,8,5,9665
19,8,6,9666
19,8,7,9667
19,8,8,9668
19,8,9,9669
19,8,10,9670
19,8,11,9671
19,8,12,9672
19,8,13,9673
19,8,14,9674
19,8,15,9675
19,8,16,9676
19,8,17,9677
19,8,18,9678
19,8,19,9679
19,9,0,9680
19,9,1,9681
19,9,2,9682
19,9,3,9683
19,9,4,9684
19,9,5,9685
19,9,6,9686
19,9,7,9687
19,9,8,9688
19,9,9,9689
19,9,10,9690
19,9,11,9691
19,9,12,9692
19,9,13,9693
19,9,14,9694
19,9,15,9695
19,9,16,9696
19,9,17,9697
19,9,18,9698
19,9,19,9699
19,10,0,9700
19,10,1,9701
19,10,2,9702
19,10,3,9703
19,10,4,9704
19,10,5,9705
19,10,6,9706
19,10,7,9707
19,10,8,9708
19,10,9,9709
19,10,10,9710
19,10,11,9711
19,10,12,9712
19,10,13,9713
19,10,14,9714
19,10,15,9715
19,10,16,9716
19,10,17,9717
19,10,18,9718
19,10,19,9719
19,11,0,9720
19,11,1,9721
19,11,2,9722
19,11,3,9723
19,11,4,9724
19,11,5,9725
19,11,6,9726
19,11,7,9727
19,11,8,9728
19,11,9,9729
19,11,10,9730
19,11,11,9731
19,11,12,9732
19,11,13,9733
19,11,14,9734
19,11,15,9735
19,11,16,9736
19,11,17,9737
19,11,18,9738
19,11,19,9739
19,12,0,9740
19,12,1,9741
19,12,2,9742
19,12,3,9743
19,12,4,9744
19,12,5,9745
19,12,6,9746
19,12,7,9747
19,12,8,9748
19,12,9,9749
19,12,10,9750
19,12,11,9751
19,12,12,9752
19,12,13,9753
19,12,14,9754
19,12,15,9755
19,12,16,9756
19,12,17,9757
19,12,18,9758
19,12,19,9759
19,13,0,9760
19,13,1,9761
19,13,2,9762
19,13,3,9763
19,13,4,9764
19,13,5,9765
19,13,6,9766
19,13,7,9767
19,13,8,9768
19,13,9,9769
19,13,10,9770
19,13,11,9771
19,13,12,9772
19,13,13,9773
19,13,14,9774
19,13,15,9775
19,13,16,9776
19,13,17,9777
19,13,18,9778
19,13,19,9779
19,14,0,9780
19,14,1,9781
19,14,2,9782
19,14,3,9783
19,14,4,9784
19,14,5,9785
19,14,6,9786
19,14,7,9787
19,14,8,9788
19,14,9,9789
19,14,10,9790
19,14,11,9791
19,14,12,9792
19,14,13,9793
19,14,14,9794
19,14,15,9795
19,14,16,9796
19,14,17,9797
19,14,18,9798
19,14,19,9799
19,15,0,9800
19,15,1,9801
19,15,2,9802
19,15,3,9803
19,15,4,9804
19,15,5,9805
19,15,6,9806
19,15,7,9807
19,15,8,9808
19,15,9,9809
19,15,10,9810
19,15,11,9811
19,15,12,9812
19,15,13,9813
19,15,14,9814
19,15,15,9815
19,15,16,9816
19,15,17,9817
19,15,18,9818
19,15,19,9819
19,16,0,9820
19,16,1,9821
19,16,2,9822
19,16,3,9823
19,16,4,9824
19,16,5,9825
19,16,6,9826
19,16,7,9827
19,16,8,9828
19,16,9,9829
19,16,10,9830
19,16,11,9831
19,16,12,9832
19,16,13,9833
19,16,14,9834
19,16,15,9835
19,16,16,9836
19,16,17,9837
19,16,18,9838
19,16,19,9839
19,17,0,9840
19,17,1,9841
19,17,2,9842
19,17,3,9843
19,17,4,9844
19,17,5,9845
19,17,6,9846
19,17,7,9847
19,17,8,9848
19,17,9,9849
19,17,10,9850
19,17,11,9851
19,17,12,9852
19,17,13,9853
19,17,14,9854
19,17,15,9855
19,17,16,9856
19,17,17,9857
19,17,18,9858
19,17,19,9859
19,18,0,9860
19,18,1,9861
19,18,2,9862
19,18,3,9863
19,18,4,9864
19,18,5,9865
19,18,6,9866
19,18,7,9867
19,18,8,9868
19,18,9,9869
19,18,10,9870
19,18,11,9871
19,18,12,9872
19,18,13,9873
19,18,14,9874
19,18,15,9875
19,18,16,9876
19,18,17,9877
19,18,18,9878
19,18,19,9879
19,19,0,9880
19,19,1,9881
19,19,2,9882
19,19,3,9883
19,19,4,9884
19,19,5,9885
19,19,6,9886
19,19,7,9887
19,19,8,9888
19,19,9,9889
19,19,10,9890
19,19,11,9891
19,19,12,9892
19,19,13,9893
19,19,14,9894
19,19,15,9895
19,19,16,9896
19,19,17,9897
19,19,18,9898
19,19,19,9899
19,20,0,9900
19,20,1,9901
19,20,2,9902
19,20,3,9903
19,20,4,9904
19,20,5,9905
19,20,6,9906
19,20,7,9907
19,20,8,9908
19,20,9,9909
19,20,10,9910
19,20,11,9911
19,20,12,9912
19,20,13,9913
19,20,14,9914
19,20,15,9915
19,20,16,9916
19,20,17,9917
19,20,18,9918
19,20,19,9919
19,21,0,9920
19,21,1,9921
19,21,2,9922
19,21,3,9923
19,21,4,9924
19,21,5,9925
19,21,6,9926
19,21,7,9927
19,21,8,9928
19,21,9,9929
19,21,10,9930
19,21,11,9931
19,21,12,9932
19,21,13,9933
19,21,14,9934
19,21,15,9935
19,21,16,9936
19,21,17,9937
19,21,18,9938
19,21,19,9939
19,22,0,9940
19,22,1,9941
19,22,2,9942
19,22,3,9943
19,22,4,9944
19,22,5,9945
19,22,6,9946
19,22,7,9947
19,22,8,9948
19,22,9,9949
19,22,10,9950
19,22,11,9951
19,22,12,9952
19,22,13,9953
19,22,14,9954
19,22,15,9955
19,22,16,9956
19,22,17,9957
19,22,18,9958
19,22,19,9959
19,23,0,9960
19,23,1,9961
19,23,2,9962
19,23,3,9963
19,23,4,9964
19,23,5,9965
19,23,6,9966
19,23,7,9967
19,23,8,9968
19,23,9,9969
19,23,10,9970
19,23,11,9971
19,23,12,9972
19,23,13,9973
19,23,14,9974
19,23,15,9975
19,23,16,9976
19,23,17,9977
19,23,18,9978
19,23,19,9979
19,24,0,9980
19,24,1,9981
19,24,2,9982
19,24,3,9983
19,24,4,9984
19,24,5,9985
19,24,6,9986
19,24,7,9987
19,24,8,9988
19,24,9,9989
19,24,10,9990
19,24,11,9991
19,24,12,9992
19,24,13,9993
19,24,14,9994
19,24,15,9995
19,24,16,9996
19,24,17,9997
19,24,18,9998
19,24,19,9999
